return_id,order_id,return_date,return_reason,refund_amount
1,16,2025-01-02,Wrong Item,715.74
2,17,2025-10-18,Wrong Item,33.23
3,21,2025-10-06,Size Issue,191.03
4,37,2025-03-18,Wrong Item,67.77
5,44,2024-02-29,Customer Changed Mind,270.57
6,62,2024-12-15,Late Delivery,49.79
7,64,2025-11-17,Poor Quality,328.48
8,76,2025-12-23,Size Issue,303.7
9,86,2025-07-04,Size Issue,582.41
10,91,2025-09-24,Late Delivery,123.34
11,103,2024-01-31,Late Delivery,74.14
12,134,2025-10-31,Size Issue,129.45
13,136,2024-01-11,Size Issue,167.03
14,149,2024-08-25,Damaged,132.24
15,167,2024-10-18,Customer Changed Mind,78.07
16,176,2024-04-30,Wrong Item,37.55
17,200,2025-02-28,Customer Changed Mind,258.66
18,203,2025-05-29,Poor Quality,150.81
19,210,2024-04-24,Size Issue,46.03
20,215,2025-11-24,Damaged,644.51
21,221,2023-10-05,Size Issue,99.81
22,228,2025-09-17,Customer Changed Mind,175.06
23,238,2024-09-06,Wrong Item,233.28
24,239,2024-12-03,Damaged,27.69
25,255,2023-11-02,Wrong Item,527.28
26,256,2025-03-20,Customer Changed Mind,45.06
27,268,2026-01-14,Size Issue,177.42
28,272,2024-11-22,Customer Changed Mind,25.26
29,277,2026-01-24,Wrong Item,78.52
30,282,2025-05-28,size issue,67.9
31,289,2025-10-22,Customer Changed Mind,46.36
32,297,2024-10-19,Late Delivery,76.95
33,308,2024-02-12,Damaged,159.36
34,312,2024-06-09,Wrong Item,463.26
35,313,2024-11-06,Damaged,273.53
36,320,2024-08-28,Size Issue,88.95
37,321,2025-07-12,Size Issue,79.4
38,324,2025-05-14,Size Issue,155.71
39,330,2024-12-03,Damaged,962.63
40,338,2025-03-07,Size Issue,534.52
41,343,2025-03-09,Poor Quality,147.11
42,365,2025-11-11,Damaged,444.22
43,378,2025-12-14,Damaged,258.03
44,383,2023-12-09,Late Delivery,171.81
45,384,2025-04-16,Late Delivery,283.51
46,389,2025-05-13,Wrong Item,837.31
47,401,2025-06-02,Wrong Item,570.48
48,403,2025-03-22,Poor Quality,744.13
49,419,2025-05-24,Wrong Item,142.06
50,420,2024-08-01,Size Issue,204.11
51,423,2024-07-30,Size Issue,143.42
52,437,2025-08-31,Poor Quality,385.29
53,440,2026-01-24,Size Issue,39.8
54,447,2025-09-10,Damaged,125.23
55,453,2024-10-17,Size Issue,114.13
56,467,2025-09-08,Wrong Item,254.71
57,477,2025-11-10,Poor Quality,395.8
58,479,2025-07-29,Size Issue,157.92
59,484,2025-09-11,Late Delivery,166.52
60,488,2025-09-11,Wrong Item,319.47
61,497,2024-09-01,Size Issue,13.74
62,511,2024-12-26,Size Issue,459.67
63,513,2024-09-27,Wrong Item,70.51
64,521,2025-07-08,Wrong Item,136.61
65,545,2023-03-13,Size Issue,91.3
66,546,2024-10-31,Customer Changed Mind,87.98
67,554,2024-12-16,Size Issue,81.91
68,555,2025-02-14,Customer Changed Mind,46.07
69,558,2025-08-25,Customer Changed Mind,62.13
70,562,2025-03-04,Late Delivery,49.9
71,575,2024-05-24,Late Delivery,106.91
72,579,2025-12-13,Poor Quality,54.7
73,604,2025-05-29,Poor Quality,35.1
74,609,2025-06-06,Damaged,133.38
75,617,2025-12-08,Wrong Item,83.85
76,620,2025-05-18,Customer Changed Mind,40.2
77,625,2024-10-24,Size Issue,296.99
78,629,2025-02-07,Late Delivery,227.42
79,635,2025-08-30,Wrong Item,69.49
80,641,2024-08-25,Damaged,66.03
81,670,2025-06-21,Wrong Item,329.13
82,694,2026-01-10,Poor Quality,30.48
83,696,2025-04-08,Damaged,177.83
84,704,2025-09-06,Wrong Item,34.95
85,730,2025-06-24,Poor Quality,140.55
86,756,2025-12-11,Poor Quality,95.87
87,763,2024-11-22,Size Issue,109.87
88,767,2023-11-20,Size Issue,473.98
89,781,2025-03-08,Poor Quality,353.71
90,792,2024-09-06,Customer Changed Mind,292.99
91,793,2025-08-27,Poor Quality,166.67
92,795,2025-05-18,Size Issue,313.52
93,826,2025-05-24,Size Issue,362.5
94,831,2025-07-07,Wrong Item,376.73
95,833,2026-01-20,Customer Changed Mind,22.19
96,850,2026-01-13,Size Issue,116.25
97,855,2025-10-31,Size Issue,119.02
98,866,2025-01-17,Late Delivery,944.29
99,868,2025-09-30,Customer Changed Mind,36.7
100,874,2025-06-18,Late Delivery,85.61
101,876,2025-09-12,Damaged,913.16
102,882,2024-12-29,Wrong Item,841.21
103,884,2024-12-28,Poor Quality,64.04
104,885,2024-12-28,Late Delivery,53.12
105,886,2025-05-28,Poor Quality,61.28
106,887,2025-12-16,Size Issue,118.03
107,893,2025-10-25,Size Issue,204.98
108,894,2026-01-15,Wrong Item,220.14
109,903,2025-12-10,Customer Changed Mind,27.56
110,912,2025-12-23,Late Delivery,246.53
111,916,2025-11-24,Late Delivery,197.16
112,923,2024-11-16,Wrong Item,255.28
113,931,2024-07-20,Size Issue,109.19
114,936,2023-03-29,Poor Quality,107.21
115,938,2025-08-23,Damaged,33.19
116,957,2026-01-19,Damaged,522.11
117,958,2025-07-23,Wrong Item,184.03
118,963,2025-08-26,Poor Quality,64.68
119,964,2024-05-22,Size Issue,28.74
120,970,2024-07-13,Poor Quality,289.19
121,975,2025-10-04,Wrong Item,54.28
122,985,2025-10-19,Customer Changed Mind,98.3
123,1010,2024-10-13,Customer Changed Mind,134.41
124,1026,2025-05-26,Late Delivery,168.08
125,1029,2024-02-10,Size Issue,160.91
126,1033,2024-02-29,Late Delivery,553.19
127,1043,2025-08-27,Size Issue,68.95
128,1050,2025-01-25,Size Issue,171.64
129,1078,2025-11-02,Size Issue,81.8
130,1104,2025-11-02,Wrong Item,523.35
131,1111,2026-01-26,Wrong Item,44.12
132,1113,2025-09-17,Wrong Item,144.35
133,1119,2025-04-12,Poor Quality,133.74
134,1121,2026-01-10,Size Issue,189.62
135,1128,2025-06-28,Size Issue,335.57
136,1139,2025-08-13,Size Issue,18.77
137,1144,2025-03-27,Damaged,55.93
138,1157,2025-12-23,Poor Quality,481.99
139,1158,2025-10-02,Damaged,37.43
140,1182,2024-02-18,Size Issue,114.0
141,1187,2025-12-16,Late Delivery,357.01
142,1191,2025-09-04,Damaged,226.75
143,1200,2025-06-06,Size Issue,122.27
144,1211,2026-01-23,Size Issue,521.27
145,1229,2025-11-25,Size Issue,39.28
146,1235,2024-12-26,Size Issue,146.24
147,1240,2025-08-17,Late Delivery,246.37
148,1245,2025-02-10,Customer Changed Mind,248.07
149,1258,2025-04-30,Size Issue,55.59
150,1262,2026-01-11,Size Issue,470.99
151,1270,2025-05-08,Damaged,352.86
152,1273,2024-03-25,Late Delivery,68.14
153,1287,2024-11-28,Damaged,204.62
154,1289,2025-02-03,Size Issue,327.35
155,1314,2026-01-02,Damaged,446.65
156,1334,2025-06-27,Damaged,52.48
157,1338,2024-04-21,Wrong Item,388.22
158,1343,2025-11-13,Damaged,115.04
159,1346,2025-03-19,Damaged,486.59
160,1352,2025-08-30,Customer Changed Mind,176.55
161,1369,2024-12-01,Damaged,427.15
162,1374,2025-05-03,Customer Changed Mind,334.69
163,1378,2025-04-27,Wrong Item,767.81
164,1383,2025-10-17,Late Delivery,33.88
165,1384,2025-01-05,Size Issue,222.97
166,1407,2023-10-03,Size Issue,130.72
167,1419,2024-02-22,Damaged,62.24
168,1431,2025-05-23,Damaged,70.7
169,1433,2025-12-31,Wrong Item,41.22
170,1446,2025-06-22,Late Delivery,75.46
171,1447,2025-06-21,Wrong Item,270.02
172,1450,2025-10-19,Late Delivery,110.29
173,1451,2025-04-17,Poor Quality,15.91
174,1452,2023-11-07,Poor Quality,490.93
175,1469,2024-09-10,Size Issue,267.91
176,1470,2025-11-02,Late Delivery,154.57
177,1471,2025-04-28,Wrong Item,52.91
178,1481,2026-01-07,Customer Changed Mind,480.22
179,1495,2025-08-31,Customer Changed Mind,93.2
180,1507,2025-04-02,Customer Changed Mind,66.69
181,1509,2025-08-14,Late Delivery,72.7
182,1518,2023-12-17,Late Delivery,299.71
183,1519,2025-03-29,Late Delivery,220.16
184,1520,2025-05-29,Damaged,171.01
185,1523,2025-11-18,Damaged,92.23
186,1524,2025-08-23,Wrong Item,435.77
187,1527,2025-09-30,Size Issue,382.13
188,1534,2025-09-30,Size Issue,190.5
189,1547,2024-03-20,Poor Quality,14.07
190,1551,2025-08-23,Damaged,36.54
191,1553,2024-05-21,Customer Changed Mind,202.84
192,1560,2025-05-04,Damaged,226.54
193,1565,2025-08-13,Customer Changed Mind,333.24
194,1567,2025-05-11,Poor Quality,507.04
195,1568,2024-03-10,Damaged,52.44
196,1570,2025-11-03,Customer Changed Mind,42.63
197,1574,2024-10-09,Poor Quality,393.07
198,1575,2025-05-11,Size Issue,7.62
199,1576,2025-09-03,Size Issue,423.35
200,1578,2025-01-15,Size Issue,237.45
201,1589,2025-03-03,Poor Quality,399.23
202,1590,2024-05-05,Damaged,86.61
203,1591,2025-02-25,Wrong Item,175.07
204,1597,2025-02-10,Customer Changed Mind,45.82
205,1618,2025-08-16,Size Issue,19.82
206,1622,2025-07-07,Late Delivery,133.9
207,1631,2024-06-15,Damaged,400.15
208,1635,2025-02-26,Damaged,90.86
209,1649,2026-01-13,Late Delivery,584.9
210,1652,2024-10-15,Wrong Item,109.79
211,1666,2025-03-16,Wrong Item,31.25
212,1671,2025-03-19,Customer Changed Mind,157.83
213,1682,2025-04-06,Late Delivery,1042.78
214,1689,2025-10-26,Poor Quality,103.51
215,1701,2023-11-17,Damaged,61.13
216,1706,2026-01-25,Late Delivery,88.48
217,1735,2024-02-03,Size Issue,35.26
218,1738,2025-11-12,Customer Changed Mind,288.73
219,1740,2024-07-12,Customer Changed Mind,11.85
220,1760,2025-01-22,Wrong Item,275.56
221,1766,2024-12-11,Damaged,490.59
222,1775,2025-12-14,Wrong Item,110.52
223,1777,2024-07-08,Wrong Item,270.03
224,1783,2024-08-03,Customer Changed Mind,64.48
225,1784,2025-10-10,Size Issue,556.26
226,1794,2026-01-05,Damaged,70.78
227,1795,2024-07-14,Damaged,51.5
228,1799,2025-12-02,Late Delivery,291.13
229,1809,2023-09-26,Wrong Item,316.27
230,1819,2025-01-16,Wrong Item,149.88
231,1823,2025-07-12,Size Issue,285.5
232,1836,2024-06-02,Poor Quality,272.66
233,1850,2024-06-10,Damaged,225.53
234,1871,2025-05-14,Damaged,308.31
235,1879,2024-11-22,Damaged,209.9
236,1889,2024-12-06,Damaged,614.26
237,1894,2025-02-28,Poor Quality,483.3
238,1900,2025-11-26,Late Delivery,166.98
239,1901,2025-12-28,Damaged,78.43
240,1923,2024-07-04,Wrong Item,76.22
241,1928,2024-02-22,Poor Quality,249.91
242,1937,2024-02-01,Wrong Item,20.24
243,1959,2025-04-21,Size Issue,385.8
244,1963,2025-01-01,Size Issue,140.48
245,1969,2026-01-02,Wrong Item,542.15
246,1977,2025-04-19,Size Issue,49.82
247,1979,2025-11-26,Wrong Item,58.96
248,1986,2025-10-26,Size Issue,61.25
249,1993,2025-08-02,Damaged,49.19
250,1999,2024-12-26,Customer Changed Mind,225.31
251,2003,2024-06-01,Poor Quality,175.43
252,2008,2026-01-10,Damaged,25.94
253,2019,2024-09-22,Poor Quality,610.23
254,2035,2025-05-11,Late Delivery,34.94
255,2037,2024-09-18,Size Issue,122.91
256,2049,2024-10-13,Poor Quality,117.34
257,2051,2024-08-14,Size Issue,701.59
258,2068,2023-07-21,Customer Changed Mind,42.24
259,2073,2025-12-17,Poor Quality,67.92
260,2079,2024-10-22,Customer Changed Mind,52.51
261,2086,2025-07-09,Size Issue,245.19
262,2089,2024-09-18,Customer Changed Mind,410.74
263,2098,2026-01-27,Poor Quality,62.93
264,2100,2025-08-03,Poor Quality,165.99
265,2105,2024-11-02,Damaged,149.83
266,2107,2023-06-08,Size Issue,153.31
267,2137,2025-11-17,Size Issue,134.1
268,2147,2026-01-11,Late Delivery,333.44
269,2154,2025-12-13,Late Delivery,104.92
270,2162,2025-08-22,Poor Quality,41.37
271,2173,2024-05-26,Damaged,600.83
272,2178,2025-05-01,Damaged,1279.5
273,2202,2026-01-03,Late Delivery,661.85
274,2218,2024-04-19,Customer Changed Mind,128.17
275,2224,2024-07-05,Late Delivery,103.35
276,2226,2025-07-28,Size Issue,470.95
277,2242,2025-06-22,Late Delivery,176.65
278,2256,2023-05-09,Customer Changed Mind,26.99
279,2257,2024-11-02,Wrong Item,342.3
280,2258,2024-08-10,Customer Changed Mind,60.91
281,2266,2024-08-25,Wrong Item,390.39
282,2280,2025-11-11,Size Issue,947.48
283,2282,2025-12-20,Customer Changed Mind,97.5
284,2288,2023-11-15,Customer Changed Mind,62.91
285,2294,2025-06-20,Poor Quality,163.36
286,2300,2026-01-26,Late Delivery,53.32
287,2307,2026-01-23,Late Delivery,244.7
288,2311,2025-06-21,Size Issue,261.6
289,2316,2025-06-23,Late Delivery,255.01
290,2324,2025-08-12,Late Delivery,123.62
291,2325,2025-03-13,Customer Changed Mind,284.43
292,2328,2025-07-17,Wrong Item,148.9
293,2330,2025-04-23,Size Issue,105.39
294,2341,2026-01-21,Late Delivery,665.68
295,2349,2026-01-16,Poor Quality,22.9
296,2362,2025-05-16,Customer Changed Mind,193.35
297,2378,2024-06-11,Wrong Item,23.34
298,2388,2025-12-10,Late Delivery,303.41
299,2395,2025-09-10,Late Delivery,241.96
300,2397,2025-05-18,Wrong Item,876.93
301,2407,2024-01-02,Size Issue,54.59
302,2421,2025-12-30,Damaged,474.96
303,2433,2024-07-15,Late Delivery,53.16
304,2458,2024-07-19,Customer Changed Mind,146.92
305,2462,2025-07-02,Poor Quality,175.22
306,2467,2025-12-02,Damaged,166.36
307,2468,2025-12-08,Poor Quality,382.42
308,2471,2025-11-18,Size Issue,24.36
309,2494,2023-12-09,Wrong Item,128.22
310,2496,2025-06-11,Damaged,465.7
311,2498,2024-09-08,Customer Changed Mind,329.16
312,2509,2025-09-09,Late Delivery,83.25
313,2530,2025-07-14,Size Issue,112.86
314,2533,2025-08-31,Poor Quality,209.89
315,2534,2025-05-11,Poor Quality,547.56
316,2535,2025-05-13,Customer Changed Mind,118.69
317,2553,2025-01-23,Late Delivery,60.84
318,2558,2025-01-03,Size Issue,96.45
319,2561,2024-08-10,Size Issue,462.31
320,2569,2024-02-23,Wrong Item,32.99
321,2570,2023-12-12,Poor Quality,10.16
322,2584,2025-03-11,Size Issue,456.36
323,2589,2024-09-28,Poor Quality,28.62
324,2599,2024-11-17,Customer Changed Mind,225.17
325,2601,2024-03-06,Late Delivery,398.0
326,2613,2025-12-11,Poor Quality,172.52
327,2631,2026-01-04,Customer Changed Mind,227.59
328,2635,2025-01-25,Poor Quality,87.71
329,2647,2026-01-20,Wrong Item,215.88
330,2689,2025-10-15,Size Issue,274.42
331,2691,2025-04-21,Size Issue,321.82
332,2699,2025-07-13,Late Delivery,560.24
333,2702,2025-01-10,Damaged,593.16
334,2710,2025-04-19,Customer Changed Mind,91.05
335,2715,2026-01-09,Damaged,157.62
336,2716,2025-11-29,Size Issue,821.85
337,2719,2026-01-26,Size Issue,630.73
338,2724,2025-08-18,Late Delivery,493.87
339,2732,2025-12-23,Customer Changed Mind,274.56
340,2742,2025-04-01,Customer Changed Mind,126.15
341,2746,2025-11-23,Size Issue,112.55
342,2765,2025-12-18,Wrong Item,41.46
343,2775,2025-02-26,Customer Changed Mind,111.41
344,2788,2025-05-15,Size Issue,207.69
345,2796,2026-01-11,Damaged,329.52
346,2810,2025-06-21,Late Delivery,409.71
347,2821,2023-11-12,Customer Changed Mind,358.52
348,2839,2024-05-26,Wrong Item,32.76
349,2846,2026-01-24,Late Delivery,106.15
350,2861,2024-01-08,Late Delivery,35.75
351,2864,2025-10-06,Wrong Item,108.81
352,2870,2024-05-20,Size Issue,437.59
353,2877,2025-04-30,Size Issue,48.33
354,2878,2024-10-03,Poor Quality,70.89
355,2879,2025-12-07,Size Issue,474.11
356,2881,2025-06-04,Late Delivery,40.67
357,2884,2023-08-15,Customer Changed Mind,45.07
358,2887,2025-12-30,Late Delivery,329.91
359,2898,2024-08-26,Poor Quality,43.89
360,2923,2026-01-15,Customer Changed Mind,27.67
361,2935,2025-04-18,Customer Changed Mind,306.78
362,2936,2025-09-20,Late Delivery,41.06
363,2944,2025-12-23,Wrong Item,11.36
364,2954,2024-09-23,Late Delivery,217.94
365,2956,2025-11-26,Late Delivery,142.73
366,2958,2025-08-22,Wrong Item,50.5
367,2961,2024-11-30,Late Delivery,786.44
368,2963,2024-10-19,Size Issue,430.51
369,2981,2025-06-08,Size Issue,834.12
370,2983,2025-12-27,Late Delivery,428.54
371,3016,2024-10-03,Customer Changed Mind,71.47
372,3020,2024-10-23,Size Issue,105.53
373,3030,2025-12-09,Customer Changed Mind,762.66
374,3045,2025-03-16,Customer Changed Mind,190.77
375,3046,2024-12-02,Damaged,98.43
376,3047,2024-11-15,Poor Quality,118.16
377,3054,2024-11-10,Late Delivery,156.32
378,3059,2026-01-13,Size Issue,469.67
379,3071,2025-05-27,Damaged,564.36
380,3073,2023-12-08,Wrong Item,771.03
381,3086,2025-05-11,Customer Changed Mind,223.87
382,3094,2025-08-27,Size Issue,166.96
383,3101,2025-09-21,Customer Changed Mind,78.0
384,3104,2024-04-24,Poor Quality,541.91
385,3125,2026-01-03,Customer Changed Mind,84.14
386,3126,2025-08-20,Size Issue,204.1
387,3128,2026-01-13,Size Issue,182.93
388,3139,2025-04-13,Customer Changed Mind,319.64
389,3143,2025-10-14,Size Issue,34.77
390,3152,2025-08-19,Late Delivery,93.13
391,3156,2024-07-31,Customer Changed Mind,26.76
392,3166,2025-12-19,Size Issue,17.13
393,3184,2025-04-24,Damaged,490.77
394,3186,2025-08-23,Late Delivery,63.23
395,3202,2025-12-08,Size Issue,35.22
396,3220,2025-01-05,Late Delivery,48.25
397,3231,2025-12-14,Size Issue,133.69
398,3237,2025-07-25,Late Delivery,114.68
399,3241,2025-12-28,Damaged,46.88
400,3248,2025-10-26,Customer Changed Mind,267.59
401,3261,2025-01-06,Poor Quality,117.32
402,3281,2023-08-14,Wrong Item,33.52
403,3286,2025-12-20,Late Delivery,356.78
404,3296,2024-12-20,Wrong Item,182.53
405,3305,2024-06-13,Damaged,1391.24
406,3313,2026-01-03,Late Delivery,408.55
407,3316,2025-09-19,Customer Changed Mind,298.17
408,3320,2025-10-04,Damaged,205.65
409,3322,2025-06-18,Size Issue,12.32
410,3325,2024-12-15,Size Issue,78.55
411,3326,2024-09-13,Late Delivery,334.08
412,3334,2025-09-14,Size Issue,201.96
413,3335,2025-10-20,Wrong Item,112.99
414,3336,2025-09-20,Poor Quality,137.16
415,3341,2025-11-15,Late Delivery,753.3
416,3343,2023-12-09,Wrong Item,97.17
417,3344,2024-08-22,Damaged,624.63
418,3350,2024-12-22,Size Issue,50.39
419,3358,2025-01-03,Wrong Item,242.87
420,3359,2025-04-01,Customer Changed Mind,222.08
421,3375,2025-06-10,Wrong Item,31.55
422,3396,2024-01-15,Poor Quality,37.55
423,3399,2025-11-28,Customer Changed Mind,97.61
424,3405,2025-12-23,Damaged,72.45
425,3406,2025-12-01,Wrong Item,28.8
426,3407,2024-06-02,Customer Changed Mind,106.39
427,3414,2025-11-10,Size Issue,532.14
428,3424,2025-09-12,Customer Changed Mind,108.93
429,3425,2025-09-02,Customer Changed Mind,93.57
430,3428,2026-01-13,Damaged,194.47
431,3429,2026-01-03,Late Delivery,441.33
432,3433,2025-07-24,Late Delivery,170.13
433,3436,2024-07-03,Customer Changed Mind,114.8
434,3447,2025-07-31,Size Issue,365.64
435,3449,2025-01-08,Damaged,280.31
436,3453,2026-01-04,Late Delivery,12.93
437,3464,2025-11-08,Poor Quality,422.4
438,3477,2025-12-30,Damaged,396.27
439,3483,2025-04-01,Damaged,72.55
440,3485,2025-01-24,Damaged,371.64
441,3495,2024-08-05,Size Issue,1097.91
442,3496,2024-12-18,Late Delivery,329.74
443,3501,2025-12-02,Late Delivery,300.69
444,3513,2025-02-21,Damaged,353.2
445,3515,2025-08-30,Size Issue,38.6
446,3519,2025-08-06,Poor Quality,29.29
447,3530,2024-04-25,Wrong Item,597.73
448,3540,2025-08-09,Late Delivery,139.42
449,3553,2024-04-27,Poor Quality,90.76
450,3581,2025-10-22,Size Issue,156.09
451,3582,2024-01-19,Customer Changed Mind,373.54
452,3583,2026-01-17,Poor Quality,31.68
453,3595,2025-11-26,Poor Quality,154.35
454,3598,2024-07-23,Size Issue,179.23
455,3604,2025-07-05,Damaged,60.12
456,3607,2025-06-02,Size Issue,281.03
457,3610,2024-05-16,Wrong Item,56.9
458,3618,2024-09-19,Poor Quality,81.34
459,3630,2025-11-17,Poor Quality,51.0
460,3638,2026-01-15,Poor Quality,12.31
461,3639,2025-06-14,Size Issue,514.14
462,3645,2024-05-14,Damaged,264.31
463,3650,2025-01-24,Wrong Item,879.57
464,3654,2024-05-17,Poor Quality,589.92
465,3669,2023-09-19,Poor Quality,1028.56
466,3700,2025-03-13,Wrong Item,41.47
467,3706,2025-04-09,Poor Quality,302.85
468,3707,2025-10-07,Customer Changed Mind,130.24
469,3720,2024-05-16,Size Issue,185.77
470,3726,2025-07-21,Wrong Item,440.13
471,3746,2025-08-04,Wrong Item,36.79
472,3747,2025-12-31,Poor Quality,169.31
473,3784,2025-11-25,Damaged,184.04
474,3793,2023-10-29,Size Issue,155.54
475,3809,2024-12-29,Poor Quality,561.53
476,3812,2025-01-28,Damaged,183.79
477,3815,2024-03-14,Poor Quality,306.1
478,3816,2024-01-21,Size Issue,56.96
479,3818,2026-01-06,Late Delivery,254.6
480,3824,2023-12-18,Size Issue,70.84
481,3825,2025-11-08,Size Issue,11.49
482,3831,2023-07-18,Size Issue,650.86
483,3848,2025-01-16,Damaged,230.04
484,3853,2024-09-11,Wrong Item,137.13
485,3855,2024-11-20,Size Issue,54.03
486,3859,2025-05-04,Poor Quality,134.31
487,3862,2025-08-19,Late Delivery,33.1
488,3876,2026-01-28,Size Issue,33.55
489,3886,2025-06-04,Late Delivery,66.55
490,3891,2026-01-01,Poor Quality,535.88
491,3894,2025-10-02,Size Issue,101.8
492,3901,2025-11-21,Size Issue,193.15
493,3903,2025-10-16,Late Delivery,108.03
494,3911,2025-11-19,poor quality,711.98
495,3935,2025-11-18,Poor Quality,397.41
496,3942,2025-05-09,Size Issue,202.15
497,3945,2025-10-29,Customer Changed Mind,503.92
498,3954,2025-09-04,Damaged,63.89
499,3971,2025-12-02,Wrong Item,32.6
500,3975,2026-01-18,Damaged,1076.03
501,3985,2025-01-27,Poor Quality,136.07
502,3987,2026-01-18,Size Issue,259.14
503,3999,2026-01-14,Customer Changed Mind,287.59
504,4002,2025-03-07,Size Issue,112.37
505,4008,2024-03-14,Damaged,105.96
506,4009,2025-06-12,Damaged,314.69
507,4012,2025-08-04,Customer Changed Mind,165.41
508,4013,2026-01-17,Poor Quality,508.4
509,4017,2025-07-04,Poor Quality,35.04
510,4051,2025-12-13,Size Issue,168.68
511,4074,2024-05-14,Poor Quality,106.09
512,4083,2025-12-04,Damaged,692.9
513,4086,2025-09-18,Late Delivery,285.77
514,4101,2026-01-02,Size Issue,378.06
515,4109,2025-05-12,Wrong Item,275.93
516,4125,2025-11-08,Wrong Item,275.67
517,4155,2025-06-29,Size Issue,33.7
518,4162,2024-10-12,Poor Quality,252.77
519,4167,2025-01-18,Damaged,118.34
520,4171,2024-07-13,Customer Changed Mind,716.06
521,4183,2025-08-18,Poor Quality,229.21
522,4189,2025-05-23,Damaged,113.36
523,4204,2025-07-30,Damaged,448.37
524,4207,2025-10-04,Damaged,76.7
525,4222,2025-04-29,Late Delivery,79.2
526,4223,2024-10-16,Damaged,26.83
527,4240,2025-10-04,Wrong Item,171.19
528,4241,2025-12-03,Size Issue,6.07
529,4251,2024-08-05,Wrong Item,124.88
530,4259,2025-04-30,Customer Changed Mind,273.48
531,4285,2025-09-12,Wrong Item,19.05
532,4292,2024-11-13,Poor Quality,100.19
533,4295,2024-12-28,Late Delivery,117.26
534,4302,2025-10-20,Size Issue,42.71
535,4304,2025-11-27,Poor Quality,432.81
536,4312,2023-12-11,Size Issue,354.61
537,4320,2025-01-22,Wrong Item,28.98
538,4325,2025-12-03,Wrong Item,257.26
539,4331,2025-04-04,Customer Changed Mind,306.37
540,4332,2025-06-20,Size Issue,487.03
541,4357,2023-11-10,Size Issue,410.42
542,4375,2024-09-20,Damaged,73.95
543,4378,2025-12-16,Customer Changed Mind,449.72
544,4383,2024-12-30,Late Delivery,284.84
545,4404,2024-08-16,Wrong Item,88.22
546,4405,2025-04-09,Late Delivery,362.41
547,4410,2024-08-18,Poor Quality,430.72
548,4416,2024-11-07,Customer Changed Mind,318.51
549,4422,2024-04-10,Customer Changed Mind,106.22
550,4426,2025-09-30,Customer Changed Mind,73.52
551,4431,2024-11-09,Customer Changed Mind,259.11
552,4455,2025-09-03,Size Issue,585.75
553,4463,2024-10-21,Damaged,98.77
554,4479,2025-08-04,Late Delivery,403.52
555,4490,2025-04-03,Late Delivery,112.36
556,4495,2024-12-25,Size Issue,36.0
557,4515,2024-06-29,Poor Quality,87.5
558,4517,2024-06-23,Size Issue,161.04
559,4523,2025-12-04,Poor Quality,338.54
560,4526,2025-09-12,Size Issue,51.81
561,4534,2024-09-28,Damaged,344.54
562,4535,2025-07-19,Size Issue,385.91
563,4544,2025-10-23,Late Delivery,56.09
564,4565,2025-09-13,Size Issue,994.52
565,4573,2025-12-28,Damaged,345.79
566,4587,2025-05-26,Size Issue,215.61
567,4593,2026-01-21,Poor Quality,215.29
568,4607,2025-05-30,Size Issue,614.28
569,4612,2025-06-11,Damaged,32.65
570,4614,2025-06-17,Size Issue,50.57
571,4618,2024-05-27,Poor Quality,74.85
572,4624,2025-10-27,Late Delivery,162.37
573,4629,2024-12-09,Size Issue,386.89
574,4630,2025-05-21,Late Delivery,300.42
575,4635,2025-08-19,Damaged,82.64
576,4645,2024-01-28,Customer Changed Mind,29.88
577,4662,2025-02-08,Customer Changed Mind,99.21
578,4665,2025-10-06,Size Issue,27.52
579,4673,2024-01-09,Customer Changed Mind,557.59
580,4690,2024-09-19,Customer Changed Mind,64.75
581,4696,2025-10-06,Wrong Item,120.38
582,4708,2026-01-23,Poor Quality,66.38
583,4712,2025-07-19,Poor Quality,48.93
584,4715,2025-11-14,Size Issue,45.06
585,4722,2024-09-24,Customer Changed Mind,35.27
586,4730,2025-04-04,Damaged,573.22
587,4734,2025-05-08,Late Delivery,82.79
588,4738,2024-12-28,Damaged,223.47
589,4739,2025-11-21,Customer Changed Mind,166.57
590,4743,2025-12-19,Size Issue,120.13
591,4746,2025-11-25,Size Issue,185.14
592,4748,2025-04-26,Wrong Item,465.82
593,4753,2025-10-03,Late Delivery,109.53
594,4773,2024-08-13,Poor Quality,28.71
595,4791,2025-08-30,Damaged,497.63
596,4800,2023-12-31,Poor Quality,43.36
597,4811,2025-12-22,Late Delivery,320.54
598,4829,2025-11-24,Poor Quality,260.77
599,4854,2025-10-23,Late Delivery,124.72
600,4889,2024-12-31,Late Delivery,62.11
601,4897,2025-01-31,Poor Quality,196.75
602,4902,2025-05-23,Damaged,110.51
603,4907,2025-11-14,Late Delivery,88.11
604,4910,2024-11-05,Late Delivery,67.26
605,4911,2026-01-21,Customer Changed Mind,75.2
606,4914,2024-04-14,Customer Changed Mind,466.3
607,4923,2023-10-10,Damaged,141.46
608,4930,2025-12-17,Wrong Item,40.84
609,4931,2025-08-20,Wrong Item,148.5
610,4933,2025-05-11,Poor Quality,70.25
611,4935,2026-01-12,Customer Changed Mind,193.31
612,4947,2025-12-21,Damaged,10.79
613,4963,2025-12-09,Wrong Item,87.09
614,4968,2025-09-01,Wrong Item,83.88
615,4970,2025-03-06,Late Delivery,186.11
616,4976,2026-01-03,Wrong Item,24.91
617,4985,2024-04-18,Size Issue,50.08
618,4986,2025-12-29,Size Issue,143.09
619,5007,2024-12-13,Customer Changed Mind,305.08
620,5008,2025-11-25,Customer Changed Mind,115.37
621,5009,2025-09-18,Damaged,104.01
622,5025,2024-08-08,Late Delivery,86.9
623,5033,2025-10-01,Wrong Item,48.92
624,5034,2025-08-07,Customer Changed Mind,137.56
625,5074,2024-04-09,Size Issue,180.47
626,5077,2026-01-18,Size Issue,121.25
627,5078,2025-12-26,Customer Changed Mind,348.47
628,5079,2025-12-28,Size Issue,51.07
629,5080,2026-01-16,Poor Quality,722.31
630,5087,2025-12-01,Size Issue,390.86
631,5089,2025-12-03,Damaged,115.87
632,5093,2025-07-04,Size Issue,175.03
633,5102,2025-02-23,Customer Changed Mind,31.72
634,5108,2025-01-15,Poor Quality,47.5
635,5113,2024-09-01,Wrong Item,78.42
636,5127,2023-11-29,Damaged,400.59
637,5136,2025-05-27,Customer Changed Mind,37.46
638,5151,2025-11-03,Wrong Item,198.45
639,5161,2025-02-13,Wrong Item,101.48
640,5168,2026-01-07,Wrong Item,18.75
641,5176,2025-11-22,Poor Quality,43.5
642,5177,2025-05-09,Customer Changed Mind,10.66
643,5181,2024-04-15,Size Issue,40.06
644,5192,2025-11-18,Size Issue,768.17
645,5201,2025-03-23,Late Delivery,793.86
646,5206,2025-10-20,Customer Changed Mind,442.67
647,5223,2024-05-25,Customer Changed Mind,53.34
648,5232,2024-01-25,Wrong Item,405.2
649,5239,2024-10-24,Customer Changed Mind,303.3
650,5241,2024-04-14,Wrong Item,79.78
651,5245,2025-08-08,Damaged,40.59
652,5247,2025-01-09,Late Delivery,34.38
653,5254,2024-02-09,Customer Changed Mind,169.68
654,5258,2026-01-19,Customer Changed Mind,394.91
655,5267,2025-07-31,Customer Changed Mind,53.91
656,5277,2025-06-29,Customer Changed Mind,46.19
657,5285,2025-09-18,Customer Changed Mind,55.64
658,5287,2025-06-26,Size Issue,161.64
659,5298,2025-08-28,Damaged,521.41
660,5302,2025-08-30,Damaged,53.46
661,5307,2025-11-06,Wrong Item,649.17
662,5314,2025-07-18,Customer Changed Mind,51.2
663,5315,2024-10-15,Size Issue,38.72
664,5324,2024-02-27,Size Issue,278.61
665,5329,2026-01-03,Late Delivery,675.74
666,5334,2026-01-20,Late Delivery,461.46
667,5340,2025-03-30,Damaged,116.23
668,5342,2025-12-07,Late Delivery,39.42
669,5349,2026-01-19,Customer Changed Mind,65.59
670,5363,2024-07-08,Size Issue,251.49
671,5377,2025-06-14,Wrong Item,58.51
672,5380,2024-05-29,Size Issue,150.28
673,5382,2024-07-16,Damaged,333.22
674,5395,2025-12-21,Customer Changed Mind,483.52
675,5398,2025-12-02,Size Issue,38.51
676,5401,2025-03-23,Size Issue,38.93
677,5402,2025-06-02,Damaged,453.13
678,5407,2025-02-19,Size Issue,390.69
679,5413,2025-07-13,Poor Quality,577.8
680,5414,2026-01-07,Wrong Item,103.47
681,5417,2024-10-29,Wrong Item,85.9
682,5423,2024-10-23,Damaged,28.24
683,5429,2024-10-10,Poor Quality,111.17
684,5451,2025-05-04,Poor Quality,25.57
685,5486,2025-06-06,Size Issue,574.81
686,5500,2026-01-25,Damaged,255.66
687,5505,2024-03-23,Customer Changed Mind,73.02
688,5511,2025-11-23,Poor Quality,229.12
689,5523,2026-01-20,Size Issue,179.65
690,5534,2023-12-15,Poor Quality,595.4
691,5535,2025-05-25,Damaged,886.14
692,5536,2023-10-31,Poor Quality,395.95
693,5549,2024-03-21,Wrong Item,46.44
694,5569,2025-05-28,Wrong Item,68.36
695,5574,2023-04-21,Size Issue,649.93
696,5591,2025-08-23,Late Delivery,171.63
697,5595,2025-04-22,Late Delivery,57.15
698,5605,2026-01-04,Wrong Item,36.33
699,5626,2025-05-25,Damaged,190.19
700,5637,2024-01-14,Damaged,617.93
701,5639,2025-10-14,Poor Quality,46.27
702,5642,2025-10-30,Wrong Item,25.23
703,5652,2025-01-28,Damaged,160.32
704,5654,2024-12-27,Wrong Item,29.96
705,5668,2025-12-31,Size Issue,71.92
706,5682,2025-10-20,Poor Quality,405.47
707,5699,2025-12-13,Damaged,1118.82
708,5714,2024-03-13,Late Delivery,135.12
709,5721,2025-01-19,Damaged,46.74
710,5726,2024-12-07,Wrong Item,32.64
711,5737,2026-01-26,Customer Changed Mind,58.03
712,5752,2025-06-29,Wrong Item,34.69
713,5755,2025-10-01,Damaged,134.93
714,5761,2025-10-27,Customer Changed Mind,16.42
715,5765,2025-07-12,Customer Changed Mind,99.85
716,5767,2025-11-03,Wrong Item,261.72
717,5783,2026-01-28,Damaged,23.26
718,5784,2026-01-22,Size Issue,23.58
719,5797,2025-08-04,Size Issue,35.42
720,5807,2025-11-02,Late Delivery,195.46
721,5841,2026-01-26,Size Issue,105.57
722,5842,2024-04-05,Size Issue,45.59
723,5851,2025-10-13,Damaged,53.07
724,5861,2024-08-16,Damaged,30.21
725,5864,2023-12-06,Wrong Item,120.92
726,5867,2024-11-03,Poor Quality,97.3
727,5882,2023-12-25,Poor Quality,96.49
728,5885,2026-01-02,Late Delivery,664.84
729,5895,2025-05-21,Wrong Item,274.05
730,5897,2025-01-13,Customer Changed Mind,269.24
731,5911,2025-05-16,Customer Changed Mind,43.2
732,5919,2024-07-18,Size Issue,129.17
733,5926,2025-05-26,Customer Changed Mind,220.69
734,5927,2025-06-04,Size Issue,418.38
735,5931,2025-08-16,Late Delivery,34.1
736,5949,2024-08-16,Poor Quality,302.42
737,5956,2025-08-30,Customer Changed Mind,90.8
738,5967,2025-12-24,Customer Changed Mind,70.07
739,5968,2026-01-29,Late Delivery,153.82
740,5975,2025-04-25,Wrong Item,102.66
741,5981,2025-10-26,Customer Changed Mind,80.49
742,5992,2025-04-05,Late Delivery,229.99
743,5993,2025-08-15,Late Delivery,212.9
744,5996,2023-09-30,Late Delivery,26.42
745,6001,2025-04-18,Customer Changed Mind,304.99
746,6007,2025-12-29,Size Issue,79.48
747,6010,2025-10-10,Customer Changed Mind,365.99
748,6016,2026-01-25,Late Delivery,99.74
749,6020,2025-12-09,Damaged,313.01
750,6021,2024-12-22,Damaged,145.71
751,6035,2025-10-07,Late Delivery,610.84
752,6038,2026-01-13,Wrong Item,402.42
753,6043,2024-09-01,Damaged,34.85
754,6048,2025-10-12,Poor Quality,446.02
755,6059,2025-12-15,Late Delivery,36.35
756,6066,2025-08-04,Late Delivery,212.78
757,6075,2025-04-14,Damaged,41.83
758,6084,2024-08-22,customer changed mind,59.8
759,6098,2025-09-22,Customer Changed Mind,134.38
760,6124,2025-12-03,Size Issue,510.32
761,6129,2025-03-28,Size Issue,166.98
762,6139,2026-01-04,Wrong Item,533.03
763,6149,2025-07-17,Wrong Item,580.59
764,6150,2025-09-24,Wrong Item,176.58
765,6153,2025-08-23,Poor Quality,503.45
766,6155,2026-01-02,Damaged,128.03
767,6156,2023-07-05,Size Issue,563.47
768,6168,2025-12-04,Size Issue,349.82
769,6170,2025-02-14,Damaged,189.96
770,6173,2024-05-29,Size Issue,260.57
771,6175,2026-01-07,Size Issue,145.22
772,6177,2026-01-11,Size Issue,63.65
773,6181,2025-04-02,Damaged,359.6
774,6183,2025-06-12,Size Issue,717.39
775,6188,2026-01-16,Poor Quality,37.83
776,6195,2024-03-14,Poor Quality,223.73
777,6208,2025-12-27,Size Issue,427.75
778,6217,2025-06-29,Damaged,228.96
779,6220,2025-06-18,Late Delivery,542.26
780,6226,2025-09-14,Damaged,39.27
781,6230,2024-02-18,Late Delivery,120.32
782,6249,2025-04-04,Damaged,35.84
783,6251,2026-01-28,Poor Quality,40.66
784,6252,2024-03-06,Wrong Item,119.09
785,6265,2025-07-30,Size Issue,645.11
786,6266,2025-07-18,Size Issue,307.07
787,6270,2025-04-30,Damaged,163.35
788,6284,2025-10-07,Customer Changed Mind,89.79
789,6299,2025-06-20,Late Delivery,233.61
790,6328,2025-04-20,Customer Changed Mind,608.82
791,6332,2025-09-07,Damaged,67.48
792,6337,2025-06-07,Damaged,591.25
793,6342,2024-12-11,Size Issue,64.25
794,6343,2023-11-12,Size Issue,352.99
795,6368,2025-07-02,Poor Quality,228.37
796,6373,2025-04-16,Poor Quality,239.9
797,6377,2025-12-16,Size Issue,410.22
798,6392,2025-07-18,Damaged,132.43
799,6400,2025-07-28,Wrong Item,124.84
800,6416,2025-12-31,Size Issue,331.51
801,6419,2024-05-11,Wrong Item,73.03
802,6427,2025-12-24,Late Delivery,122.28
803,6440,2025-12-03,Wrong Item,52.76
804,6489,2025-01-30,Poor Quality,376.49
805,6491,2025-07-03,Customer Changed Mind,103.58
806,6495,2026-01-24,Customer Changed Mind,167.37
807,6498,2025-10-09,Size Issue,257.88
808,6499,2026-01-18,Wrong Item,141.21
809,6500,2025-03-27,Wrong Item,119.82
810,6511,2023-11-29,Customer Changed Mind,50.02
811,6559,2025-12-06,Damaged,317.49
812,6562,2024-12-22,Late Delivery,143.54
813,6572,2025-03-07,Wrong Item,293.39
814,6575,2025-12-25,Customer Changed Mind,27.42
815,6582,2024-03-31,Late Delivery,377.1
816,6587,2025-12-18,Customer Changed Mind,91.3
817,6607,2024-02-11,Late Delivery,149.86
818,6613,2025-08-20,Damaged,52.82
819,6622,2025-09-03,Wrong Item,21.8
820,6624,2025-09-12,Customer Changed Mind,161.17
821,6641,2023-12-01,Late Delivery,431.16
822,6652,2024-12-12,Customer Changed Mind,108.17
823,6656,2025-07-16,Damaged,130.63
824,6659,2025-11-26,Size Issue,199.61
825,6667,2025-09-10,Customer Changed Mind,474.57
826,6669,2024-05-19,Size Issue,54.82
827,6672,2024-04-19,Customer Changed Mind,145.6
828,6674,2026-01-13,Size Issue,570.58
829,6677,2025-12-22,Poor Quality,53.82
830,6681,2024-08-05,Size Issue,53.78
831,6690,2025-01-24,Late Delivery,249.73
832,6700,2026-01-05,Size Issue,32.93
833,6701,2024-11-22,Wrong Item,619.35
834,6720,2025-03-23,Size Issue,242.13
835,6730,2025-03-21,Customer Changed Mind,149.64
836,6740,2024-04-29,Size Issue,112.64
837,6741,2025-08-23,Wrong Item,91.36
838,6761,2024-11-18,Customer Changed Mind,15.77
839,6762,2024-05-19,Size Issue,294.84
840,6772,2024-11-15,Late Delivery,243.94
841,6791,2025-06-21,Poor Quality,16.27
842,6816,2025-07-18,Customer Changed Mind,15.26
843,6818,2023-12-07,Late Delivery,41.07
844,6820,2025-01-18,Wrong Item,146.57
845,6833,2023-07-12,Damaged,255.71
846,6839,2025-11-10,Late Delivery,33.35
847,6845,2025-12-23,Damaged,207.03
848,6846,2024-05-25,Damaged,259.26
849,6857,2024-10-26,Customer Changed Mind,543.99
850,6863,2024-12-13,Size Issue,103.78
851,6882,2025-07-22,Wrong Item,90.69
852,6884,2025-10-28,Customer Changed Mind,34.58
853,6892,2024-04-18,Size Issue,440.53
854,6894,2025-11-25,Wrong Item,245.05
855,6902,2025-06-10,Size Issue,89.94
856,6910,2025-06-08,Damaged,748.24
857,6914,2023-11-03,Late Delivery,29.28
858,6926,2025-10-22,Damaged,480.55
859,6945,2024-01-21,Late Delivery,133.16
860,6978,2025-07-31,Wrong Item,308.76
861,6984,2025-07-18,Late Delivery,167.27
862,6985,2024-11-15,Customer Changed Mind,324.64
863,6997,2025-12-18,Size Issue,355.6
864,7002,2025-12-22,Poor Quality,980.01
865,7003,2024-12-11,Size Issue,266.31
866,7018,2025-12-30,Customer Changed Mind,78.69
867,7021,2025-07-16,Size Issue,319.74
868,7023,2024-12-09,Customer Changed Mind,55.62
869,7031,2025-11-28,Damaged,508.88
870,7040,2026-01-19,Late Delivery,45.67
871,7049,2025-05-08,Late Delivery,24.31
872,7054,2025-02-21,Late Delivery,648.84
873,7058,2025-12-19,Damaged,35.64
874,7063,2025-11-13,Damaged,99.45
875,7067,2024-10-22,Poor Quality,55.74
876,7074,2026-01-07,Customer Changed Mind,87.84
877,7079,2025-10-24,Customer Changed Mind,24.6
878,7080,2025-07-18,Damaged,578.41
879,7081,2023-11-30,Damaged,53.23
880,7085,2025-02-23,Poor Quality,201.49
881,7092,2024-06-03,Wrong Item,512.91
882,7097,2025-09-09,Wrong Item,117.2
883,7105,2024-11-28,Wrong Item,322.84
884,7108,2024-09-21,Poor Quality,946.26
885,7109,2025-12-07,Size Issue,144.66
886,7110,2026-01-06,Customer Changed Mind,266.37
887,7113,2024-10-23,Customer Changed Mind,135.39
888,7115,2025-01-21,Poor Quality,118.52
889,7116,2024-12-29,Late Delivery,20.45
890,7124,2023-11-04,Damaged,145.24
891,7126,2025-10-04,Damaged,118.86
892,7130,2025-10-05,Size Issue,91.66
893,7139,2025-03-29,Size Issue,677.78
894,7144,2025-12-28,Poor Quality,508.17
895,7150,2025-09-17,Customer Changed Mind,274.89
896,7153,2025-12-05,Poor Quality,658.01
897,7162,2025-12-06,Poor Quality,190.35
898,7173,2026-01-03,Late Delivery,114.2
899,7175,2025-09-29,Poor Quality,130.55
900,7194,2026-01-19,Damaged,140.2
901,7197,2025-05-14,Customer Changed Mind,438.01
902,7208,2024-06-12,Poor Quality,20.56
903,7217,2023-12-04,Poor Quality,37.26
904,7221,2026-01-13,Late Delivery,43.16
905,7224,2025-10-09,Size Issue,81.98
906,7239,2024-12-16,Poor Quality,92.54
907,7241,2025-06-12,Size Issue,27.55
908,7247,2025-05-07,Size Issue,573.28
909,7251,2024-12-15,Late Delivery,191.68
910,7257,2024-12-08,Customer Changed Mind,89.89
911,7259,2025-11-08,Poor Quality,486.87
912,7260,2025-12-24,Customer Changed Mind,32.08
913,7272,2024-11-20,Poor Quality,191.82
914,7287,2025-02-06,Wrong Item,283.99
915,7296,2024-07-28,Customer Changed Mind,258.65
916,7300,2025-09-29,Wrong Item,148.8
917,7301,2025-08-09,Wrong Item,119.51
918,7306,2025-12-23,Customer Changed Mind,75.4
919,7314,2025-12-16,Customer Changed Mind,82.05
920,7320,2024-12-21,Size Issue,288.77
921,7323,2024-02-12,Damaged,66.43
922,7344,2025-03-31,Wrong Item,103.36
923,7352,2025-10-08,Damaged,19.12
924,7354,2025-11-07,Poor Quality,183.12
925,7362,2024-05-01,Size Issue,47.01
926,7373,2025-11-03,Damaged,233.67
927,7388,2024-09-26,Size Issue,63.8
928,7392,2025-04-17,Damaged,581.63
929,7407,2023-10-11,Late Delivery,202.51
930,7410,2025-02-07,Size Issue,41.68
931,7411,2025-08-21,Poor Quality,57.92
932,7421,2024-05-26,Size Issue,92.92
933,7435,2026-01-09,Customer Changed Mind,10.02
934,7440,2025-09-25,Poor Quality,177.1
935,7443,2025-06-24,Customer Changed Mind,34.69
936,7456,2025-12-21,Poor Quality,357.87
937,7459,2025-08-31,Damaged,543.78
938,7460,2026-01-26,Damaged,152.05
939,7475,2025-12-08,Size Issue,77.24
940,7476,2024-06-09,Poor Quality,79.36
941,7477,2025-02-03,Size Issue,24.75
942,7478,2025-12-18,Wrong Item,195.93
943,7486,2026-01-02,Wrong Item,884.59
944,7490,2026-01-21,Damaged,80.85
945,7505,2024-06-19,Size Issue,159.58
946,7506,2026-01-19,Poor Quality,27.06
947,7516,2025-08-25,Damaged,438.14
948,7534,2025-12-07,Late Delivery,191.33
949,7536,2025-05-14,Poor Quality,66.91
950,7541,2024-09-21,Wrong Item,564.81
951,7543,2025-12-19,Damaged,638.04
952,7547,2025-12-11,Customer Changed Mind,610.18
953,7551,2024-08-14,Customer Changed Mind,100.46
954,7567,2025-12-27,Wrong Item,151.61
955,7579,2025-01-21,Damaged,66.42
956,7601,2024-09-07,Customer Changed Mind,237.96
957,7605,2025-03-20,Poor Quality,200.78
958,7614,2025-12-15,Late Delivery,46.28
959,7620,2025-05-27,Poor Quality,152.32
960,7626,2025-12-14,Size Issue,361.55
961,7631,2025-10-22,Customer Changed Mind,33.9
962,7634,2025-12-03,Size Issue,664.83
963,7651,2024-01-27,Damaged,128.94
964,7662,2025-10-11,Damaged,38.32
965,7663,2025-07-22,Late Delivery,88.62
966,7664,2024-10-03,Size Issue,138.38
967,7672,2025-09-05,Size Issue,98.01
968,7676,2025-02-04,Size Issue,471.53
969,7687,2025-08-25,Size Issue,175.31
970,7691,2025-08-24,Late Delivery,34.88
971,7693,2024-10-07,Size Issue,21.0
972,7697,2024-09-07,Poor Quality,1090.45
973,7715,2025-06-17,Customer Changed Mind,47.82
974,7727,2025-12-29,Customer Changed Mind,155.78
975,7731,2025-01-16,poor quality,68.15
976,7734,2025-11-21,Damaged,143.89
977,7738,2025-12-22,Late Delivery,985.5
978,7758,2024-11-21,Late Delivery,328.04
979,7790,2024-08-30,Size Issue,116.81
980,7791,2025-12-21,Late Delivery,530.75
981,7792,2025-04-09,Poor Quality,690.31
982,7795,2023-09-14,Size Issue,134.74
983,7797,2025-08-26,Wrong Item,367.22
984,7804,2024-02-09,Poor Quality,42.37
985,7805,2025-09-15,Size Issue,405.45
986,7827,2025-04-20,Size Issue,36.26
987,7843,2025-12-14,Poor Quality,497.77
988,7846,2024-10-28,Size Issue,133.79
989,7849,2025-07-17,Customer Changed Mind,175.53
990,7870,2025-06-16,Damaged,274.09
991,7871,2024-04-22,Poor Quality,90.69
992,7878,2025-03-29,Size Issue,769.89
993,7884,2025-04-27,Size Issue,364.37
994,7890,2024-09-08,Customer Changed Mind,54.83
995,7899,2024-02-06,Size Issue,178.05
996,7904,2025-11-09,Size Issue,198.54
997,7913,2026-01-29,Size Issue,107.04
998,7919,2025-06-27,Damaged,384.76
999,7938,2024-07-22,Wrong Item,84.61
1000,7946,2024-02-06,Late Delivery,354.38
1001,7949,2025-08-29,Damaged,103.43
1002,7957,2025-03-24,Damaged,194.53
1003,7974,2026-01-23,Customer Changed Mind,50.38
1004,7999,2025-05-22,Damaged,67.64
1005,8007,2025-07-22,Customer Changed Mind,230.91
1006,8027,2025-02-21,Poor Quality,154.7
1007,8044,2025-07-16,Damaged,29.69
1008,8046,2026-01-26,Damaged,196.81
1009,8053,2025-12-29,Poor Quality,610.58
1010,8073,2026-01-04,Customer Changed Mind,112.73
1011,8077,2024-04-28,Customer Changed Mind,147.19
1012,8096,2025-01-19,Wrong Item,521.38
1013,8097,2025-05-05,Late Delivery,299.52
1014,8125,2026-01-22,Size Issue,519.4
1015,8130,2025-01-25,Late Delivery,444.96
1016,8132,2026-01-03,Poor Quality,277.82
1017,8136,2025-10-16,Wrong Item,88.12
1018,8142,2025-09-11,Size Issue,328.07
1019,8151,2025-09-04,Damaged,216.12
1020,8162,2025-03-19,Customer Changed Mind,262.1
1021,8176,2025-11-05,Damaged,245.98
1022,8188,2025-09-03,Wrong Item,190.06
1023,8198,2025-04-22,Size Issue,149.08
1024,8204,2025-04-29,Poor Quality,137.98
1025,8213,2025-02-24,Late Delivery,131.03
1026,8218,2025-06-07,Wrong Item,93.43
1027,8233,2026-01-24,Size Issue,12.69
1028,8236,2025-03-31,Size Issue,202.44
1029,8237,2025-03-24,Damaged,448.46
1030,8247,2024-03-21,Customer Changed Mind,394.72
1031,8251,2026-01-06,Poor Quality,439.87
1032,8252,2025-04-13,Late Delivery,191.43
1033,8275,2024-12-17,Size Issue,106.29
1034,8280,2026-01-28,Poor Quality,72.95
1035,8284,2025-12-31,Damaged,398.69
1036,8295,2025-12-15,Size Issue,87.78
1037,8297,2025-05-22,Damaged,161.11
1038,8300,2023-12-23,Late Delivery,338.2
1039,8303,2025-09-16,Damaged,574.04
1040,8341,2025-02-02,Customer Changed Mind,39.94
1041,8351,2025-06-12,Late Delivery,83.88
1042,8354,2025-11-26,Damaged,69.85
1043,8358,2025-09-05,Customer Changed Mind,275.27
1044,8360,2025-01-30,Late Delivery,26.77
1045,8367,2025-06-17,Late Delivery,345.31
1046,8369,2025-02-14,Poor Quality,730.93
1047,8372,2023-11-13,Late Delivery,126.49
1048,8381,2025-06-16,Poor Quality,411.95
1049,8382,2025-11-27,Damaged,145.09
1050,8393,2026-01-11,Poor Quality,102.17
1051,8404,2025-11-29,Late Delivery,182.57
1052,8405,2024-05-21,Size Issue,678.37
1053,8423,2025-10-29,Damaged,125.86
1054,8425,2025-09-18,Damaged,340.24
1055,8447,2025-06-14,Damaged,607.31
1056,8449,2025-11-28,Damaged,124.59
1057,8457,2024-12-08,Size Issue,274.82
1058,8467,2024-11-03,Size Issue,168.35
1059,8481,2025-10-20,Size Issue,172.24
1060,8504,2025-09-15,Wrong Item,115.72
1061,8516,2025-07-11,Wrong Item,300.52
1062,8524,2024-08-15,Late Delivery,513.27
1063,8534,2025-11-28,Damaged,533.86
1064,8541,2025-10-29,Poor Quality,443.27
1065,8545,2026-01-29,wrong item,719.47
1066,8551,2025-12-13,Wrong Item,254.76
1067,8560,2025-12-14,Size Issue,368.51
1068,8569,2025-08-23,Size Issue,131.69
1069,8572,2024-07-04,Customer Changed Mind,300.63
1070,8576,2025-01-16,Customer Changed Mind,129.95
1071,8584,2023-08-26,Size Issue,275.73
1072,8587,2025-12-24,Wrong Item,163.1
1073,8588,2025-12-17,Size Issue,453.76
1074,8593,2025-07-29,Poor Quality,58.08
1075,8610,2024-12-10,Wrong Item,186.77
1076,8612,2024-01-08,Damaged,51.14
1077,8613,2026-01-18,Size Issue,353.46
1078,8615,2024-06-14,Size Issue,119.26
1079,8620,2025-11-22,Late Delivery,170.52
1080,8622,2025-04-20,Size Issue,722.87
1081,8624,2025-11-25,Late Delivery,246.36
1082,8634,2025-10-29,Poor Quality,642.15
1083,8644,2024-08-05,Damaged,610.67
1084,8655,2025-11-26,damaged,13.33
1085,8658,2025-06-22,Poor Quality,74.69
1086,8663,2025-08-06,Size Issue,216.68
1087,8667,2024-05-21,Size Issue,189.64
1088,8673,2025-07-19,Customer Changed Mind,834.74
1089,8677,2026-01-05,Customer Changed Mind,94.56
1090,8693,2025-01-14,Customer Changed Mind,705.02
1091,8697,2025-09-14,Late Delivery,413.65
1092,8708,2025-12-30,Damaged,187.96
1093,8720,2023-06-03,Poor Quality,391.89
1094,8724,2024-10-26,Poor Quality,154.21
1095,8725,2024-04-25,Late Delivery,127.17
1096,8731,2026-01-25,Size Issue,262.7
1097,8737,2024-10-02,Late Delivery,40.29
1098,8741,2025-11-09,Customer Changed Mind,111.28
1099,8745,2025-08-03,Poor Quality,232.34
1100,8756,2025-05-08,Customer Changed Mind,277.76
1101,8757,2025-02-25,Poor Quality,103.88
1102,8776,2025-06-14,Customer Changed Mind,223.21
1103,8801,2024-05-28,Size Issue,384.41
1104,8812,2023-06-17,Damaged,189.8
1105,8817,2025-10-10,Size Issue,36.73
1106,8818,2024-12-22,Poor Quality,519.41
1107,8822,2025-01-07,Damaged,459.89
1108,8824,2024-02-25,Damaged,929.41
1109,8835,2025-11-03,Damaged,74.39
1110,8836,2025-02-08,Wrong Item,49.43
1111,8848,2024-09-01,Wrong Item,306.14
1112,8850,2025-11-22,Poor Quality,93.47
1113,8855,2025-08-16,Poor Quality,520.9
1114,8859,2024-02-13,Poor Quality,105.63
1115,8870,2025-05-02,Damaged,94.57
1116,8875,2025-11-20,Wrong Item,80.21
1117,8876,2025-01-23,Customer Changed Mind,195.98
1118,8886,2025-08-14,Size Issue,155.97
1119,8887,2024-11-13,Damaged,241.07
1120,8891,2026-01-28,Damaged,330.1
1121,8897,2025-10-25,Customer Changed Mind,107.82
1122,8902,2026-01-11,Size Issue,449.29
1123,8908,2026-01-28,Size Issue,99.18
1124,8911,2025-12-21,Customer Changed Mind,25.92
1125,8931,2026-01-21,Size Issue,279.02
1126,8938,2026-01-09,Late Delivery,403.96
1127,8942,2024-08-29,Size Issue,788.58
1128,8968,2026-01-27,Customer Changed Mind,133.66
1129,8972,2026-01-13,Late Delivery,323.69
1130,8974,2025-06-10,Size Issue,50.15
1131,9006,2024-08-22,Size Issue,22.3
1132,9012,2024-10-17,Poor Quality,331.63
1133,9023,2025-07-14,Poor Quality,92.41
1134,9024,2023-05-16,Late Delivery,221.28
1135,9029,2025-09-17,Wrong Item,16.52
1136,9051,2023-12-13,Poor Quality,486.5
1137,9058,2025-12-06,Poor Quality,974.02
1138,9062,2024-12-21,Wrong Item,92.34
1139,9068,2023-12-14,Damaged,790.37
1140,9079,2025-12-06,Poor Quality,21.77
1141,9083,2024-01-02,Wrong Item,439.54
1142,9089,2025-05-31,Size Issue,203.9
1143,9101,2026-01-14,Poor Quality,209.88
1144,9103,2025-04-26,Late Delivery,521.21
1145,9108,2024-07-21,Wrong Item,50.61
1146,9109,2024-03-02,Customer Changed Mind,150.07
1147,9123,2024-04-26,Damaged,64.22
1148,9126,2024-12-24,Size Issue,166.49
1149,9147,2026-01-09,Customer Changed Mind,538.24
1150,9150,2025-10-20,Poor Quality,55.73
1151,9154,2024-08-31,Damaged,663.83
1152,9155,2024-11-20,Poor Quality,45.66
1153,9156,2026-01-01,Wrong Item,65.32
1154,9158,2024-12-20,Customer Changed Mind,334.6
1155,9164,2025-11-23,Size Issue,49.92
1156,9178,2024-03-06,Damaged,127.61
1157,9181,2023-11-02,Poor Quality,163.72
1158,9193,2024-10-22,Poor Quality,177.01
1159,9196,2026-01-25,Damaged,126.4
1160,9209,2024-07-19,Damaged,228.99
1161,9210,2024-09-17,Customer Changed Mind,618.44
1162,9211,2024-10-22,Customer Changed Mind,43.87
1163,9220,2025-04-08,Customer Changed Mind,62.47
1164,9221,2024-11-17,Damaged,691.09
1165,9225,2025-11-28,Poor Quality,69.97
1166,9242,2026-01-07,Customer Changed Mind,121.8
1167,9244,2024-11-24,Late Delivery,469.32
1168,9255,2026-01-26,Size Issue,672.99
1169,9269,2025-01-07,Size Issue,190.49
1170,9280,2025-09-25,Wrong Item,31.59
1171,9289,2025-05-22,Size Issue,357.5
1172,9290,2024-06-26,Late Delivery,141.18
1173,9300,2025-12-08,Late Delivery,11.04
1174,9307,2025-01-13,Wrong Item,20.14
1175,9311,2024-07-22,Size Issue,485.98
1176,9314,2025-11-02,Poor Quality,704.58
1177,9317,2025-08-16,Poor Quality,283.88
1178,9318,2025-10-02,Size Issue,122.57
1179,9323,2026-01-01,Customer Changed Mind,36.72
1180,9328,2024-04-05,Customer Changed Mind,111.49
1181,9329,2024-08-08,Size Issue,207.19
1182,9332,2024-03-17,Size Issue,179.95
1183,9335,2025-06-19,Damaged,88.34
1184,9348,2023-11-04,Late Delivery,583.32
1185,9349,2026-01-13,Customer Changed Mind,117.84
1186,9354,2025-09-30,Customer Changed Mind,19.37
1187,9381,2025-04-08,Late Delivery,30.45
1188,9404,2024-11-29,Wrong Item,185.7
1189,9409,2024-12-29,Size Issue,33.67
1190,9410,2024-10-05,Poor Quality,735.51
1191,9411,2025-10-31,Wrong Item,368.35
1192,9416,2025-12-24,Size Issue,494.36
1193,9424,2025-10-16,Poor Quality,244.77
1194,9430,2025-12-12,Poor Quality,485.28
1195,9437,2024-02-29,Late Delivery,51.49
1196,9438,2025-01-26,Wrong Item,169.31
1197,9454,2025-09-06,Late Delivery,761.6
1198,9461,2025-05-23,Damaged,180.04
1199,9465,2025-05-17,Late Delivery,69.84
1200,9470,2025-01-07,Customer Changed Mind,76.27
1201,9485,2025-06-12,Size Issue,205.22
1202,9496,2024-05-10,Poor Quality,122.94
1203,9499,2024-09-27,Late Delivery,144.16
1204,9501,2025-03-17,Size Issue,373.93
1205,9513,2025-10-03,Customer Changed Mind,33.78
1206,9519,2025-11-25,Wrong Item,131.62
1207,9530,2024-10-27,Damaged,361.21
1208,9541,2025-01-07,Size Issue,8.82
1209,9554,2025-12-29,Damaged,57.37
1210,9556,2025-05-25,Damaged,120.98
1211,9558,2025-01-17,Size Issue,216.56
1212,9590,2026-01-20,Damaged,265.67
1213,9601,2024-09-03,Poor Quality,519.33
1214,9603,2025-09-22,Customer Changed Mind,59.85
1215,9617,2025-09-07,Size Issue,247.3
1216,9632,2025-12-15,Damaged,217.5
1217,9634,2024-12-31,Damaged,430.56
1218,9651,2025-03-27,Poor Quality,31.7
1219,9653,2025-07-19,Poor Quality,57.46
1220,9665,2024-10-31,Poor Quality,81.55
1221,9673,2024-01-18,Late Delivery,37.54
1222,9683,2024-06-13,Poor Quality,300.48
1223,9688,2025-10-16,Size Issue,67.41
1224,9697,2025-09-16,Size Issue,503.61
1225,9700,2024-10-18,Wrong Item,60.06
1226,9703,2025-11-12,Damaged,375.25
1227,9706,2025-11-02,Size Issue,1042.55
1228,9709,2025-02-19,Damaged,617.46
1229,9718,2025-10-27,Wrong Item,62.0
1230,9726,2025-08-26,Wrong Item,561.23
1231,9729,2025-06-09,Wrong Item,161.5
1232,9731,2024-03-03,Poor Quality,819.96
1233,9742,2024-09-09,Late Delivery,117.32
1234,9744,2025-12-08,Customer Changed Mind,25.78
1235,9746,2025-12-31,Wrong Item,205.87
1236,9753,2023-09-08,Late Delivery,185.71
1237,9756,2024-12-14,Wrong Item,278.59
1238,9763,2026-01-16,Late Delivery,432.37
1239,9764,2025-02-13,Customer Changed Mind,33.11
1240,9777,2025-12-15,Size Issue,37.31
1241,9789,2025-03-02,Poor Quality,10.58
1242,9794,2025-10-26,Size Issue,129.24
1243,9805,2026-01-02,Damaged,458.39
1244,9812,2025-08-22,Poor Quality,31.51
1245,9816,2024-11-15,Poor Quality,550.62
1246,9819,2025-12-13,Late Delivery,68.41
1247,9828,2026-01-29,Late Delivery,12.84
1248,9850,2025-05-03,Late Delivery,131.91
1249,9860,2025-04-15,Damaged,925.56
1250,9861,2024-09-06,Poor Quality,99.1
1251,9865,2025-10-17,Size Issue,388.51
1252,9866,2025-12-17,Late Delivery,41.21
1253,9868,2025-07-24,Poor Quality,181.74
1254,9890,2025-01-29,Size Issue,553.54
1255,9898,2025-10-18,Late Delivery,39.6
1256,9903,2025-06-02,Damaged,151.07
1257,9905,2025-05-11,Wrong Item,248.62
1258,9925,2026-01-13,Customer Changed Mind,100.37
1259,9931,2024-03-10,Size Issue,490.56
1260,9940,2025-08-13,Customer Changed Mind,76.59
1261,9957,2025-10-29,Wrong Item,625.35
1262,9961,2025-08-07,Damaged,755.14
1263,9971,2023-03-15,Damaged,474.68
1264,9988,2024-11-04,Size Issue,66.97
1265,10006,2025-05-14,Customer Changed Mind,197.92
1266,10007,2025-09-26,Damaged,176.64
1267,10022,2025-04-05,Wrong Item,173.84
1268,10033,2024-02-16,Size Issue,201.9
1269,10034,2026-01-15,Size Issue,167.6
1270,10035,2025-06-26,Wrong Item,113.97
1271,10038,2026-01-21,Customer Changed Mind,201.59
1272,10056,2024-08-06,Damaged,463.39
1273,10063,2026-01-29,Customer Changed Mind,393.78
1274,10067,2023-11-06,Customer Changed Mind,106.16
1275,10068,2025-10-01,Size Issue,272.69
1276,10079,2024-10-12,Damaged,225.18
1277,10087,2024-10-13,late delivery,166.32
1278,10088,2026-01-09,Size Issue,154.82
1279,10097,2025-12-28,Wrong Item,36.5
1280,10099,2025-07-22,Damaged,29.08
1281,10104,2023-07-23,Late Delivery,78.5
1282,10110,2025-04-12,Customer Changed Mind,260.14
1283,10126,2025-09-17,Wrong Item,421.22
1284,10129,2025-01-30,Wrong Item,109.6
1285,10130,2025-05-29,Wrong Item,65.84
1286,10163,2024-09-29,Wrong Item,21.79
1287,10164,2025-01-30,Poor Quality,275.36
1288,10166,2025-04-20,Size Issue,174.62
1289,10185,2023-12-25,Wrong Item,511.2
1290,10188,2024-04-24,Late Delivery,14.96
1291,10207,2025-08-29,Customer Changed Mind,271.35
1292,10217,2023-04-09,Wrong Item,56.6
1293,10236,2025-08-29,Customer Changed Mind,31.55
1294,10237,2025-12-28,Damaged,801.63
1295,10240,2025-03-03,Customer Changed Mind,114.15
1296,10249,2024-05-16,Size Issue,51.84
1297,10256,2025-02-15,Wrong Item,187.95
1298,10261,2025-11-25,Poor Quality,207.46
1299,10262,2024-09-30,Size Issue,144.89
1300,10269,2025-11-10,Size Issue,118.49
1301,10270,2024-10-13,Size Issue,95.04
1302,10275,2026-01-23,Damaged,708.6
1303,10284,2025-11-13,Size Issue,157.45
1304,10296,2026-01-19,Size Issue,120.72
1305,10306,2025-12-27,Customer Changed Mind,474.93
1306,10327,2024-05-07,Late Delivery,148.89
1307,10328,2026-01-04,Customer Changed Mind,75.13
1308,10336,2025-01-13,Poor Quality,345.88
1309,10342,2025-07-30,Size Issue,183.54
1310,10346,2025-07-03,Late Delivery,221.4
1311,10358,2024-04-19,Poor Quality,431.34
1312,10359,2025-12-13,Poor Quality,126.6
1313,10365,2025-03-28,Damaged,400.42
1314,10370,2026-01-03,Late Delivery,355.9
1315,10371,2025-11-25,Customer Changed Mind,212.26
1316,10388,2025-08-02,Customer Changed Mind,92.5
1317,10389,2025-02-25,Late Delivery,136.03
1318,10390,2025-03-25,Poor Quality,566.65
1319,10401,2024-04-14,Size Issue,357.04
1320,10403,2025-04-18,Wrong Item,305.53
1321,10405,2024-10-04,Size Issue,589.63
1322,10413,2025-06-01,Damaged,335.82
1323,10419,2024-01-24,Customer Changed Mind,444.25
1324,10429,2026-01-16,Damaged,89.26
1325,10444,2025-10-08,Late Delivery,438.66
1326,10448,2023-10-26,Size Issue,211.28
1327,10455,2025-11-21,Late Delivery,827.4
1328,10465,2024-10-10,Damaged,417.38
1329,10467,2024-09-07,Late Delivery,47.69
1330,10470,2025-09-23,Customer Changed Mind,85.37
1331,10482,2025-01-22,Customer Changed Mind,141.82
1332,10488,2026-01-20,Wrong Item,580.03
1333,10492,2025-03-01,Late Delivery,64.21
1334,10498,2024-09-26,Damaged,391.47
1335,10530,2024-07-02,Size Issue,139.37
1336,10539,2026-01-20,Poor Quality,101.94
1337,10540,2025-04-04,Size Issue,244.19
1338,10542,2024-05-10,Size Issue,49.64
1339,10561,2025-08-18,Damaged,177.92
1340,10563,2024-09-05,Damaged,140.27
1341,10564,2024-11-02,Damaged,24.6
1342,10565,2025-12-20,Wrong Item,401.58
1343,10577,2024-01-06,Damaged,378.82
1344,10581,2024-02-23,Damaged,174.77
1345,10585,2025-08-30,Size Issue,537.95
1346,10596,2025-10-07,Size Issue,269.15
1347,10597,2026-01-07,Damaged,25.66
1348,10604,2024-09-04,Damaged,36.48
1349,10613,2025-08-16,Poor Quality,28.73
1350,10618,2025-03-20,Size Issue,162.51
1351,10625,2025-10-15,Late Delivery,89.08
1352,10629,2025-05-17,Late Delivery,15.88
1353,10638,2025-12-29,Size Issue,129.64
1354,10647,2025-05-17,Damaged,80.19
1355,10648,2024-05-22,Size Issue,575.23
1356,10653,2025-08-09,Late Delivery,198.67
1357,10658,2026-01-13,Customer Changed Mind,595.51
1358,10661,2025-12-29,Poor Quality,265.74
1359,10662,2026-01-03,Wrong Item,371.04
1360,10665,2025-11-21,Poor Quality,300.92
1361,10666,2025-06-12,Poor Quality,291.75
1362,10669,2025-06-14,Customer Changed Mind,187.64
1363,10673,2025-12-05,Poor Quality,76.92
1364,10678,2025-01-14,Size Issue,125.27
1365,10689,2025-08-29,Size Issue,198.36
1366,10693,2024-11-07,Damaged,229.57
1367,10704,2026-01-13,Wrong Item,104.37
1368,10719,2025-07-04,Wrong Item,55.67
1369,10722,2025-10-14,Size Issue,51.93
1370,10733,2025-04-20,Late Delivery,150.31
1371,10749,2026-01-28,Poor Quality,694.56
1372,10756,2025-05-01,Wrong Item,69.5
1373,10759,2025-02-10,Damaged,131.31
1374,10764,2026-01-08,Wrong Item,301.62
1375,10773,2023-10-31,Late Delivery,92.03
1376,10787,2025-10-11,Poor Quality,596.3
1377,10791,2025-02-28,Customer Changed Mind,50.4
1378,10795,2026-01-24,Late Delivery,133.12
1379,10805,2025-03-15,Wrong Item,31.15
1380,10814,2026-01-29,Damaged,39.45
1381,10824,2024-08-26,Late Delivery,319.01
1382,10826,2024-08-18,Size Issue,40.44
1383,10835,2025-01-06,Size Issue,615.24
1384,10838,2025-06-17,Wrong Item,401.34
1385,10845,2026-01-08,Size Issue,209.91
1386,10849,2025-06-11,Poor Quality,38.21
1387,10852,2025-09-24,Size Issue,91.2
1388,10867,2026-01-11,Damaged,52.02
1389,10868,2024-05-29,Poor Quality,199.51
1390,10877,2024-11-04,Damaged,212.45
1391,10882,2025-05-12,Wrong Item,453.16
1392,10891,2026-01-15,Poor Quality,129.8
1393,10893,2025-11-27,Damaged,147.42
1394,10898,2025-03-22,Late Delivery,181.17
1395,10900,2025-09-21,Size Issue,677.02
1396,10902,2025-09-26,Customer Changed Mind,414.27
1397,10917,2025-11-06,Customer Changed Mind,102.79
1398,10918,2025-02-16,Wrong Item,252.31
1399,10919,2025-10-26,Wrong Item,42.6
1400,10922,2025-10-22,Size Issue,217.45
1401,10930,2024-07-16,Size Issue,153.89
1402,10932,2025-10-04,Late Delivery,141.41
1403,10937,2025-04-01,Late Delivery,309.5
1404,10951,2025-12-04,Damaged,92.01
1405,10967,2025-03-17,Damaged,50.82
1406,10980,2025-08-14,Late Delivery,1099.92
1407,10982,2025-09-12,Late Delivery,449.25
1408,10983,2024-06-20,Size Issue,403.62
1409,10993,2024-10-06,Size Issue,609.72
1410,11005,2025-01-27,Customer Changed Mind,76.48
1411,11020,2025-09-06,Poor Quality,67.98
1412,11053,2025-02-08,Damaged,131.48
1413,11057,2025-11-17,Size Issue,257.98
1414,11069,2025-12-31,Size Issue,138.01
1415,11082,2024-12-21,Damaged,754.86
1416,11087,2026-01-19,Late Delivery,80.04
1417,11123,2024-02-06,Size Issue,78.39
1418,11129,2026-01-03,Customer Changed Mind,332.51
1419,11136,2026-01-24,Damaged,657.54
1420,11146,2024-06-14,Damaged,356.11
1421,11149,2024-01-06,damaged,78.37
1422,11151,2025-03-26,Size Issue,72.83
1423,11183,2025-03-02,Poor Quality,319.32
1424,11188,2025-10-15,Poor Quality,94.45
1425,11190,2025-02-02,Damaged,30.72
1426,11192,2024-05-28,Damaged,254.58
1427,11201,2024-12-05,Wrong Item,9.43
1428,11203,2025-10-08,Wrong Item,59.0
1429,11217,2025-09-13,Poor Quality,262.69
1430,11225,2025-09-18,Late Delivery,715.24
1431,11249,2024-01-12,Poor Quality,39.93
1432,11255,2025-02-18,Size Issue,200.62
1433,11265,2025-02-11,Poor Quality,172.6
1434,11266,2025-08-08,Wrong Item,164.35
1435,11271,2025-01-27,Late Delivery,467.74
1436,11289,2024-06-07,Wrong Item,25.72
1437,11292,2025-12-21,Size Issue,522.68
1438,11294,2024-10-07,Late Delivery,349.32
1439,11295,2023-12-15,Wrong Item,54.7
1440,11300,2025-11-13,Size Issue,188.92
1441,11312,2024-02-12,Damaged,1039.78
1442,11324,2025-07-02,Damaged,659.04
1443,11329,2024-08-09,Customer Changed Mind,480.93
1444,11333,2025-03-17,Size Issue,500.71
1445,11355,2025-03-26,Customer Changed Mind,467.17
1446,11364,2024-12-30,Poor Quality,63.52
1447,11372,2025-05-30,Size Issue,380.66
1448,11380,2025-03-16,Customer Changed Mind,124.6
1449,11386,2025-03-14,Size Issue,48.91
1450,11387,2025-10-06,Poor Quality,43.34
1451,11402,2024-08-24,Size Issue,308.65
1452,11406,2023-06-08,Customer Changed Mind,236.02
1453,11418,2025-10-11,Size Issue,189.01
1454,11423,2025-05-25,Size Issue,27.06
1455,11424,2024-06-23,Damaged,210.73
1456,11425,2025-08-07,Size Issue,263.11
1457,11427,2025-07-11,Poor Quality,263.39
1458,11448,2025-08-14,Poor Quality,32.11
1459,11460,2025-01-08,Late Delivery,41.99
1460,11462,2024-10-06,Customer Changed Mind,62.09
1461,11465,2025-04-08,Damaged,247.58
1462,11466,2025-10-29,Size Issue,221.07
1463,11476,2025-08-19,Size Issue,205.28
1464,11483,2025-06-23,Wrong Item,267.83
1465,11484,2025-10-19,Poor Quality,153.99
1466,11488,2026-01-13,Size Issue,458.36
1467,11491,2023-05-21,Customer Changed Mind,171.06
1468,11497,2025-07-07,Wrong Item,214.62
1469,11501,2025-07-25,Poor Quality,418.75
1470,11506,2025-10-11,Size Issue,129.59
1471,11511,2024-05-18,Late Delivery,331.41
1472,11513,2025-12-30,Wrong Item,99.91
1473,11522,2026-01-16,Wrong Item,103.39
1474,11527,2025-10-17,Customer Changed Mind,299.76
1475,11544,2026-01-12,Late Delivery,131.59
1476,11550,2024-08-20,Poor Quality,278.49
1477,11551,2025-05-09,Damaged,16.45
1478,11560,2025-07-14,Poor Quality,132.94
1479,11561,2025-12-21,Damaged,385.59
1480,11568,2024-04-13,Customer Changed Mind,55.51
1481,11576,2024-11-04,Damaged,57.13
1482,11583,2025-01-10,Wrong Item,68.39
1483,11603,2026-01-12,Wrong Item,413.96
1484,11605,2025-07-26,Damaged,142.83
1485,11608,2024-02-13,Late Delivery,12.43
1486,11625,2025-12-31,Size Issue,317.47
1487,11641,2025-11-21,Poor Quality,80.97
1488,11652,2025-10-10,Late Delivery,40.85
1489,11656,2025-09-08,Wrong Item,151.96
1490,11672,2024-09-19,Customer Changed Mind,23.7
1491,11673,2025-03-04,Damaged,682.15
1492,11712,2025-11-19,Late Delivery,217.7
1493,11719,2025-05-09,Poor Quality,134.02
1494,11734,2025-09-30,Late Delivery,135.35
1495,11740,2025-03-13,Size Issue,97.3
1496,11758,2025-10-11,Late Delivery,1109.91
1497,11759,2025-06-03,Customer Changed Mind,161.29
1498,11762,2026-01-07,Poor Quality,145.96
1499,11785,2025-04-12,Wrong Item,51.4
1500,11809,2025-11-09,Poor Quality,92.27
1501,11814,2025-07-28,Poor Quality,328.3
1502,11824,2026-01-15,Size Issue,155.32
1503,11832,2024-03-09,Late Delivery,168.44
1504,11833,2025-02-26,Size Issue,53.47
1505,11839,2024-01-12,Size Issue,220.62
1506,11843,2025-01-06,Late Delivery,84.83
1507,11844,2025-12-19,Size Issue,525.37
1508,11850,2026-01-20,Size Issue,371.6
1509,11854,2025-10-17,Late Delivery,38.37
1510,11863,2024-08-24,Size Issue,85.23
1511,11864,2025-12-21,Damaged,58.65
1512,11885,2025-10-25,Damaged,259.82
1513,11903,2025-02-26,Customer Changed Mind,441.81
1514,11916,2024-12-23,Damaged,77.36
1515,11929,2025-12-04,Wrong Item,137.98
1516,11932,2024-06-30,Late Delivery,240.53
1517,11941,2025-02-14,Damaged,177.93
1518,11944,2025-12-01,Late Delivery,423.61
1519,11948,2026-01-08,Wrong Item,111.7
1520,11977,2025-12-08,Damaged,390.87
1521,11978,2024-12-30,Customer Changed Mind,71.36
1522,11989,2025-04-10,Size Issue,338.32
1523,11991,2026-01-15,Damaged,118.65
1524,11993,2025-10-11,Customer Changed Mind,456.72
1525,11994,2024-08-19,Size Issue,44.29
1526,11997,2025-11-20,Customer Changed Mind,180.65
1527,12001,2026-01-06,Damaged,312.57
1528,12010,2025-10-02,Damaged,26.13
1529,12018,2026-01-09,Late Delivery,65.08
1530,12044,2025-08-13,Damaged,85.33
1531,12050,2024-09-25,Damaged,499.72
1532,12055,2024-12-30,Wrong Item,140.84
1533,12059,2025-01-29,Wrong Item,234.27
1534,12064,2025-11-06,Damaged,412.9
1535,12065,2024-10-11,Size Issue,466.11
1536,12066,2025-10-22,Size Issue,352.0
1537,12076,2025-05-26,Wrong Item,134.81
1538,12082,2025-10-20,Wrong Item,1108.4
1539,12102,2025-11-06,Size Issue,102.33
1540,12119,2023-10-16,Size Issue,177.83
1541,12121,2024-05-25,Size Issue,60.5
1542,12125,2024-03-08,Late Delivery,2114.22
1543,12132,2025-12-14,Size Issue,90.93
1544,12135,2025-10-11,Damaged,439.13
1545,12141,2024-07-22,Poor Quality,216.16
1546,12147,2025-11-22,Poor Quality,61.52
1547,12149,2025-07-13,Size Issue,235.82
1548,12166,2025-12-12,Customer Changed Mind,235.65
1549,12169,2023-11-02,Size Issue,46.79
1550,12179,2025-05-10,Poor Quality,167.95
1551,12182,2025-02-23,Customer Changed Mind,80.69
1552,12201,2024-07-27,Late Delivery,89.96
1553,12202,2025-11-04,Customer Changed Mind,237.93
1554,12209,2024-03-17,Size Issue,119.4
1555,12211,2025-01-05,Wrong Item,357.62
1556,12222,2025-10-23,Poor Quality,381.86
1557,12229,2025-12-21,Late Delivery,44.95
1558,12243,2025-09-17,Size Issue,12.34
1559,12257,2025-10-26,Damaged,77.62
1560,12269,2025-08-02,Late Delivery,66.08
1561,12273,2025-08-03,Size Issue,520.5
1562,12277,2024-11-10,Size Issue,304.91
1563,12296,2024-08-09,Late Delivery,207.83
1564,12306,2026-01-06,Customer Changed Mind,93.83
1565,12332,2025-04-01,Customer Changed Mind,70.86
1566,12341,2025-02-25,size issue,33.84
1567,12349,2025-02-10,Wrong Item,387.05
1568,12359,2024-07-27,Poor Quality,312.91
1569,12368,2025-08-06,Customer Changed Mind,272.69
1570,12392,2026-01-07,Customer Changed Mind,399.93
1571,12396,2025-11-05,Size Issue,230.4
1572,12407,2026-01-04,Damaged,132.46
1573,12423,2025-06-12,Customer Changed Mind,48.21
1574,12424,2024-10-23,Customer Changed Mind,65.16
1575,12433,2024-11-16,Wrong Item,55.23
1576,12434,2025-12-02,Size Issue,61.29
1577,12440,2026-01-14,Size Issue,549.35
1578,12443,2025-10-06,Size Issue,34.98
1579,12456,2024-11-19,Poor Quality,132.01
1580,12478,2025-07-18,Poor Quality,69.22
1581,12480,2024-08-10,Late Delivery,68.36
1582,12484,2025-01-10,Wrong Item,58.54
1583,12499,2025-04-05,Size Issue,244.02
1584,12503,2026-01-01,Wrong Item,298.53
1585,12505,2026-01-16,Size Issue,303.81
1586,12528,2025-04-05,Late Delivery,152.14
1587,12531,2025-06-07,Poor Quality,29.98
1588,12532,2024-02-18,Damaged,748.94
1589,12538,2025-06-23,Late Delivery,69.67
1590,12540,2025-11-14,Customer Changed Mind,109.8
1591,12545,2025-02-03,Customer Changed Mind,178.05
1592,12549,2025-12-11,Size Issue,231.42
1593,12550,2025-08-27,Size Issue,77.79
1594,12553,2024-08-05,Size Issue,452.44
1595,12556,2024-09-08,Damaged,145.25
1596,12563,2025-12-01,Poor Quality,272.89
1597,12570,2024-07-10,Late Delivery,156.57
1598,12580,2023-11-19,Late Delivery,154.81
1599,12617,2024-03-28,Size Issue,243.79
1600,12630,2024-07-28,Size Issue,368.52
1601,12632,2025-12-16,Customer Changed Mind,31.32
1602,12635,2025-04-11,Late Delivery,192.64
1603,12636,2023-09-29,Poor Quality,19.1
1604,12643,2024-05-18,Damaged,315.21
1605,12661,2024-06-09,Customer Changed Mind,156.1
1606,12666,2023-07-11,Customer Changed Mind,185.08
1607,12685,2025-04-06,Poor Quality,466.34
1608,12686,2025-11-17,Poor Quality,63.87
1609,12690,2024-10-16,Size Issue,698.28
1610,12695,2026-01-22,Customer Changed Mind,49.64
1611,12713,2025-08-07,Size Issue,169.22
1612,12719,2025-05-30,Wrong Item,107.64
1613,12723,2025-06-26,Damaged,15.54
1614,12748,2025-02-05,Damaged,197.05
1615,12767,2023-11-19,Late Delivery,381.04
1616,12770,2026-01-14,Wrong Item,88.27
1617,12771,2025-03-10,Wrong Item,201.87
1618,12776,2025-02-24,Size Issue,268.17
1619,12790,2023-04-26,Poor Quality,333.05
1620,12803,2025-12-29,Customer Changed Mind,16.03
1621,12809,2025-11-21,Poor Quality,124.9
1622,12812,2025-10-21,Size Issue,658.18
1623,12813,2025-01-21,Size Issue,145.21
1624,12820,2025-01-20,Size Issue,109.33
1625,12829,2026-01-03,Customer Changed Mind,320.56
1626,12835,2024-11-04,Size Issue,314.36
1627,12839,2025-12-30,Customer Changed Mind,43.41
1628,12840,2024-08-09,Customer Changed Mind,62.83
1629,12843,2025-08-17,Poor Quality,364.53
1630,12850,2024-10-02,Damaged,14.38
1631,12882,2025-07-17,Damaged,250.91
1632,12919,2024-07-22,Customer Changed Mind,100.3
1633,12921,2025-09-18,Size Issue,142.0
1634,12923,2023-10-02,customer changed mind,224.81
1635,12950,2025-09-14,Damaged,120.79
1636,12955,2025-07-08,Damaged,256.85
1637,12969,2026-01-04,Size Issue,251.19
1638,12979,2025-12-16,Poor Quality,445.99
1639,12983,2025-04-13,Late Delivery,64.76
1640,12984,2025-09-03,Customer Changed Mind,61.11
1641,12994,2025-09-16,Damaged,294.59
1642,12995,2024-07-02,Late Delivery,50.09
1643,13008,2025-09-08,Size Issue,469.15
1644,13009,2025-08-05,Wrong Item,346.2
1645,13016,2025-07-25,Late Delivery,37.95
1646,13029,2024-11-14,Damaged,39.18
1647,13045,2024-09-21,Size Issue,124.49
1648,13053,2025-02-21,Poor Quality,225.01
1649,13054,2026-01-25,Size Issue,15.15
1650,13058,2025-01-01,Wrong Item,119.77
1651,13072,2025-11-02,Poor Quality,33.38
1652,13075,2024-05-02,Wrong Item,344.57
1653,13090,2024-06-12,Poor Quality,65.04
1654,13094,2025-08-31,Wrong Item,113.34
1655,13098,2024-12-12,Poor Quality,536.86
1656,13102,2024-10-21,Poor Quality,197.22
1657,13118,2025-12-23,Size Issue,133.56
1658,13128,2025-12-28,Customer Changed Mind,44.38
1659,13138,2026-01-07,Customer Changed Mind,711.04
1660,13146,2024-06-03,Poor Quality,37.37
1661,13160,2024-04-21,Size Issue,95.63
1662,13168,2025-10-07,Size Issue,164.82
1663,13169,2024-03-21,Customer Changed Mind,359.85
1664,13172,2025-03-24,Customer Changed Mind,17.94
1665,13175,2026-01-02,Damaged,271.81
1666,13196,2024-03-17,Wrong Item,65.88
1667,13199,2025-02-16,Size Issue,1140.46
1668,13216,2024-10-13,Late Delivery,170.9
1669,13221,2024-09-04,Size Issue,541.85
1670,13222,2025-08-29,Poor Quality,75.94
1671,13229,2025-03-06,Wrong Item,38.51
1672,13230,2024-08-01,Damaged,216.82
1673,13234,2025-05-18,Customer Changed Mind,159.23
1674,13235,2025-06-22,Wrong Item,454.57
1675,13240,2024-02-29,size issue,252.72
1676,13253,2024-01-22,Wrong Item,120.65
1677,13254,2024-07-20,Poor Quality,25.78
1678,13258,2025-06-29,Size Issue,800.65
1679,13261,2025-04-08,Customer Changed Mind,40.05
1680,13270,2025-08-21,Customer Changed Mind,298.77
1681,13274,2025-09-30,Damaged,111.75
1682,13275,2025-02-27,Wrong Item,64.03
1683,13286,2025-02-14,Size Issue,96.77
1684,13287,2026-01-19,Customer Changed Mind,14.34
1685,13288,2025-09-26,Customer Changed Mind,402.48
1686,13300,2026-01-05,Size Issue,49.01
1687,13313,2025-03-31,Customer Changed Mind,162.29
1688,13324,2024-04-27,Poor Quality,412.99
1689,13336,2025-02-04,Wrong Item,106.23
1690,13346,2025-04-09,Size Issue,62.49
1691,13350,2026-01-12,Damaged,185.23
1692,13356,2025-08-05,Size Issue,303.2
1693,13363,2024-08-12,Poor Quality,42.52
1694,13369,2025-08-19,Damaged,277.45
1695,13371,2024-06-25,Customer Changed Mind,572.83
1696,13386,2026-01-11,Customer Changed Mind,199.26
1697,13387,2023-11-12,Size Issue,21.17
1698,13396,2024-03-19,Wrong Item,62.96
1699,13398,2025-11-29,Size Issue,402.41
1700,13401,2025-06-27,Customer Changed Mind,28.99
1701,13406,2025-11-01,Late Delivery,114.06
1702,13418,2024-12-06,Customer Changed Mind,106.41
1703,13422,2023-06-15,Poor Quality,231.29
1704,13426,2025-10-13,Wrong Item,31.28
1705,13440,2024-07-04,Late Delivery,403.84
1706,13458,2023-11-09,Late Delivery,254.36
1707,13466,2026-01-16,Late Delivery,506.28
1708,13476,2024-09-17,Late Delivery,196.64
1709,13479,2025-12-25,Customer Changed Mind,34.7
1710,13491,2025-10-20,Poor Quality,682.96
1711,13492,2023-10-06,Size Issue,466.96
1712,13493,2025-06-15,Size Issue,97.67
1713,13511,2025-09-12,Size Issue,200.87
1714,13522,2023-10-11,Size Issue,710.89
1715,13523,2025-10-24,Wrong Item,176.43
1716,13524,2025-08-11,Size Issue,253.06
1717,13536,2026-01-10,Customer Changed Mind,38.79
1718,13541,2025-04-06,Late Delivery,347.47
1719,13542,2024-06-17,Damaged,64.75
1720,13562,2025-09-24,Late Delivery,501.08
1721,13566,2025-07-07,Poor Quality,190.68
1722,13568,2025-06-27,Size Issue,318.51
1723,13582,2024-03-16,Wrong Item,76.33
1724,13583,2025-05-25,Damaged,405.62
1725,13585,2025-12-27,Damaged,75.99
1726,13593,2025-08-11,Wrong Item,489.08
1727,13596,2025-12-10,Customer Changed Mind,420.42
1728,13610,2025-03-24,Poor Quality,45.46
1729,13611,2024-12-11,Size Issue,20.8
1730,13623,2025-03-01,Wrong Item,94.79
1731,13635,2024-04-29,Customer Changed Mind,166.29
1732,13644,2024-06-09,Damaged,352.26
1733,13651,2024-09-20,Late Delivery,228.79
1734,13654,2025-08-07,Wrong Item,227.32
1735,13668,2024-09-22,Damaged,172.42
1736,13672,2024-08-21,Late Delivery,153.95
1737,13678,2026-01-13,Wrong Item,140.25
1738,13682,2025-02-25,Wrong Item,509.12
1739,13684,2026-01-05,Size Issue,185.86
1740,13686,2023-11-11,Damaged,1089.2
1741,13687,2025-01-31,Late Delivery,476.17
1742,13696,2025-11-01,Wrong Item,8.4
1743,13699,2025-07-23,Size Issue,286.81
1744,13702,2024-10-15,Size Issue,63.81
1745,13729,2025-01-25,Size Issue,37.12
1746,13763,2026-01-17,Damaged,181.47
1747,13767,2024-09-16,Wrong Item,155.42
1748,13771,2025-06-03,Wrong Item,11.9
1749,13789,2025-03-27,Late Delivery,322.42
1750,13792,2025-12-29,Customer Changed Mind,126.52
1751,13793,2025-10-27,wrong item,269.4
1752,13797,2025-09-05,Damaged,166.29
1753,13804,2025-09-06,Damaged,41.88
1754,13807,2025-08-15,Size Issue,296.38
1755,13822,2025-02-04,Size Issue,370.67
1756,13835,2024-08-01,Damaged,679.74
1757,13848,2024-10-22,Late Delivery,16.62
1758,13858,2024-09-24,Wrong Item,111.84
1759,13859,2023-08-29,Damaged,52.83
1760,13860,2023-07-30,Customer Changed Mind,174.56
1761,13863,2025-02-15,Poor Quality,440.65
1762,13866,2026-01-02,Size Issue,294.93
1763,13888,2024-12-08,Customer Changed Mind,56.33
1764,13892,2024-07-13,Size Issue,149.73
1765,13913,2025-08-07,Size Issue,444.53
1766,13917,2024-12-26,Poor Quality,474.23
1767,13931,2025-04-12,Size Issue,88.61
1768,13932,2025-04-13,Customer Changed Mind,531.98
1769,13935,2025-05-01,Size Issue,751.74
1770,13949,2024-11-17,Poor Quality,260.61
1771,13954,2025-03-21,Damaged,125.6
1772,13961,2025-06-30,Size Issue,158.43
1773,13965,2024-09-18,Damaged,411.5
1774,13986,2025-03-24,late delivery,304.51
1775,13991,2024-12-28,Poor Quality,172.36
1776,13993,2025-08-23,Size Issue,229.94
1777,13997,2025-09-29,Poor Quality,137.2
1778,13998,2025-10-07,Poor Quality,57.21
1779,14002,2025-01-23,Size Issue,23.72
1780,14014,2025-12-18,Damaged,377.5
1781,14019,2025-12-15,Customer Changed Mind,66.92
1782,14021,2025-02-07,Wrong Item,303.73
1783,14034,2025-07-30,Size Issue,83.94
1784,14038,2025-07-24,Size Issue,237.61
1785,14045,2026-01-05,Late Delivery,458.46
1786,14055,2025-08-21,Customer Changed Mind,18.75
1787,14056,2025-09-02,Wrong Item,144.94
1788,14070,2025-05-23,Customer Changed Mind,218.4
1789,14071,2025-08-28,Customer Changed Mind,33.01
1790,14086,2025-04-12,Customer Changed Mind,47.9
1791,14090,2026-01-26,Customer Changed Mind,41.86
1792,14095,2024-12-17,Size Issue,329.8
1793,14118,2025-09-04,Late Delivery,177.55
1794,14142,2025-08-28,Damaged,99.07
1795,14165,2024-12-14,Size Issue,313.95
1796,14173,2025-09-26,Late Delivery,565.04
1797,14182,2024-05-07,Late Delivery,163.08
1798,14184,2024-06-22,Poor Quality,233.29
1799,14204,2024-10-06,Damaged,92.02
1800,14210,2024-10-02,Size Issue,23.37
1801,14218,2023-09-03,Late Delivery,144.42
1802,14221,2024-08-02,Size Issue,766.5
1803,14234,2025-08-20,Size Issue,118.07
1804,14266,2025-10-02,Damaged,198.08
1805,14271,2025-09-05,customer changed mind,212.35
1806,14289,2025-12-04,Damaged,810.2
1807,14299,2026-01-18,Wrong Item,380.89
1808,14362,2025-03-07,Poor Quality,564.82
1809,14363,2023-06-24,Size Issue,23.29
1810,14370,2025-06-29,Size Issue,555.09
1811,14374,2025-12-11,Poor Quality,132.99
1812,14398,2025-05-09,Size Issue,654.91
1813,14399,2024-09-18,Poor Quality,441.02
1814,14405,2025-06-27,Wrong Item,28.5
1815,14406,2024-01-16,Customer Changed Mind,16.93
1816,14413,2025-11-11,Customer Changed Mind,453.15
1817,14426,2024-12-02,Customer Changed Mind,468.81
1818,14431,2024-04-14,Poor Quality,496.41
1819,14433,2025-06-17,Size Issue,392.15
1820,14440,2025-10-18,Late Delivery,243.9
1821,14444,2025-09-06,Customer Changed Mind,10.23
1822,14453,2024-03-31,Late Delivery,687.53
1823,14459,2025-12-20,Damaged,621.24
1824,14460,2024-08-15,Size Issue,761.47
1825,14465,2024-08-28,Poor Quality,601.83
1826,14467,2025-12-07,Customer Changed Mind,215.63
1827,14473,2025-11-16,Wrong Item,98.44
1828,14476,2025-12-11,Damaged,457.73
1829,14479,2024-08-07,Late Delivery,173.07
1830,14483,2024-05-17,Poor Quality,48.4
1831,14497,2024-10-18,Poor Quality,49.87
1832,14503,2023-11-24,Customer Changed Mind,540.27
1833,14515,2025-12-13,Wrong Item,477.6
1834,14517,2024-11-21,Poor Quality,146.43
1835,14530,2026-01-02,Size Issue,11.67
1836,14535,2025-06-10,Size Issue,196.24
1837,14541,2025-12-21,Customer Changed Mind,284.62
1838,14544,2025-01-17,Late Delivery,240.59
1839,14547,2024-03-25,Damaged,386.79
1840,14552,2024-07-28,Poor Quality,204.55
1841,14554,2025-05-24,Damaged,374.32
1842,14556,2025-06-28,Customer Changed Mind,19.6
1843,14569,2025-02-26,Size Issue,79.98
1844,14571,2025-08-09,Late Delivery,136.97
1845,14572,2026-01-17,Size Issue,171.8
1846,14579,2025-06-14,Wrong Item,33.82
1847,14584,2024-09-27,Late Delivery,98.59
1848,14600,2026-01-17,Late Delivery,63.71
1849,14601,2025-01-04,Wrong Item,37.65
1850,14604,2026-01-02,Damaged,42.74
1851,14623,2025-09-07,Damaged,97.09
1852,14647,2025-02-21,Poor Quality,155.91
1853,14663,2026-01-22,Poor Quality,390.01
1854,14664,2024-03-07,Customer Changed Mind,116.09
1855,14665,2025-04-01,Poor Quality,48.25
1856,14666,2025-12-31,Poor Quality,591.47
1857,14674,2026-01-18,Wrong Item,59.32
1858,14675,2025-04-05,Wrong Item,66.01
1859,14678,2025-04-22,Damaged,473.68
1860,14680,2025-10-26,Customer Changed Mind,77.8
1861,14702,2024-07-16,Wrong Item,35.62
1862,14711,2025-05-21,Late Delivery,100.6
1863,14718,2025-08-28,Late Delivery,259.34
1864,14726,2025-03-08,Poor Quality,37.87
1865,14736,2025-12-26,Customer Changed Mind,101.65
1866,14752,2025-07-24,Damaged,331.94
1867,14758,2025-11-25,Late Delivery,206.61
1868,14772,2024-12-24,Damaged,79.64
1869,14774,2024-07-16,Poor Quality,537.74
1870,14778,2025-04-02,Late Delivery,310.22
1871,14805,2025-11-16,Customer Changed Mind,167.03
1872,14806,2023-06-17,Size Issue,41.48
1873,14830,2025-05-09,Damaged,390.37
1874,14836,2024-04-07,Poor Quality,341.82
1875,14843,2025-11-25,Damaged,522.41
1876,14851,2025-12-23,Damaged,22.33
1877,14855,2024-11-25,Customer Changed Mind,149.65
1878,14859,2024-03-27,Customer Changed Mind,415.91
1879,14860,2024-09-15,Poor Quality,78.15
1880,14862,2025-05-03,Wrong Item,60.89
1881,14866,2025-04-02,Damaged,33.31
1882,14873,2025-04-14,Poor Quality,89.52
1883,14875,2025-08-23,Size Issue,11.21
1884,14883,2026-01-16,Customer Changed Mind,406.55
1885,14888,2024-04-18,Size Issue,165.71
1886,14890,2025-04-19,Damaged,152.64
1887,14901,2023-11-30,Customer Changed Mind,77.67
1888,14913,2025-12-18,Damaged,79.79
1889,14918,2023-11-09,Customer Changed Mind,256.5
1890,14922,2025-06-29,Poor Quality,158.55
1891,14933,2025-12-02,Late Delivery,28.33
1892,14941,2025-04-01,Wrong Item,93.7
1893,14944,2024-05-08,Poor Quality,46.62
1894,14945,2025-07-04,Customer Changed Mind,31.28
1895,14951,2026-01-09,Customer Changed Mind,61.34
1896,14964,2025-11-05,Poor Quality,485.81
1897,14968,2025-10-14,Wrong Item,227.42
1898,14969,2025-07-13,Size Issue,1101.13
1899,14971,2024-06-26,Size Issue,46.03
1900,14984,2026-01-04,Customer Changed Mind,39.37
1901,15018,2025-04-23,Customer Changed Mind,50.7
1902,15029,2024-10-24,Customer Changed Mind,415.9
1903,15031,2025-09-27,Customer Changed Mind,371.09
1904,15040,2023-04-29,Damaged,851.49
1905,15045,2025-05-30,Damaged,84.22
1906,15054,2026-01-23,Customer Changed Mind,18.91
1907,15066,2024-04-29,Customer Changed Mind,168.24
1908,15083,2024-04-28,Wrong Item,142.42
1909,15084,2025-02-02,Size Issue,325.33
1910,15087,2025-06-09,Late Delivery,183.39
1911,15089,2025-06-02,Damaged,560.19
1912,15096,2025-12-16,Late Delivery,63.62
1913,15101,2025-02-10,Customer Changed Mind,74.19
1914,15116,2025-04-26,Wrong Item,48.43
1915,15124,2024-04-22,Size Issue,277.44
1916,15134,2025-11-10,Size Issue,66.45
1917,15136,2025-04-08,Size Issue,37.47
1918,15141,2024-12-31,Customer Changed Mind,28.9
1919,15144,2025-07-10,Size Issue,324.98
1920,15151,2024-03-10,Damaged,158.09
1921,15154,2024-08-06,Wrong Item,137.3
1922,15167,2025-01-14,Wrong Item,9.2
1923,15178,2024-05-05,Size Issue,97.05
1924,15191,2025-11-30,Customer Changed Mind,28.45
1925,15193,2026-01-02,Size Issue,430.44
1926,15208,2024-10-31,Wrong Item,93.18
1927,15223,2025-05-20,Damaged,185.37
1928,15234,2025-01-18,Late Delivery,389.14
1929,15250,2026-01-27,Late Delivery,405.14
1930,15257,2025-07-14,Wrong Item,151.82
1931,15259,2025-04-17,Customer Changed Mind,185.31
1932,15265,2024-12-02,Late Delivery,71.62
1933,15266,2025-05-13,Size Issue,245.9
1934,15269,2025-12-23,Damaged,463.46
1935,15272,2025-05-09,Customer Changed Mind,65.56
1936,15273,2024-02-23,Size Issue,124.12
1937,15274,2024-07-17,Size Issue,80.23
1938,15295,2026-01-20,Size Issue,55.88
1939,15297,2025-07-12,Customer Changed Mind,435.66
1940,15313,2025-09-30,Wrong Item,231.15
1941,15318,2025-03-28,Poor Quality,398.45
1942,15333,2026-01-02,Size Issue,260.8
1943,15339,2025-07-21,Damaged,72.8
1944,15351,2025-06-16,Size Issue,303.49
1945,15370,2024-12-18,Poor Quality,198.72
1946,15372,2024-07-19,Size Issue,65.67
1947,15376,2023-06-11,Damaged,272.16
1948,15380,2025-10-05,Customer Changed Mind,93.54
1949,15384,2025-04-26,Damaged,106.52
1950,15385,2023-10-31,Late Delivery,187.67
1951,15399,2024-05-27,Wrong Item,212.17
1952,15408,2024-07-21,Poor Quality,127.13
1953,15409,2024-04-16,Wrong Item,303.84
1954,15414,2025-08-23,Customer Changed Mind,103.7
1955,15419,2025-11-09,Customer Changed Mind,477.64
1956,15423,2024-11-04,Size Issue,290.68
1957,15443,2025-05-12,Poor Quality,373.29
1958,15463,2025-11-21,Customer Changed Mind,317.23
1959,15482,2025-09-21,Damaged,26.26
1960,15494,2025-10-07,Late Delivery,12.64
1961,15495,2025-09-13,Damaged,471.26
1962,15506,2025-04-21,Size Issue,94.34
1963,15511,2025-05-14,Damaged,524.23
1964,15517,2025-04-20,Poor Quality,650.02
1965,15525,2024-12-17,Customer Changed Mind,38.68
1966,15531,2025-05-07,Size Issue,129.42
1967,15543,2025-12-01,Customer Changed Mind,168.57
1968,15548,2025-12-20,Wrong Item,373.32
1969,15551,2025-02-18,Customer Changed Mind,87.73
1970,15559,2025-12-31,Size Issue,479.34
1971,15566,2024-11-23,Customer Changed Mind,116.3
1972,15581,2025-12-29,Poor Quality,68.25
1973,15595,2025-11-09,Damaged,60.46
1974,15604,2025-11-23,Customer Changed Mind,38.84
1975,15608,2024-08-24,Customer Changed Mind,86.43
1976,15610,2025-06-28,Poor Quality,116.63
1977,15611,2025-09-07,Size Issue,58.18
1978,15641,2026-01-10,Damaged,345.29
1979,15642,2026-01-15,Damaged,59.53
1980,15645,2025-07-23,Damaged,299.53
1981,15647,2026-01-21,Late Delivery,642.91
1982,15648,2025-12-24,Late Delivery,383.78
1983,15656,2025-10-17,Poor Quality,498.15
1984,15666,2025-11-06,Size Issue,35.2
1985,15667,2025-05-04,Size Issue,25.87
1986,15674,2025-08-31,Size Issue,95.62
1987,15678,2026-01-28,Size Issue,208.97
1988,15690,2024-12-01,Damaged,582.07
1989,15699,2025-09-16,Wrong Item,267.12
1990,15716,2025-12-02,Damaged,88.79
1991,15724,2024-11-28,Damaged,53.77
1992,15729,2026-01-05,Damaged,597.24
1993,15748,2025-05-19,Size Issue,379.7
1994,15764,2025-08-21,Late Delivery,182.92
1995,15767,2026-01-20,Poor Quality,46.6
1996,15772,2024-01-09,Late Delivery,230.42
1997,15779,2025-04-25,Poor Quality,207.71
1998,15788,2026-01-03,Customer Changed Mind,60.73
1999,15824,2024-06-12,Poor Quality,79.78
2000,15832,2023-12-24,Wrong Item,186.67
2001,15835,2025-08-21,Customer Changed Mind,185.14
2002,15847,2026-01-02,Poor Quality,37.25
2003,15848,2026-01-02,Late Delivery,171.99
2004,15860,2024-07-22,Wrong Item,178.05
2005,15870,2025-06-26,Damaged,252.02
2006,15892,2024-03-08,Damaged,70.8
2007,15896,2023-11-11,Poor Quality,56.34
2008,15899,2024-07-16,Size Issue,496.7
2009,15904,2025-03-06,Customer Changed Mind,1172.52
2010,15914,2025-06-19,Late Delivery,80.23
2011,15915,2024-02-19,Poor Quality,168.02
2012,15933,2025-04-20,Late Delivery,49.7
2013,15934,2026-01-15,Wrong Item,248.78
2014,15936,2025-01-02,Customer Changed Mind,31.48
2015,15937,2026-01-02,Late Delivery,199.95
2016,15944,2025-09-27,Damaged,134.96
2017,15958,2023-12-28,Damaged,1178.94
2018,15966,2025-12-22,Size Issue,415.29
2019,15970,2024-02-16,Wrong Item,20.84
2020,15971,2023-12-19,Wrong Item,112.44
2021,15985,2025-03-14,wrong item,174.52
2022,15986,2023-08-12,Damaged,376.51
2023,15996,2025-06-24,Poor Quality,72.44
2024,16006,2025-11-03,Poor Quality,170.11
2025,16015,2024-04-14,Wrong Item,400.29
2026,16044,2025-11-30,Wrong Item,285.87
2027,16045,2024-07-01,Size Issue,194.56
2028,16054,2025-12-22,Poor Quality,466.97
2029,16060,2025-05-15,Size Issue,188.41
2030,16062,2025-11-14,Customer Changed Mind,48.52
2031,16064,2025-07-05,Size Issue,33.85
2032,16066,2024-12-02,Size Issue,16.52
2033,16070,2025-08-26,Customer Changed Mind,21.9
2034,16073,2025-05-12,Late Delivery,275.93
2035,16074,2026-01-29,Poor Quality,460.46
2036,16083,2025-10-22,Late Delivery,284.51
2037,16087,2026-01-25,Late Delivery,211.51
2038,16092,2026-01-19,Late Delivery,549.78
2039,16098,2024-08-31,Poor Quality,108.49
2040,16099,2024-08-10,Size Issue,263.0
2041,16102,2025-08-04,Poor Quality,69.88
2042,16110,2025-03-21,Late Delivery,263.38
2043,16115,2026-01-15,Size Issue,278.59
2044,16118,2025-12-05,Customer Changed Mind,322.53
2045,16123,2026-01-07,Late Delivery,129.56
2046,16132,2024-12-19,Late Delivery,142.85
2047,16146,2024-09-14,Size Issue,375.57
2048,16161,2025-03-13,Poor Quality,972.92
2049,16162,2025-02-16,Wrong Item,471.38
2050,16171,2026-01-11,Poor Quality,716.58
2051,16182,2025-05-31,Damaged,290.96
2052,16184,2025-10-16,Late Delivery,85.58
2053,16195,2025-12-17,Late Delivery,35.84
2054,16200,2025-07-31,Size Issue,105.46
2055,16201,2026-01-29,Wrong Item,50.9
2056,16220,2024-12-03,Late Delivery,38.97
2057,16245,2026-01-10,Customer Changed Mind,267.84
2058,16250,2023-06-10,Damaged,254.16
2059,16265,2025-05-12,Size Issue,109.32
2060,16280,2025-07-17,Damaged,96.04
2061,16286,2025-11-30,Wrong Item,25.69
2062,16290,2023-11-29,Wrong Item,278.7
2063,16295,2025-12-27,Damaged,767.7
2064,16317,2024-11-11,Size Issue,334.85
2065,16333,2025-06-21,Poor Quality,23.13
2066,16334,2025-10-22,Size Issue,900.66
2067,16346,2025-11-23,Poor Quality,42.57
2068,16347,2025-10-29,Size Issue,74.75
2069,16353,2024-10-14,Late Delivery,46.51
2070,16355,2025-05-07,Poor Quality,37.57
2071,16366,2025-08-20,Size Issue,108.49
2072,16378,2025-06-16,Damaged,140.71
2073,16392,2024-03-25,Wrong Item,42.15
2074,16409,2024-08-10,Damaged,75.37
2075,16424,2025-10-09,Customer Changed Mind,83.39
2076,16429,2025-04-15,Damaged,482.82
2077,16445,2024-08-09,Damaged,342.47
2078,16462,2024-04-28,Wrong Item,204.58
2079,16466,2025-06-28,Customer Changed Mind,454.98
2080,16470,2025-11-25,Late Delivery,1115.66
2081,16497,2024-06-02,Poor Quality,223.95
2082,16498,2025-06-16,Poor Quality,447.06
2083,16503,2024-08-14,Wrong Item,219.79
2084,16518,2023-11-04,Late Delivery,416.02
2085,16524,2025-04-30,Size Issue,339.85
2086,16551,2025-01-24,Damaged,91.89
2087,16559,2026-01-14,Late Delivery,98.59
2088,16583,2025-09-09,Size Issue,498.73
2089,16604,2025-05-20,Damaged,444.52
2090,16610,2026-01-10,Late Delivery,92.84
2091,16615,2025-03-22,Size Issue,425.98
2092,16623,2025-05-01,Size Issue,18.07
2093,16626,2025-04-30,Customer Changed Mind,28.98
2094,16630,2026-01-13,Size Issue,113.72
2095,16647,2025-02-03,Poor Quality,342.65
2096,16653,2025-06-21,Poor Quality,91.55
2097,16661,2024-12-23,Wrong Item,292.69
2098,16665,2026-01-21,Customer Changed Mind,197.32
2099,16668,2025-09-10,Poor Quality,110.12
2100,16671,2024-12-07,Damaged,51.17
2101,16673,2024-09-13,Size Issue,43.9
2102,16683,2025-01-23,Size Issue,88.59
2103,16697,2024-09-15,Size Issue,176.15
2104,16701,2025-06-25,Size Issue,132.33
2105,16704,2024-12-19,Customer Changed Mind,312.81
2106,16724,2024-11-07,Late Delivery,10.45
2107,16731,2024-10-16,Size Issue,231.9
2108,16752,2024-12-02,Size Issue,40.09
2109,16769,2025-01-29,Customer Changed Mind,296.9
2110,16783,2025-12-11,Poor Quality,153.5
2111,16784,2025-11-21,Customer Changed Mind,50.16
2112,16798,2025-12-15,Wrong Item,372.54
2113,16806,2025-08-24,Poor Quality,66.86
2114,16810,2024-04-07,Late Delivery,202.58
2115,16815,2024-12-17,Late Delivery,393.61
2116,16832,2025-06-17,Wrong Item,138.33
2117,16841,2025-05-10,Poor Quality,41.4
2118,16849,2024-11-02,Customer Changed Mind,179.98
2119,16850,2024-08-16,Damaged,71.91
2120,16860,2023-11-02,Wrong Item,20.28
2121,16886,2025-06-07,Late Delivery,191.26
2122,16887,2026-01-05,Poor Quality,233.55
2123,16908,2024-11-06,Damaged,174.57
2124,16910,2025-07-28,Customer Changed Mind,89.43
2125,16919,2025-08-11,Wrong Item,225.23
2126,16936,2025-03-02,late delivery,673.17
2127,16947,2023-09-06,Damaged,248.48
2128,16964,2024-08-11,Size Issue,327.27
2129,16972,2026-01-10,Size Issue,341.77
2130,16986,2025-05-31,Customer Changed Mind,350.24
2131,17001,2025-10-27,Damaged,107.53
2132,17015,2025-06-17,Size Issue,87.8
2133,17025,2025-06-25,Poor Quality,13.55
2134,17054,2024-11-20,Customer Changed Mind,34.79
2135,17058,2025-12-04,Poor Quality,217.53
2136,17064,2026-01-08,Damaged,83.76
2137,17071,2025-12-07,Damaged,165.7
2138,17072,2024-04-17,Size Issue,354.15
2139,17076,2025-08-11,Poor Quality,375.31
2140,17089,2025-09-28,Size Issue,120.16
2141,17098,2025-06-18,Size Issue,350.94
2142,17122,2025-01-10,Size Issue,537.0
2143,17124,2024-10-06,Customer Changed Mind,75.63
2144,17133,2025-12-01,Size Issue,311.72
2145,17136,2026-01-05,Size Issue,70.62
2146,17148,2025-12-03,Customer Changed Mind,128.38
2147,17149,2025-10-17,Damaged,148.49
2148,17150,2026-01-28,Poor Quality,355.96
2149,17151,2025-04-20,Poor Quality,39.88
2150,17157,2024-12-12,Wrong Item,143.51
2151,17167,2025-09-23,Poor Quality,579.76
2152,17171,2025-07-23,Size Issue,98.02
2153,17175,2025-03-21,Damaged,492.67
2154,17177,2025-05-08,Damaged,74.25
2155,17188,2024-12-30,Poor Quality,25.23
2156,17217,2025-01-02,Size Issue,81.95
2157,17222,2025-03-20,Poor Quality,457.08
2158,17227,2026-01-27,Customer Changed Mind,158.83
2159,17238,2025-08-09,Wrong Item,97.7
2160,17255,2026-01-09,Damaged,324.78
2161,17258,2025-11-20,Wrong Item,160.77
2162,17264,2024-02-27,Size Issue,10.27
2163,17267,2024-02-18,Poor Quality,616.58
2164,17268,2025-10-22,Damaged,234.12
2165,17274,2025-10-21,Customer Changed Mind,33.46
2166,17279,2026-01-01,Size Issue,15.2
2167,17321,2025-11-27,Poor Quality,238.5
2168,17332,2025-12-18,Size Issue,6.26
2169,17336,2024-02-26,Damaged,73.53
2170,17337,2025-09-14,Customer Changed Mind,8.13
2171,17352,2026-01-28,Customer Changed Mind,132.67
2172,17365,2024-10-07,Late Delivery,88.29
2173,17367,2025-12-22,Customer Changed Mind,389.02
2174,17403,2025-01-21,Customer Changed Mind,12.35
2175,17406,2025-08-27,Late Delivery,125.72
2176,17411,2026-01-28,Damaged,607.09
2177,17435,2025-07-03,Size Issue,137.08
2178,17443,2025-04-09,Size Issue,23.74
2179,17446,2025-06-17,Damaged,223.48
2180,17452,2024-12-13,Size Issue,70.99
2181,17465,2025-08-26,Customer Changed Mind,38.2
2182,17468,2026-01-25,Customer Changed Mind,781.46
2183,17469,2024-10-16,Late Delivery,975.76
2184,17476,2025-05-15,Customer Changed Mind,67.31
2185,17484,2024-10-28,Size Issue,30.13
2186,17487,2025-11-24,Customer Changed Mind,51.52
2187,17490,2026-01-06,Late Delivery,22.25
2188,17491,2025-10-12,Size Issue,267.89
2189,17499,2025-10-28,Late Delivery,335.25
2190,17505,2024-03-05,Damaged,611.51
2191,17512,2024-05-19,Size Issue,298.21
2192,17516,2025-01-19,Size Issue,54.01
2193,17519,2025-01-18,Size Issue,16.42
2194,17531,2023-12-04,Size Issue,163.5
2195,17542,2024-10-29,Customer Changed Mind,27.5
2196,17576,2025-04-26,Size Issue,84.26
2197,17584,2025-03-28,Size Issue,449.08
2198,17593,2024-07-16,Late Delivery,426.26
2199,17595,2024-08-01,Damaged,443.13
2200,17596,2025-12-09,Size Issue,581.53
2201,17599,2025-06-05,Size Issue,143.12
2202,17600,2024-09-01,Poor Quality,48.56
2203,17636,2025-12-23,Customer Changed Mind,363.93
2204,17641,2024-09-03,Damaged,454.74
2205,17642,2025-01-16,Customer Changed Mind,9.84
2206,17645,2024-06-02,Damaged,35.74
2207,17652,2025-12-28,Customer Changed Mind,473.58
2208,17663,2025-12-16,Late Delivery,306.92
2209,17664,2025-01-31,Customer Changed Mind,64.18
2210,17665,2024-12-09,Size Issue,91.01
2211,17681,2025-05-12,Customer Changed Mind,320.98
2212,17688,2024-03-17,Size Issue,727.53
2213,17690,2025-06-04,Size Issue,972.81
2214,17696,2026-01-15,Damaged,63.63
2215,17711,2023-12-06,Damaged,72.45
2216,17717,2026-01-08,Wrong Item,161.75
2217,17718,2025-10-10,Late Delivery,8.37
2218,17726,2025-04-17,Wrong Item,124.99
2219,17737,2025-03-30,Poor Quality,380.2
2220,17746,2025-12-15,Customer Changed Mind,210.37
2221,17756,2025-03-18,Customer Changed Mind,434.47
2222,17757,2025-11-29,Customer Changed Mind,62.36
2223,17761,2025-05-26,Late Delivery,47.32
2224,17762,2025-09-06,Size Issue,37.49
2225,17770,2023-12-14,Size Issue,434.95
2226,17774,2023-04-02,Damaged,472.04
2227,17778,2026-01-12,Size Issue,63.3
2228,17779,2025-04-02,Wrong Item,112.09
2229,17786,2024-12-05,Late Delivery,543.2
2230,17793,2025-07-09,Damaged,118.85
2231,17799,2025-05-06,Late Delivery,171.73
2232,17805,2025-11-24,Damaged,21.64
2233,17808,2025-02-22,Late Delivery,267.18
2234,17827,2025-10-31,Wrong Item,149.95
2235,17828,2024-04-21,Late Delivery,92.74
2236,17836,2025-05-25,Size Issue,383.51
2237,17847,2025-11-28,Customer Changed Mind,91.17
2238,17863,2024-10-31,Wrong Item,209.81
2239,17867,2025-09-02,Customer Changed Mind,89.76
2240,17875,2024-11-18,Poor Quality,434.4
2241,17896,2025-12-10,Damaged,28.28
2242,17898,2025-06-12,Poor Quality,209.24
2243,17905,2024-08-24,Poor Quality,556.94
2244,17913,2024-12-17,Customer Changed Mind,74.86
2245,17922,2026-01-05,Size Issue,163.92
2246,17925,2025-01-25,Wrong Item,525.15
2247,17933,2026-01-05,Wrong Item,69.75
2248,17934,2025-12-17,Size Issue,610.62
2249,17950,2024-05-29,Size Issue,135.76
2250,17953,2026-01-22,Size Issue,267.17
2251,17955,2025-06-19,Size Issue,82.73
2252,17961,2025-12-05,Damaged,166.07
2253,17974,2025-09-22,Late Delivery,735.67
2254,17975,2026-01-23,Customer Changed Mind,636.77
2255,17998,2025-08-07,Customer Changed Mind,60.36
2256,18022,2025-11-22,Poor Quality,89.33
2257,18028,2025-12-20,Late Delivery,332.58
2258,18032,2025-05-11,Damaged,195.23
2259,18040,2025-01-28,Wrong Item,132.81
2260,18048,2024-08-20,Size Issue,247.96
2261,18056,2025-01-13,Customer Changed Mind,18.17
2262,18064,2026-01-11,Customer Changed Mind,426.32
2263,18085,2025-07-13,Damaged,724.51
2264,18086,2025-07-09,Late Delivery,27.6
2265,18095,2024-11-29,Poor Quality,627.72
2266,18098,2025-07-11,Size Issue,292.33
2267,18100,2024-03-09,Damaged,74.86
2268,18104,2024-06-04,Late Delivery,110.82
2269,18107,2024-06-29,Wrong Item,809.1
2270,18126,2025-11-01,Damaged,297.49
2271,18140,2025-11-10,Damaged,591.51
2272,18144,2023-12-31,Late Delivery,341.0
2273,18154,2025-07-09,Customer Changed Mind,92.95
2274,18161,2026-01-14,Wrong Item,247.39
2275,18168,2024-08-22,Size Issue,661.08
2276,18174,2025-05-10,Wrong Item,549.73
2277,18188,2025-07-06,Size Issue,72.54
2278,18196,2025-04-23,Late Delivery,283.86
2279,18212,2024-12-31,Poor Quality,501.67
2280,18217,2026-01-11,Size Issue,438.3
2281,18230,2025-12-21,Wrong Item,493.39
2282,18243,2024-01-07,Size Issue,1315.37
2283,18247,2025-04-05,Damaged,11.57
2284,18253,2025-06-01,Damaged,111.55
2285,18259,2025-10-08,Customer Changed Mind,16.83
2286,18312,2024-01-17,Size Issue,67.15
2287,18316,2026-01-23,Size Issue,146.22
2288,18322,2026-01-02,Damaged,113.85
2289,18329,2025-03-19,Customer Changed Mind,53.46
2290,18344,2024-11-23,Wrong Item,587.73
2291,18349,2025-04-26,Poor Quality,56.04
2292,18350,2025-12-26,Customer Changed Mind,611.03
2293,18365,2024-11-27,Customer Changed Mind,501.69
2294,18369,2024-12-06,Wrong Item,36.82
2295,18378,2025-11-09,Size Issue,35.19
2296,18382,2025-05-02,Damaged,456.87
2297,18391,2024-08-31,Damaged,1493.14
2298,18395,2024-10-24,Late Delivery,304.34
2299,18408,2025-10-28,Poor Quality,103.75
2300,18412,2025-11-18,Customer Changed Mind,159.42
2301,18434,2024-05-27,Size Issue,160.55
2302,18443,2025-09-14,Size Issue,374.55
2303,18466,2025-10-25,Poor Quality,45.65
2304,18470,2024-12-08,Damaged,338.74
2305,18474,2025-07-14,Customer Changed Mind,63.64
2306,18476,2024-10-29,Damaged,51.95
2307,18478,2024-12-02,Size Issue,37.12
2308,18486,2025-10-07,Customer Changed Mind,190.25
2309,18495,2024-05-10,Damaged,293.1
2310,18500,2025-10-22,Late Delivery,212.98
2311,18512,2025-11-21,Size Issue,299.22
2312,18514,2025-10-09,Poor Quality,159.69
2313,18516,2025-07-09,Customer Changed Mind,20.89
2314,18521,2024-11-30,Wrong Item,197.56
2315,18533,2025-08-13,Customer Changed Mind,137.95
2316,18534,2025-12-03,Size Issue,184.71
2317,18535,2025-04-13,Size Issue,34.96
2318,18536,2025-12-26,Late Delivery,75.2
2319,18538,2026-01-22,Size Issue,110.68
2320,18552,2024-09-01,Wrong Item,59.37
2321,18559,2025-11-26,Poor Quality,20.1
2322,18561,2024-08-13,Customer Changed Mind,65.61
2323,18570,2025-02-25,Damaged,49.92
2324,18602,2023-04-16,Damaged,58.13
2325,18615,2025-08-28,Late Delivery,89.63
2326,18619,2026-01-15,Late Delivery,157.6
2327,18629,2025-12-17,Damaged,45.65
2328,18638,2025-04-09,Wrong Item,107.74
2329,18656,2025-05-23,Late Delivery,70.97
2330,18667,2025-07-20,Damaged,446.71
2331,18674,2025-11-24,Customer Changed Mind,26.45
2332,18679,2025-04-04,Late Delivery,183.37
2333,18693,2024-12-04,Poor Quality,209.04
2334,18703,2026-01-29,Customer Changed Mind,250.84
2335,18716,2025-09-09,Damaged,936.92
2336,18736,2024-02-03,Damaged,345.4
2337,18741,2025-01-14,Size Issue,217.98
2338,18749,2023-08-22,Poor Quality,37.21
2339,18766,2026-01-29,Poor Quality,105.82
2340,18768,2023-12-24,Damaged,89.73
2341,18773,2025-09-11,Damaged,25.1
2342,18779,2026-01-09,Wrong Item,94.28
2343,18784,2025-07-01,Wrong Item,241.25
2344,18788,2025-09-05,Size Issue,464.86
2345,18791,2025-11-29,Size Issue,339.24
2346,18803,2025-11-26,Damaged,39.5
2347,18807,2025-03-19,Size Issue,727.26
2348,18815,2025-06-29,Late Delivery,220.18
2349,18822,2023-12-23,Poor Quality,222.27
2350,18827,2023-11-21,Size Issue,155.71
2351,18832,2024-11-21,Size Issue,445.7
2352,18843,2025-05-12,Size Issue,578.62
2353,18849,2024-10-06,Damaged,252.3
2354,18856,2025-10-06,Poor Quality,482.32
2355,18862,2025-08-19,Wrong Item,156.35
2356,18874,2025-01-16,Size Issue,205.47
2357,18876,2025-12-31,Damaged,63.5
2358,18877,2025-08-07,Customer Changed Mind,491.07
2359,18899,2025-01-24,Poor Quality,89.37
2360,18900,2025-12-03,Poor Quality,130.76
2361,18904,2023-12-29,Size Issue,569.31
2362,18908,2025-06-03,Size Issue,47.6
2363,18920,2023-10-05,Size Issue,315.74
2364,18929,2026-01-10,Damaged,82.95
2365,18930,2024-05-30,Size Issue,158.13
2366,18971,2025-08-18,Poor Quality,555.35
2367,18986,2025-11-01,Damaged,568.4
2368,18998,2025-02-05,Size Issue,581.39
2369,19005,2025-09-11,Damaged,47.74
2370,19007,2025-11-15,Late Delivery,121.22
2371,19011,2023-09-28,Damaged,103.45
2372,19013,2024-01-26,Poor Quality,50.81
2373,19017,2024-12-19,Wrong Item,542.98
2374,19024,2024-08-13,Damaged,279.34
2375,19027,2025-11-09,Size Issue,772.55
2376,19040,2025-09-12,Poor Quality,41.81
2377,19051,2025-09-04,Late Delivery,54.22
2378,19054,2025-02-06,Late Delivery,97.0
2379,19089,2025-05-03,Customer Changed Mind,238.32
2380,19095,2025-02-01,Wrong Item,155.77
2381,19110,2026-01-09,Wrong Item,129.04
2382,19112,2025-10-17,Wrong Item,45.08
2383,19113,2024-10-25,Damaged,132.6
2384,19128,2025-09-04,Size Issue,227.0
2385,19131,2026-01-10,Size Issue,24.32
2386,19133,2023-04-20,Size Issue,24.96
2387,19146,2025-08-31,Size Issue,32.03
2388,19153,2025-08-19,Damaged,167.49
2389,19169,2025-12-20,Customer Changed Mind,336.31
2390,19172,2024-10-24,Wrong Item,270.24
2391,19173,2025-10-09,Wrong Item,17.42
2392,19179,2025-07-31,Damaged,546.69
2393,19184,2026-01-10,Wrong Item,272.26
2394,19185,2025-01-22,Customer Changed Mind,119.72
2395,19188,2025-11-21,Size Issue,215.93
2396,19189,2023-12-01,Damaged,44.61
2397,19200,2024-07-18,Poor Quality,435.43
2398,19201,2026-01-13,Wrong Item,86.76
2399,19205,2025-10-06,Damaged,541.86
2400,19209,2025-07-07,Wrong Item,344.03
2401,19214,2024-02-11,Poor Quality,587.24
2402,19220,2025-09-15,Size Issue,95.04
2403,19242,2026-01-24,Damaged,215.34
2404,19250,2026-01-29,Wrong Item,124.64
2405,19254,2026-01-07,Late Delivery,174.56
2406,19255,2025-10-23,Size Issue,320.23
2407,19260,2025-11-21,Damaged,291.26
2408,19277,2025-08-12,Wrong Item,85.99
2409,19287,2025-08-26,Customer Changed Mind,884.44
2410,19296,2024-08-11,Damaged,196.06
2411,19297,2026-01-13,Size Issue,221.95
2412,19299,2025-01-04,Wrong Item,81.61
2413,19306,2026-01-25,Size Issue,270.76
2414,19307,2024-09-18,Wrong Item,196.04
2415,19313,2024-07-21,Damaged,139.06
2416,19317,2025-09-27,Damaged,23.45
2417,19320,2023-05-15,Damaged,279.93
2418,19333,2025-07-03,Poor Quality,709.02
2419,19338,2025-09-17,Poor Quality,25.09
2420,19346,2024-09-02,Poor Quality,34.93
2421,19361,2025-09-28,Damaged,585.36
2422,19363,2025-12-08,Customer Changed Mind,28.24
2423,19384,2024-08-24,Customer Changed Mind,272.78
2424,19405,2024-11-24,Wrong Item,688.39
2425,19409,2025-09-14,Poor Quality,235.59
2426,19416,2024-09-12,Damaged,70.0
2427,19418,2026-01-20,Poor Quality,193.26
2428,19427,2025-12-18,Late Delivery,138.93
2429,19436,2025-02-13,Damaged,484.59
2430,19437,2026-01-16,Late Delivery,66.26
2431,19458,2025-01-11,Late Delivery,30.32
2432,19475,2025-12-22,Size Issue,303.49
2433,19498,2025-08-21,Customer Changed Mind,77.22
2434,19500,2025-03-19,Wrong Item,100.14
2435,19511,2025-03-15,Damaged,51.69
2436,19520,2025-11-16,Customer Changed Mind,339.45
2437,19522,2025-09-27,Damaged,545.27
2438,19533,2025-06-16,Damaged,53.65
2439,19534,2024-10-02,Late Delivery,517.21
2440,19552,2026-01-05,Size Issue,138.72
2441,19556,2025-07-02,Customer Changed Mind,72.06
2442,19570,2024-09-11,Wrong Item,128.3
2443,19596,2025-05-14,Customer Changed Mind,408.02
2444,19616,2025-08-01,Customer Changed Mind,338.14
2445,19619,2025-02-23,Late Delivery,100.98
2446,19624,2025-09-26,Damaged,209.65
2447,19634,2025-08-13,Late Delivery,99.37
2448,19637,2024-01-01,Customer Changed Mind,127.38
2449,19638,2025-12-31,Customer Changed Mind,162.95
2450,19668,2025-09-06,Size Issue,107.62
2451,19672,2024-06-30,Wrong Item,22.98
2452,19689,2024-12-22,Customer Changed Mind,42.08
2453,19699,2025-11-22,Late Delivery,198.17
2454,19704,2025-02-26,Damaged,52.31
2455,19708,2025-09-21,Poor Quality,131.12
2456,19710,2025-02-05,Customer Changed Mind,43.17
2457,19726,2024-12-19,Customer Changed Mind,95.77
2458,19727,2024-12-18,Damaged,221.43
2459,19735,2025-07-27,Wrong Item,241.42
2460,19751,2025-10-18,Customer Changed Mind,41.51
2461,19753,2023-11-12,Damaged,720.86
2462,19757,2024-10-07,Size Issue,690.69
2463,19764,2025-06-06,Customer Changed Mind,547.34
2464,19774,2026-01-09,Damaged,949.03
2465,19777,2024-04-13,Size Issue,122.53
2466,19779,2026-01-21,Poor Quality,67.89
2467,19800,2025-04-09,Damaged,527.29
2468,19803,2025-06-15,Size Issue,307.96
2469,19808,2025-03-29,Damaged,142.28
2470,19813,2025-06-13,Customer Changed Mind,284.66
2471,19817,2024-06-14,Size Issue,290.19
2472,19841,2026-01-18,Customer Changed Mind,148.86
2473,19846,2025-10-06,Size Issue,404.82
2474,19853,2025-05-08,Size Issue,381.51
2475,19857,2025-06-16,Wrong Item,690.18
2476,19858,2025-04-27,Size Issue,178.3
2477,19861,2024-11-26,Poor Quality,203.3
2478,19872,2024-01-21,Customer Changed Mind,204.06
2479,19874,2025-10-10,Wrong Item,367.94
2480,19878,2025-07-11,Size Issue,1434.1
2481,19879,2025-07-26,Poor Quality,346.75
2482,19890,2025-07-29,Damaged,67.08
2483,19896,2025-12-18,Damaged,42.44
2484,19899,2025-08-19,Customer Changed Mind,127.53
2485,19903,2024-11-10,Customer Changed Mind,9.27
2486,19906,2025-03-06,Wrong Item,465.06
2487,19919,2025-07-29,Wrong Item,402.84
2488,19921,2025-07-13,Late Delivery,153.75
2489,19924,2026-01-23,Poor Quality,196.82
2490,19928,2025-06-05,Damaged,44.4
2491,19932,2025-09-22,Damaged,587.62
2492,19934,2025-07-16,Poor Quality,273.67
2493,19941,2025-09-15,Poor Quality,83.24
2494,19942,2026-01-12,Size Issue,184.3
2495,19946,2025-03-17,Damaged,636.05
2496,19965,2025-11-11,Damaged,192.83
2497,19976,2025-04-29,Late Delivery,529.14
2498,19980,2024-04-13,Late Delivery,335.46
2499,19996,2023-07-02,Damaged,24.41
2500,20001,2025-11-13,Wrong Item,524.62
2501,20004,2024-08-07,Late Delivery,225.58
2502,20017,2025-12-09,Wrong Item,28.87
2503,20020,2024-07-20,Customer Changed Mind,13.87
2504,20025,2025-05-12,Late Delivery,107.91
2505,20037,2025-10-29,Poor Quality,513.67
2506,20039,2025-05-01,Late Delivery,30.16
2507,20043,2025-08-13,Late Delivery,108.07
2508,20045,2023-12-19,Customer Changed Mind,30.37
2509,20048,2025-12-30,Poor Quality,103.34
2510,20049,2025-06-01,Wrong Item,137.43
2511,20056,2025-02-21,Late Delivery,34.43
2512,20057,2025-02-16,Late Delivery,103.17
2513,20063,2025-12-12,Size Issue,455.83
2514,20080,2024-02-08,Wrong Item,99.37
2515,20087,2026-01-11,Wrong Item,71.99
2516,20121,2023-12-03,Late Delivery,523.11
2517,20131,2024-06-11,Size Issue,220.93
2518,20135,2025-07-17,Size Issue,205.39
2519,20139,2025-05-12,late delivery,26.07
2520,20146,2024-05-16,Damaged,58.74
2521,20147,2023-10-28,Customer Changed Mind,37.6
2522,20157,2024-10-05,Poor Quality,321.56
2523,20158,2026-01-14,Late Delivery,409.77
2524,20162,2025-06-26,Damaged,383.93
2525,20165,2026-01-23,Size Issue,158.47
2526,20167,2024-01-19,Late Delivery,44.07
2527,20176,2024-02-08,Customer Changed Mind,213.99
2528,20177,2026-01-03,Wrong Item,157.13
2529,20179,2025-10-29,Customer Changed Mind,79.67
2530,20183,2025-08-05,Poor Quality,35.28
2531,20187,2025-05-16,Size Issue,37.71
2532,20191,2023-12-25,Customer Changed Mind,71.22
2533,20203,2025-01-20,Wrong Item,135.65
2534,20212,2025-05-05,Customer Changed Mind,47.32
2535,20215,2025-08-12,Late Delivery,23.7
2536,20224,2025-11-29,Damaged,702.34
2537,20235,2025-02-06,Wrong Item,492.21
2538,20240,2024-03-25,Wrong Item,26.64
2539,20247,2026-01-07,Customer Changed Mind,493.04
2540,20250,2025-12-05,Customer Changed Mind,153.38
2541,20253,2026-01-03,Poor Quality,401.68
2542,20269,2025-11-08,Size Issue,1179.06
2543,20271,2025-12-22,Damaged,249.89
2544,20272,2024-10-31,Customer Changed Mind,112.23
2545,20278,2025-04-02,Late Delivery,219.05
2546,20281,2025-11-04,Wrong Item,518.45
2547,20292,2025-03-27,Wrong Item,453.76
2548,20302,2025-10-02,Late Delivery,69.58
2549,20307,2024-11-11,Poor Quality,100.78
2550,20312,2026-01-13,Customer Changed Mind,17.3
2551,20322,2025-11-24,Damaged,300.28
2552,20334,2024-06-03,Poor Quality,100.66
2553,20351,2025-02-22,Damaged,167.55
2554,20368,2026-01-05,Size Issue,124.71
2555,20378,2026-01-14,Customer Changed Mind,29.93
2556,20390,2024-05-21,Wrong Item,94.69
2557,20401,2025-04-22,Wrong Item,215.43
2558,20405,2024-07-02,Customer Changed Mind,253.69
2559,20409,2024-07-17,Customer Changed Mind,61.73
2560,20413,2025-01-23,Damaged,418.42
2561,20424,2025-09-01,Size Issue,97.42
2562,20428,2024-12-16,Damaged,513.87
2563,20435,2024-11-27,Poor Quality,538.66
2564,20437,2023-12-08,Size Issue,240.59
2565,20439,2025-11-17,Customer Changed Mind,109.66
2566,20441,2025-07-22,Wrong Item,114.87
2567,20459,2025-06-15,Customer Changed Mind,121.98
2568,20463,2025-12-09,Customer Changed Mind,240.23
2569,20484,2025-12-08,Poor Quality,256.44
2570,20494,2026-01-09,Customer Changed Mind,188.37
2571,20503,2025-06-18,Size Issue,155.79
2572,20516,2024-08-11,Poor Quality,143.64
2573,20524,2025-07-31,Customer Changed Mind,29.2
2574,20539,2025-02-19,Size Issue,280.15
2575,20547,2024-02-29,Late Delivery,51.49
2576,20568,2023-05-17,Damaged,467.68
2577,20570,2025-08-14,Size Issue,154.77
2578,20576,2026-01-04,Customer Changed Mind,548.26
2579,20579,2025-07-27,Poor Quality,60.07
2580,20591,2024-07-22,Poor Quality,288.17
2581,20597,2025-05-04,Wrong Item,83.48
2582,20598,2026-01-06,Size Issue,140.23
2583,20599,2026-01-16,Wrong Item,26.07
2584,20600,2026-01-28,Customer Changed Mind,120.42
2585,20607,2025-12-12,Size Issue,40.25
2586,20611,2025-04-23,Wrong Item,217.43
2587,20616,2024-10-27,Customer Changed Mind,50.01
2588,20630,2025-06-26,Size Issue,72.94
2589,20632,2024-12-27,Size Issue,82.24
2590,20643,2025-05-31,Late Delivery,60.59
2591,20644,2026-01-12,Size Issue,81.04
2592,20646,2024-05-18,Wrong Item,452.01
2593,20648,2024-09-23,Damaged,11.86
2594,20656,2025-10-29,Damaged,363.77
2595,20671,2025-12-22,Size Issue,160.18
2596,20682,2025-10-30,Poor Quality,161.48
2597,20687,2023-10-07,Size Issue,99.22
2598,20698,2025-05-28,Damaged,950.4
2599,20702,2024-10-27,Customer Changed Mind,343.57
2600,20709,2025-07-16,Customer Changed Mind,57.4
2601,20716,2026-01-20,Size Issue,102.02
2602,20726,2024-12-16,Size Issue,21.25
2603,20727,2024-10-20,Size Issue,103.98
2604,20746,2025-10-12,Size Issue,449.12
2605,20752,2025-11-13,Poor Quality,369.52
2606,20762,2024-05-24,Size Issue,608.53
2607,20766,2025-02-23,Damaged,539.94
2608,20806,2025-08-30,Size Issue,436.15
2609,20817,2025-07-23,Poor Quality,532.04
2610,20819,2026-01-27,Wrong Item,129.25
2611,20820,2024-05-12,Wrong Item,36.19
2612,20826,2025-06-11,Size Issue,106.31
2613,20827,2024-09-14,Damaged,427.17
2614,20829,2024-12-22,Damaged,114.49
2615,20839,2025-03-27,Size Issue,160.69
2616,20841,2025-02-09,Size Issue,60.44
2617,20853,2024-11-13,Late Delivery,121.73
2618,20874,2025-08-27,Late Delivery,586.3
2619,20878,2025-06-23,Damaged,45.88
2620,20887,2024-04-06,Wrong Item,72.57
2621,20895,2025-10-14,Size Issue,347.1
2622,20902,2023-07-08,Size Issue,328.74
2623,20914,2025-04-27,Late Delivery,42.05
2624,20919,2025-11-15,Wrong Item,255.34
2625,20929,2025-03-23,Wrong Item,261.9
2626,20945,2025-08-07,Customer Changed Mind,17.51
2627,20946,2023-11-03,Customer Changed Mind,147.6
2628,20961,2024-08-30,Damaged,160.0
2629,20962,2025-04-01,Customer Changed Mind,426.32
2630,20978,2025-03-29,Wrong Item,503.27
2631,21003,2025-11-29,Customer Changed Mind,141.87
2632,21005,2026-01-03,Size Issue,409.58
2633,21019,2024-11-08,Late Delivery,335.08
2634,21020,2025-07-30,Damaged,272.92
2635,21035,2024-09-25,Late Delivery,143.79
2636,21043,2025-06-21,Wrong Item,233.77
2637,21049,2025-11-25,Customer Changed Mind,266.44
2638,21058,2024-06-11,Size Issue,100.99
2639,21060,2025-11-03,Late Delivery,42.97
2640,21061,2025-07-17,Poor Quality,66.71
2641,21067,2025-12-25,Damaged,177.35
2642,21085,2026-01-05,Customer Changed Mind,282.86
2643,21093,2025-08-04,Wrong Item,38.07
2644,21102,2026-01-20,Damaged,409.92
2645,21109,2024-09-24,Damaged,120.55
2646,21111,2024-12-17,Size Issue,127.07
2647,21113,2025-12-26,Size Issue,354.62
2648,21119,2025-10-15,Damaged,374.09
2649,21120,2024-03-18,Poor Quality,740.23
2650,21128,2026-01-12,Wrong Item,253.41
2651,21129,2023-11-10,Size Issue,243.49
2652,21137,2025-07-05,Damaged,88.45
2653,21152,2025-08-10,Size Issue,571.03
2654,21163,2025-11-22,Size Issue,94.26
2655,21185,2025-02-08,Wrong Item,513.49
2656,21195,2026-01-14,Size Issue,57.93
2657,21200,2026-01-02,Customer Changed Mind,105.15
2658,21211,2025-05-16,Late Delivery,139.66
2659,21219,2026-01-14,Customer Changed Mind,24.73
2660,21240,2024-12-08,Size Issue,86.5
2661,21242,2024-12-24,Size Issue,34.76
2662,21246,2025-05-17,Size Issue,132.68
2663,21249,2024-09-20,Late Delivery,148.23
2664,21250,2026-01-17,Late Delivery,9.86
2665,21256,2025-07-07,Customer Changed Mind,131.43
2666,21258,2025-02-20,Customer Changed Mind,90.08
2667,21272,2025-02-26,Size Issue,141.09
2668,21283,2025-10-10,wrong item,131.37
2669,21284,2025-01-01,Wrong Item,400.35
2670,21287,2025-06-19,Size Issue,158.07
2671,21288,2025-10-08,Damaged,498.95
2672,21306,2024-01-08,Size Issue,436.16
2673,21307,2025-10-27,Size Issue,158.63
2674,21323,2026-01-10,Size Issue,158.29
2675,21324,2026-01-10,Size Issue,18.16
2676,21342,2025-07-08,Size Issue,64.92
2677,21345,2025-10-06,Late Delivery,336.21
2678,21350,2025-08-05,Size Issue,34.74
2679,21352,2025-11-13,Late Delivery,68.18
2680,21364,2025-05-27,Wrong Item,151.3
2681,21371,2025-08-28,Late Delivery,246.49
2682,21374,2025-04-09,Size Issue,29.7
2683,21393,2025-03-31,Wrong Item,136.6
2684,21395,2025-11-07,Late Delivery,375.96
2685,21418,2024-09-03,Damaged,35.36
2686,21423,2024-06-04,Customer Changed Mind,287.53
2687,21427,2025-10-25,Wrong Item,904.42
2688,21429,2025-11-18,Late Delivery,109.83
2689,21432,2023-04-19,Late Delivery,15.95
2690,21449,2025-12-05,Customer Changed Mind,296.73
2691,21464,2025-08-17,Damaged,617.92
2692,21465,2025-09-20,Poor Quality,77.48
2693,21477,2025-05-27,Wrong Item,40.2
2694,21483,2025-05-05,Size Issue,127.58
2695,21484,2025-11-09,Customer Changed Mind,97.34
2696,21499,2023-04-25,Wrong Item,178.56
2697,21505,2023-11-24,Size Issue,17.58
2698,21511,2025-09-23,Poor Quality,441.65
2699,21512,2026-01-08,Poor Quality,471.44
2700,21524,2025-10-03,Size Issue,957.62
2701,21531,2025-06-21,Wrong Item,96.24
2702,21532,2024-05-01,Customer Changed Mind,25.55
2703,21538,2024-11-15,Damaged,30.35
2704,21555,2024-08-27,Late Delivery,98.81
2705,21557,2025-06-17,Customer Changed Mind,45.74
2706,21585,2023-12-12,Customer Changed Mind,95.84
2707,21602,2024-07-04,Size Issue,70.22
2708,21603,2024-01-18,Size Issue,43.11
2709,21612,2025-12-24,Poor Quality,48.11
2710,21623,2024-05-08,Late Delivery,62.61
2711,21624,2025-12-07,Damaged,232.0
2712,21648,2025-11-05,Size Issue,508.38
2713,21654,2024-11-13,customer changed mind,28.86
2714,21661,2025-05-17,Wrong Item,20.34
2715,21669,2024-07-12,Poor Quality,285.81
2716,21670,2025-12-27,Damaged,110.59
2717,21671,2025-11-14,Wrong Item,246.1
2718,21681,2024-02-03,Damaged,617.82
2719,21688,2024-10-29,Poor Quality,644.58
2720,21692,2025-02-21,Wrong Item,195.3
2721,21693,2025-02-26,Late Delivery,22.25
2722,21712,2025-11-22,Damaged,650.58
2723,21721,2024-01-02,Damaged,568.25
2724,21726,2024-10-18,Customer Changed Mind,344.79
2725,21735,2025-04-15,Size Issue,186.08
2726,21743,2024-05-22,Late Delivery,620.65
2727,21747,2025-03-23,Late Delivery,206.29
2728,21754,2025-08-12,Size Issue,89.37
2729,21760,2025-04-14,Size Issue,89.36
2730,21761,2025-05-17,Late Delivery,122.04
2731,21764,2025-11-27,Poor Quality,289.48
2732,21770,2024-10-15,Damaged,25.29
2733,21773,2024-10-22,Customer Changed Mind,355.16
2734,21780,2025-05-26,Damaged,114.95
2735,21810,2023-12-27,Poor Quality,41.08
2736,21813,2025-02-07,Size Issue,14.87
2737,21816,2024-05-27,Wrong Item,298.55
2738,21824,2025-01-03,Customer Changed Mind,34.59
2739,21834,2024-11-09,Damaged,307.58
2740,21838,2025-12-06,Size Issue,649.15
2741,21841,2025-01-12,Poor Quality,1067.42
2742,21856,2026-01-16,Size Issue,243.18
2743,21857,2025-08-06,Customer Changed Mind,89.39
2744,21858,2024-11-07,Customer Changed Mind,168.78
2745,21859,2024-08-15,Late Delivery,252.65
2746,21865,2024-02-24,Poor Quality,166.52
2747,21866,2025-02-08,Size Issue,830.5
2748,21867,2025-06-29,Wrong Item,19.95
2749,21869,2025-10-22,Customer Changed Mind,389.87
2750,21870,2026-01-06,Damaged,87.53
2751,21880,2025-05-27,Wrong Item,272.84
2752,21881,2026-01-29,Size Issue,371.98
2753,21882,2024-08-19,Late Delivery,582.38
2754,21888,2025-10-15,Wrong Item,81.62
2755,21896,2025-12-31,Size Issue,119.75
2756,21910,2025-01-22,Damaged,857.51
2757,21920,2024-08-01,Customer Changed Mind,184.52
2758,21921,2025-08-11,Size Issue,141.75
2759,21923,2025-05-09,Customer Changed Mind,52.08
2760,21935,2025-06-02,Poor Quality,117.67
2761,21936,2025-02-13,Poor Quality,277.51
2762,21966,2025-04-15,Size Issue,446.08
2763,21976,2025-04-13,Size Issue,192.54
2764,21977,2025-01-31,Wrong Item,74.95
2765,21984,2026-01-29,Size Issue,786.76
2766,21986,2025-07-16,Size Issue,317.85
2767,21999,2025-11-21,Damaged,501.02
2768,22005,2025-03-10,Customer Changed Mind,245.2
2769,22015,2025-10-17,Size Issue,684.95
2770,22022,2025-12-03,Wrong Item,280.78
2771,22029,2024-09-19,Damaged,26.76
2772,22042,2025-10-23,Damaged,756.16
2773,22044,2025-06-13,Late Delivery,198.46
2774,22046,2025-12-02,Size Issue,39.35
2775,22050,2026-01-13,Late Delivery,221.8
2776,22082,2024-09-24,Damaged,78.86
2777,22083,2023-09-15,Damaged,455.85
2778,22087,2024-12-10,Size Issue,124.76
2779,22096,2024-11-16,Wrong Item,172.59
2780,22098,2026-01-14,Customer Changed Mind,144.1
2781,22103,2024-02-01,Size Issue,194.23
2782,22107,2024-11-29,Late Delivery,40.28
2783,22109,2026-01-11,Customer Changed Mind,71.67
2784,22115,2025-08-05,Poor Quality,172.31
2785,22117,2025-03-13,Damaged,16.97
2786,22132,2025-08-14,Wrong Item,28.86
2787,22133,2026-01-03,Wrong Item,149.75
2788,22148,2025-07-11,Size Issue,810.96
2789,22154,2024-12-30,Customer Changed Mind,259.0
2790,22156,2025-01-21,Poor Quality,215.0
2791,22158,2025-11-12,Customer Changed Mind,143.66
2792,22160,2024-05-27,Damaged,47.08
2793,22165,2025-09-27,Poor Quality,511.71
2794,22172,2025-10-05,Size Issue,301.29
2795,22180,2025-11-13,Late Delivery,822.61
2796,22184,2025-11-15,Poor Quality,130.41
2797,22186,2025-12-26,Late Delivery,113.66
2798,22215,2025-08-03,Customer Changed Mind,192.8
2799,22219,2025-01-26,Customer Changed Mind,326.2
2800,22237,2025-09-09,Poor Quality,631.83
2801,22247,2026-01-17,Size Issue,667.04
2802,22263,2025-06-17,Late Delivery,147.82
2803,22265,2024-10-10,Poor Quality,390.26
2804,22270,2024-05-25,Late Delivery,372.55
2805,22278,2026-01-14,Customer Changed Mind,266.14
2806,22292,2026-01-07,Size Issue,81.19
2807,22294,2024-09-29,Wrong Item,97.27
2808,22295,2026-01-22,Poor Quality,696.88
2809,22297,2025-09-07,Late Delivery,510.53
2810,22300,2025-05-24,Damaged,44.4
2811,22311,2025-06-10,Damaged,29.0
2812,22364,2025-08-10,Damaged,60.67
2813,22367,2025-02-18,Customer Changed Mind,672.05
2814,22373,2025-11-11,Customer Changed Mind,242.34
2815,22379,2025-07-17,Wrong Item,140.36
2816,22388,2024-01-05,Poor Quality,43.7
2817,22390,2026-01-29,Wrong Item,541.69
2818,22392,2024-03-31,Customer Changed Mind,110.37
2819,22402,2025-01-31,Late Delivery,46.8
2820,22408,2025-02-06,Size Issue,707.64
2821,22412,2024-12-28,Late Delivery,333.52
2822,22417,2025-04-27,Size Issue,172.89
2823,22418,2024-10-07,Customer Changed Mind,162.48
2824,22429,2025-12-30,Damaged,140.66
2825,22441,2025-12-19,Customer Changed Mind,45.59
2826,22449,2025-06-10,Customer Changed Mind,49.59
2827,22455,2024-10-14,Size Issue,31.39
2828,22506,2025-11-23,Late Delivery,67.15
2829,22512,2023-12-10,Wrong Item,226.78
2830,22515,2025-09-10,Size Issue,18.76
2831,22518,2026-01-13,Size Issue,16.95
2832,22519,2025-10-10,Damaged,931.98
2833,22520,2024-04-16,Customer Changed Mind,377.62
2834,22524,2026-01-21,Poor Quality,103.42
2835,22527,2025-11-04,wrong item,182.18
2836,22531,2026-01-02,Damaged,747.09
2837,22535,2023-11-18,Customer Changed Mind,164.46
2838,22541,2025-06-18,Customer Changed Mind,48.51
2839,22542,2024-12-13,Size Issue,101.21
2840,22562,2025-08-31,Damaged,903.74
2841,22579,2024-01-07,Wrong Item,590.97
2842,22605,2026-01-05,Customer Changed Mind,41.39
2843,22610,2025-11-19,Customer Changed Mind,91.43
2844,22611,2025-01-26,Wrong Item,103.23
2845,22624,2025-07-17,Customer Changed Mind,128.15
2846,22652,2024-06-08,Damaged,584.78
2847,22665,2025-04-09,Wrong Item,394.75
2848,22670,2025-09-10,Size Issue,75.55
2849,22673,2024-01-15,Customer Changed Mind,439.37
2850,22692,2024-03-26,Late Delivery,204.38
2851,22697,2026-01-04,Poor Quality,550.96
2852,22715,2025-11-26,Size Issue,105.63
2853,22718,2025-12-05,Late Delivery,201.08
2854,22733,2024-12-18,Late Delivery,63.15
2855,22738,2025-12-10,Late Delivery,177.3
2856,22740,2025-12-07,Poor Quality,429.08
2857,22741,2024-04-28,Size Issue,64.48
2858,22746,2025-03-23,Wrong Item,299.71
2859,22752,2025-08-14,Customer Changed Mind,632.77
2860,22762,2024-12-24,Wrong Item,462.97
2861,22770,2026-01-22,Customer Changed Mind,16.08
2862,22777,2025-03-10,Damaged,178.97
2863,22783,2025-06-12,Damaged,84.14
2864,22784,2026-01-20,Damaged,234.7
2865,22790,2024-08-12,Size Issue,188.96
2866,22800,2025-12-03,Wrong Item,88.55
2867,22804,2025-03-22,Damaged,194.36
2868,22816,2026-01-19,Customer Changed Mind,207.64
2869,22821,2025-06-04,Size Issue,166.15
2870,22828,2025-08-18,Late Delivery,793.35
2871,22829,2024-08-27,Size Issue,17.12
2872,22832,2023-10-25,Customer Changed Mind,103.25
2873,22833,2025-09-19,Customer Changed Mind,386.41
2874,22848,2025-10-21,Wrong Item,48.17
2875,22854,2025-05-28,Size Issue,88.7
2876,22863,2026-01-06,Size Issue,62.56
2877,22864,2025-04-15,Damaged,697.92
2878,22865,2025-12-05,Wrong Item,324.51
2879,22869,2025-04-01,Damaged,53.45
2880,22872,2023-11-03,Poor Quality,277.1
2881,22885,2025-11-06,Wrong Item,169.06
2882,22891,2024-07-28,Size Issue,213.13
2883,22896,2025-10-26,Customer Changed Mind,175.32
2884,22912,2025-03-15,Customer Changed Mind,83.23
2885,22920,2023-08-18,Customer Changed Mind,367.27
2886,22945,2025-01-06,Damaged,237.84
2887,22948,2025-05-13,Poor Quality,236.2
2888,22951,2025-05-13,Size Issue,689.43
2889,22953,2025-01-14,Damaged,407.43
2890,22968,2025-09-30,Poor Quality,136.67
2891,22973,2025-06-01,Size Issue,196.64
2892,22981,2025-08-25,Wrong Item,545.03
2893,22998,2024-04-28,Late Delivery,125.0
2894,22999,2026-01-24,Size Issue,172.87
2895,23032,2025-08-08,Damaged,172.39
2896,23039,2025-12-17,Late Delivery,40.62
2897,23042,2025-07-02,Damaged,205.52
2898,23052,2024-08-23,Late Delivery,933.31
2899,23054,2025-04-16,size issue,45.15
2900,23055,2024-12-12,Late Delivery,68.53
2901,23057,2026-01-02,Customer Changed Mind,159.8
2902,23069,2024-10-09,Customer Changed Mind,76.0
2903,23072,2024-10-24,Wrong Item,97.88
2904,23080,2025-06-22,Damaged,219.1
2905,23085,2025-03-13,Late Delivery,154.59
2906,23091,2026-01-04,Customer Changed Mind,124.46
2907,23098,2025-01-31,Wrong Item,69.52
2908,23107,2024-05-22,Damaged,38.0
2909,23138,2026-01-02,Size Issue,286.09
2910,23142,2025-12-13,Damaged,395.85
2911,23156,2025-08-23,Size Issue,497.82
2912,23163,2024-05-23,Customer Changed Mind,122.35
2913,23168,2025-09-12,Damaged,45.32
2914,23170,2025-05-23,Late Delivery,60.82
2915,23171,2024-06-07,Damaged,570.42
2916,23175,2025-11-11,Size Issue,643.24
2917,23180,2025-06-26,Damaged,271.26
2918,23187,2025-12-24,Poor Quality,517.05
2919,23190,2025-01-24,Wrong Item,254.02
2920,23194,2025-08-09,Customer Changed Mind,186.5
2921,23200,2025-06-27,Customer Changed Mind,122.65
2922,23202,2025-12-07,Late Delivery,608.49
2923,23209,2025-04-15,Late Delivery,264.8
2924,23214,2024-07-11,Wrong Item,382.2
2925,23220,2025-12-19,Poor Quality,208.07
2926,23224,2025-05-16,Damaged,143.86
2927,23251,2025-12-21,Late Delivery,253.77
2928,23254,2026-01-08,Customer Changed Mind,283.32
2929,23262,2025-08-03,Wrong Item,253.67
2930,23274,2025-03-25,Size Issue,64.49
2931,23287,2026-01-07,Late Delivery,310.92
2932,23291,2025-07-02,Wrong Item,52.26
2933,23294,2026-01-14,Size Issue,341.14
2934,23298,2025-12-25,Customer Changed Mind,360.42
2935,23303,2025-10-09,Poor Quality,66.06
2936,23309,2024-03-19,Size Issue,30.48
2937,23311,2025-05-18,Poor Quality,459.54
2938,23316,2024-05-23,Customer Changed Mind,14.98
2939,23319,2025-12-15,Size Issue,27.91
2940,23332,2024-10-05,Wrong Item,483.19
2941,23344,2026-01-14,Damaged,146.65
2942,23347,2025-02-15,Damaged,134.91
2943,23352,2024-02-25,Damaged,182.9
2944,23359,2023-05-13,Poor Quality,38.38
2945,23366,2025-04-24,Size Issue,81.62
2946,23367,2025-01-10,Damaged,422.58
2947,23377,2026-01-22,Size Issue,337.48
2948,23384,2025-09-14,Damaged,210.99
2949,23401,2025-02-08,Poor Quality,16.0
2950,23413,2025-02-21,Damaged,250.51
2951,23414,2025-05-17,Size Issue,113.65
2952,23445,2025-10-28,Poor Quality,41.46
2953,23449,2025-09-18,Size Issue,348.78
2954,23458,2025-05-30,Size Issue,677.62
2955,23462,2025-01-16,Late Delivery,360.94
2956,23464,2024-10-29,Poor Quality,295.75
2957,23467,2025-10-02,Customer Changed Mind,59.84
2958,23472,2025-06-17,Damaged,44.56
2959,23476,2024-12-22,Poor Quality,214.39
2960,23478,2024-12-09,Size Issue,31.43
2961,23479,2024-12-28,Damaged,20.08
2962,23483,2026-01-04,Damaged,1358.8
2963,23486,2025-05-25,Size Issue,129.98
2964,23514,2025-07-09,Size Issue,182.93
2965,23517,2024-08-22,Wrong Item,124.45
2966,23526,2024-12-22,Damaged,378.91
2967,23532,2025-10-20,Damaged,250.73
2968,23533,2025-12-25,wrong item,51.14
2969,23535,2023-09-25,Wrong Item,159.8
2970,23540,2026-01-16,Size Issue,138.61
2971,23543,2025-12-26,Size Issue,718.53
2972,23545,2025-11-10,Customer Changed Mind,184.32
2973,23552,2025-08-21,Poor Quality,484.89
2974,23553,2024-09-16,Late Delivery,218.32
2975,23558,2025-02-17,Damaged,30.91
2976,23570,2025-07-22,Size Issue,339.74
2977,23579,2025-08-07,Damaged,1260.24
2978,23589,2025-05-05,Wrong Item,452.56
2979,23614,2025-04-25,Wrong Item,42.26
2980,23615,2025-02-10,Customer Changed Mind,299.74
2981,23636,2025-10-08,Damaged,54.48
2982,23637,2024-09-09,Size Issue,240.91
2983,23648,2025-09-16,Poor Quality,51.81
2984,23652,2025-09-24,Late Delivery,178.97
2985,23654,2025-03-28,Size Issue,102.25
2986,23656,2025-09-06,Late Delivery,96.04
2987,23674,2025-08-26,Poor Quality,23.72
2988,23679,2024-09-27,Size Issue,305.71
2989,23681,2025-10-04,Size Issue,78.53
2990,23688,2026-01-27,Size Issue,34.82
2991,23700,2025-02-25,Size Issue,145.76
2992,23716,2025-10-12,Wrong Item,168.24
2993,23723,2025-07-17,Size Issue,326.46
2994,23727,2024-09-08,Wrong Item,58.36
2995,23752,2026-01-29,Customer Changed Mind,264.0
2996,23783,2025-07-07,Customer Changed Mind,226.15
2997,23785,2025-10-07,Customer Changed Mind,44.28
2998,23789,2025-10-18,Wrong Item,168.11
2999,23798,2025-12-13,Wrong Item,188.27
3000,23802,2025-11-19,Poor Quality,257.33
3001,23803,2023-06-04,Damaged,97.29
3002,23814,2025-11-23,Poor Quality,141.48
3003,23819,2025-09-20,Size Issue,144.45
3004,23829,2024-05-11,Poor Quality,241.15
3005,23844,2025-08-03,Size Issue,111.34
3006,23848,2025-04-25,Damaged,288.06
3007,23850,2025-05-26,Late Delivery,563.93
3008,23852,2026-01-23,Wrong Item,454.5
3009,23861,2025-10-10,Size Issue,150.9
3010,23865,2026-01-13,Damaged,280.97
3011,23870,2024-12-04,Customer Changed Mind,57.84
3012,23871,2024-02-16,Wrong Item,40.82
3013,23876,2025-04-25,Wrong Item,86.23
3014,23882,2026-01-10,Poor Quality,10.99
3015,23888,2024-02-16,Size Issue,12.2
3016,23895,2024-06-10,Size Issue,280.04
3017,23898,2024-11-20,Poor Quality,139.35
3018,23907,2024-10-13,Size Issue,74.63
3019,23918,2024-07-30,Wrong Item,54.57
3020,23924,2025-02-19,Wrong Item,493.95
3021,23925,2026-01-10,Size Issue,10.38
3022,23932,2025-04-30,Size Issue,409.1
3023,23935,2025-02-13,Customer Changed Mind,110.58
3024,23943,2024-02-29,Poor Quality,80.46
3025,23950,2025-06-22,Size Issue,119.07
3026,23952,2024-07-15,Wrong Item,65.4
3027,23966,2024-04-02,Size Issue,217.22
3028,23970,2025-12-30,Damaged,44.69
3029,23971,2025-11-15,Late Delivery,319.16
3030,23977,2024-09-19,Poor Quality,468.04
3031,23978,2024-12-31,Damaged,253.03
3032,23984,2025-03-11,Size Issue,518.08
3033,23987,2024-11-17,Damaged,162.68
3034,24002,2025-03-15,Wrong Item,35.47
3035,24004,2025-06-28,Size Issue,108.14
3036,24005,2025-01-12,Late Delivery,64.86
3037,24013,2026-01-21,Customer Changed Mind,719.22
3038,24032,2025-09-06,Late Delivery,317.86
3039,24041,2025-05-29,Customer Changed Mind,59.75
3040,24045,2026-01-23,Damaged,778.58
3041,24068,2025-06-03,Poor Quality,260.71
3042,24077,2026-01-02,Wrong Item,280.59
3043,24097,2026-01-10,Late Delivery,14.49
3044,24098,2024-07-16,Wrong Item,352.59
3045,24107,2025-08-07,Late Delivery,364.61
3046,24111,2025-10-05,Size Issue,70.53
3047,24117,2025-11-15,Wrong Item,307.9
3048,24120,2026-01-07,Size Issue,130.37
3049,24121,2026-01-05,Size Issue,109.01
3050,24122,2025-12-26,Late Delivery,417.19
3051,24128,2025-10-11,Customer Changed Mind,69.18
3052,24140,2024-01-31,Size Issue,73.69
3053,24164,2025-03-02,Late Delivery,439.96
3054,24173,2023-11-22,Damaged,38.32
3055,24179,2025-01-03,Poor Quality,103.5
3056,24201,2024-04-27,Damaged,365.72
3057,24203,2025-07-17,Damaged,71.53
3058,24204,2025-12-05,Poor Quality,54.53
3059,24210,2023-04-17,Wrong Item,40.88
3060,24213,2025-02-20,Damaged,121.42
3061,24224,2025-06-20,Wrong Item,20.73
3062,24238,2025-09-06,Customer Changed Mind,369.23
3063,24243,2024-12-08,Damaged,31.69
3064,24246,2024-08-17,Customer Changed Mind,201.94
3065,24251,2025-05-25,Size Issue,222.62
3066,24262,2025-02-18,Late Delivery,476.29
3067,24277,2023-11-25,Customer Changed Mind,676.34
3068,24286,2025-11-23,Size Issue,520.2
3069,24290,2025-11-21,Size Issue,60.88
3070,24292,2025-02-14,Wrong Item,68.53
3071,24294,2024-01-31,Customer Changed Mind,36.53
3072,24300,2025-01-01,Customer Changed Mind,19.72
3073,24314,2025-05-10,Customer Changed Mind,106.4
3074,24320,2024-10-25,Poor Quality,152.72
3075,24323,2025-10-23,Wrong Item,181.56
3076,24327,2025-09-24,Damaged,98.62
3077,24338,2025-11-01,Damaged,122.32
3078,24350,2025-11-23,Customer Changed Mind,784.72
3079,24363,2025-04-26,Size Issue,529.97
3080,24365,2025-02-28,Late Delivery,152.5
3081,24381,2026-01-17,Poor Quality,680.75
3082,24383,2024-06-15,Damaged,177.93
3083,24393,2025-11-14,Customer Changed Mind,55.93
3084,24400,2025-09-21,Damaged,115.5
3085,24413,2023-07-24,Late Delivery,97.95
3086,24430,2024-01-14,Size Issue,192.62
3087,24435,2025-07-06,Poor Quality,566.74
3088,24438,2025-06-28,Size Issue,26.98
3089,24439,2024-08-28,Wrong Item,29.56
3090,24445,2025-02-01,Customer Changed Mind,415.24
3091,24451,2025-04-06,Customer Changed Mind,31.55
3092,24481,2024-10-25,Customer Changed Mind,76.41
3093,24485,2025-05-27,Customer Changed Mind,656.42
3094,24501,2024-10-21,Poor Quality,339.93
3095,24504,2025-05-21,Poor Quality,433.84
3096,24509,2025-12-27,Wrong Item,99.73
3097,24511,2026-01-17,Poor Quality,29.1
3098,24515,2025-04-06,Customer Changed Mind,135.33
3099,24522,2026-01-21,Poor Quality,170.16
3100,24533,2025-12-17,Wrong Item,143.84
3101,24538,2023-06-24,Size Issue,148.69
3102,24541,2024-01-20,Damaged,182.05
3103,24545,2026-01-19,Poor Quality,156.42
3104,24554,2026-01-29,Wrong Item,596.44
3105,24557,2025-08-23,Customer Changed Mind,206.41
3106,24559,2024-07-16,Poor Quality,199.18
3107,24570,2025-02-24,Late Delivery,83.65
3108,24584,2025-09-12,Size Issue,250.26
3109,24586,2024-08-13,Late Delivery,127.39
3110,24594,2024-08-06,Size Issue,237.91
3111,24597,2024-11-27,Size Issue,344.68
3112,24600,2025-07-13,Wrong Item,136.39
3113,24608,2025-01-09,Size Issue,81.54
3114,24613,2024-09-28,Poor Quality,499.62
3115,24634,2025-10-19,Wrong Item,441.19
3116,24636,2025-10-16,Damaged,23.29
3117,24638,2024-09-15,Damaged,157.01
3118,24639,2024-08-26,Customer Changed Mind,359.54
3119,24643,2023-05-30,Poor Quality,131.98
3120,24669,2024-04-18,Poor Quality,155.48
3121,24673,2025-06-18,Size Issue,316.63
3122,24676,2025-08-28,Size Issue,94.56
3123,24678,2026-01-06,Wrong Item,156.0
3124,24685,2025-10-16,Size Issue,155.83
3125,24689,2024-10-13,Poor Quality,101.77
3126,24690,2025-10-19,Poor Quality,515.8
3127,24696,2026-01-05,Size Issue,47.24
3128,24702,2024-12-23,Size Issue,816.43
3129,24718,2025-05-28,Size Issue,65.86
3130,24725,2025-08-24,Customer Changed Mind,551.69
3131,24730,2024-06-02,Poor Quality,82.77
3132,24740,2026-01-05,Size Issue,119.4
3133,24743,2023-12-09,Size Issue,86.05
3134,24745,2024-03-06,Poor Quality,222.37
3135,24761,2023-11-06,Size Issue,101.6
3136,24785,2024-06-16,Customer Changed Mind,85.9
3137,24802,2025-08-09,Late Delivery,233.79
3138,24829,2025-10-09,Late Delivery,229.16
3139,24842,2025-03-07,Poor Quality,100.07
3140,24848,2024-05-05,Size Issue,190.08
3141,24858,2025-08-06,Poor Quality,270.1
3142,24860,2025-10-21,Customer Changed Mind,308.52
3143,24881,2025-10-16,Late Delivery,44.91
3144,24885,2025-06-14,Damaged,463.98
3145,24891,2025-10-08,Damaged,71.28
3146,24895,2025-06-10,Size Issue,148.74
3147,24906,2024-09-05,Wrong Item,66.63
3148,24927,2025-11-23,Damaged,187.0
3149,24932,2025-09-18,Customer Changed Mind,427.79
3150,24934,2025-02-12,Size Issue,73.93
3151,24939,2024-06-23,Wrong Item,65.71
3152,24951,2024-07-18,Size Issue,867.88
3153,24960,2025-12-25,Poor Quality,391.1
3154,24974,2024-09-15,Wrong Item,137.71
3155,24978,2025-07-25,Late Delivery,89.63
3156,24988,2025-08-20,Customer Changed Mind,22.68
3157,24993,2025-05-02,Size Issue,38.9
3158,24995,2025-01-04,Late Delivery,138.42
3159,25001,2026-01-22,Poor Quality,20.45
3160,25049,2025-03-29,Poor Quality,131.95
3161,25059,2025-12-15,Size Issue,62.18
3162,25063,2024-09-13,Size Issue,33.8
3163,25068,2024-04-15,Wrong Item,73.67
3164,25075,2025-08-06,Poor Quality,148.61
3165,25083,2025-08-07,Wrong Item,181.0
3166,25087,2025-09-24,Size Issue,108.39
3167,25097,2025-05-25,Customer Changed Mind,143.78
3168,25108,2025-12-28,Late Delivery,507.61
3169,25112,2024-07-26,Customer Changed Mind,732.94
3170,25121,2024-05-09,Damaged,833.91
3171,25134,2025-12-07,Poor Quality,458.01
3172,25135,2025-07-28,Poor Quality,304.82
3173,25136,2023-11-11,Late Delivery,129.44
3174,25145,2025-12-21,Poor Quality,56.13
3175,25147,2025-11-15,Wrong Item,442.16
3176,25155,2025-04-01,Size Issue,229.45
3177,25158,2024-05-24,Size Issue,642.72
3178,25162,2025-12-27,Poor Quality,113.63
3179,25182,2025-06-08,Customer Changed Mind,139.06
3180,25184,2026-01-27,Poor Quality,165.82
3181,25189,2024-09-23,Late Delivery,20.16
3182,25202,2025-06-16,Wrong Item,226.28
3183,25203,2025-09-02,Customer Changed Mind,33.28
3184,25207,2025-02-09,Wrong Item,215.25
3185,25225,2024-12-18,Damaged,343.59
3186,25226,2025-10-31,Late Delivery,424.18
3187,25239,2025-12-13,Size Issue,191.67
3188,25241,2024-10-24,Late Delivery,168.66
3189,25245,2025-08-03,Wrong Item,106.26
3190,25249,2025-11-24,Size Issue,521.71
3191,25258,2023-12-13,Customer Changed Mind,298.81
3192,25261,2026-01-20,Size Issue,280.11
3193,25269,2025-12-07,Customer Changed Mind,262.14
3194,25275,2025-08-01,Damaged,468.21
3195,25283,2025-11-03,Customer Changed Mind,74.45
3196,25286,2026-01-16,Size Issue,16.05
3197,25288,2024-06-29,Size Issue,149.52
3198,25318,2025-07-26,Late Delivery,223.59
3199,25319,2023-09-22,Damaged,364.2
3200,25320,2024-04-11,Size Issue,457.49
3201,25322,2023-12-18,Poor Quality,78.57
3202,25343,2023-08-04,Damaged,390.0
3203,25348,2026-01-05,Size Issue,105.08
3204,25355,2025-03-03,Poor Quality,84.57
3205,25365,2025-08-26,Customer Changed Mind,38.93
3206,25367,2026-01-24,Poor Quality,439.32
3207,25372,2025-04-17,Size Issue,65.71
3208,25382,2024-01-31,Damaged,837.17
3209,25388,2025-10-03,Poor Quality,99.1
3210,25392,2025-12-13,Poor Quality,295.04
3211,25400,2025-10-17,Damaged,349.31
3212,25405,2024-10-14,Damaged,511.66
3213,25408,2024-03-31,Size Issue,498.74
3214,25415,2025-02-25,Size Issue,284.5
3215,25418,2025-11-13,Size Issue,254.52
3216,25424,2025-04-03,Damaged,186.03
3217,25431,2025-02-03,Late Delivery,253.68
3218,25452,2024-08-13,size issue,262.91
3219,25467,2025-06-14,Customer Changed Mind,22.47
3220,25478,2025-02-25,Size Issue,1344.35
3221,25484,2025-08-07,Damaged,97.45
3222,25489,2024-07-06,Damaged,404.88
3223,25501,2025-10-03,Poor Quality,104.15
3224,25514,2025-05-04,Size Issue,229.03
3225,25517,2024-10-06,Poor Quality,263.24
3226,25537,2025-11-21,Wrong Item,100.86
3227,25562,2025-06-24,Damaged,285.11
3228,25578,2025-11-13,Customer Changed Mind,149.22
3229,25584,2024-12-26,Customer Changed Mind,29.51
3230,25588,2023-09-30,Size Issue,335.11
3231,25590,2024-09-21,Size Issue,87.64
3232,25605,2025-02-05,Damaged,128.72
3233,25607,2025-09-25,Damaged,110.36
3234,25608,2025-05-08,Size Issue,379.06
3235,25624,2025-08-02,Wrong Item,172.83
3236,25650,2024-06-19,Customer Changed Mind,32.82
3237,25655,2025-11-22,Wrong Item,129.78
3238,25659,2025-09-09,Size Issue,145.51
3239,25660,2025-06-24,Poor Quality,78.91
3240,25680,2026-01-14,Wrong Item,113.24
3241,25681,2024-11-27,Size Issue,63.03
3242,25682,2026-01-02,Size Issue,40.61
3243,25695,2025-08-31,Poor Quality,319.81
3244,25696,2025-12-22,Late Delivery,46.0
3245,25699,2025-06-01,Damaged,63.12
3246,25703,2024-11-26,Wrong Item,417.81
3247,25706,2025-08-28,Poor Quality,74.11
3248,25711,2024-05-29,Size Issue,523.71
3249,25733,2025-06-14,Size Issue,258.67
3250,25740,2025-05-22,Size Issue,376.83
3251,25749,2025-12-07,Wrong Item,114.45
3252,25753,2024-05-01,Customer Changed Mind,226.38
3253,25758,2026-01-22,Size Issue,16.72
3254,25764,2026-01-02,Size Issue,534.71
3255,25774,2023-09-02,Wrong Item,158.44
3256,25776,2025-05-23,Size Issue,116.11
3257,25788,2026-01-16,Size Issue,736.96
3258,25796,2024-03-04,Wrong Item,55.13
3259,25801,2026-01-09,Late Delivery,150.49
3260,25809,2023-12-21,Size Issue,86.8
3261,25815,2025-12-14,Poor Quality,14.31
3262,25829,2024-10-16,Size Issue,53.04
3263,25848,2025-04-03,Customer Changed Mind,315.37
3264,25859,2024-12-05,Poor Quality,94.93
3265,25871,2025-11-21,Poor Quality,312.2
3266,25875,2025-01-27,Late Delivery,430.14
3267,25881,2024-03-15,Size Issue,314.14
3268,25884,2025-03-19,Poor Quality,200.03
3269,25887,2025-09-09,Poor Quality,361.19
3270,25893,2025-11-12,Customer Changed Mind,86.71
3271,25907,2024-12-02,Wrong Item,107.68
3272,25919,2024-07-17,Size Issue,209.83
3273,25931,2023-11-15,Size Issue,170.01
3274,25937,2025-07-09,Damaged,18.38
3275,25940,2025-08-08,Customer Changed Mind,118.63
3276,25945,2025-01-07,Poor Quality,724.33
3277,25947,2024-11-14,Poor Quality,148.13
3278,25952,2024-03-14,Wrong Item,81.83
3279,25953,2026-01-24,Customer Changed Mind,96.15
3280,25955,2025-02-21,Damaged,153.56
3281,25956,2025-09-30,Size Issue,156.77
3282,25959,2024-09-24,Late Delivery,690.07
3283,25966,2025-07-13,Customer Changed Mind,30.08
3284,25968,2024-07-29,Damaged,366.96
3285,25971,2024-07-06,Customer Changed Mind,170.43
3286,25985,2024-03-18,Wrong Item,62.6
3287,25987,2026-01-23,Damaged,87.53
3288,25993,2025-06-10,Poor Quality,445.03
3289,26002,2025-07-03,Poor Quality,148.46
3290,26023,2025-02-21,Late Delivery,429.12
3291,26026,2026-01-03,Customer Changed Mind,259.33
3292,26058,2025-12-16,Damaged,74.27
3293,26073,2026-01-05,Damaged,97.49
3294,26077,2024-03-26,Wrong Item,322.62
3295,26080,2025-05-10,Wrong Item,33.45
3296,26113,2025-11-11,Customer Changed Mind,231.06
3297,26117,2025-11-30,Size Issue,445.97
3298,26118,2024-10-23,Late Delivery,166.31
3299,26120,2025-11-17,Customer Changed Mind,350.8
3300,26126,2025-09-23,Size Issue,239.46
3301,26131,2025-01-16,Customer Changed Mind,83.07
3302,26132,2024-11-14,Poor Quality,92.28
3303,26134,2025-06-18,Wrong Item,139.6
3304,26137,2025-07-27,Damaged,623.29
3305,26145,2026-01-22,Late Delivery,182.81
3306,26149,2024-10-14,Late Delivery,206.54
3307,26157,2025-12-13,Damaged,280.31
3308,26168,2025-01-07,Customer Changed Mind,247.95
3309,26179,2023-12-07,Wrong Item,27.38
3310,26190,2024-02-04,Poor Quality,502.8
3311,26214,2024-12-19,Size Issue,134.21
3312,26227,2025-11-30,Poor Quality,83.25
3313,26232,2025-03-08,Size Issue,39.82
3314,26233,2026-01-26,Poor Quality,1013.68
3315,26244,2024-09-01,Late Delivery,83.66
3316,26246,2025-11-26,Late Delivery,144.33
3317,26256,2025-08-23,Size Issue,110.46
3318,26258,2023-12-23,Damaged,148.15
3319,26277,2026-01-20,Late Delivery,48.91
3320,26298,2024-02-27,Damaged,72.78
3321,26302,2024-12-03,Damaged,694.5
3322,26321,2024-08-11,Poor Quality,1041.01
3323,26339,2024-07-21,Wrong Item,127.87
3324,26349,2025-03-10,Customer Changed Mind,69.64
3325,26357,2024-07-21,size issue,56.61
3326,26359,2024-06-08,Size Issue,135.61
3327,26368,2024-10-04,Customer Changed Mind,375.26
3328,26373,2025-08-24,Late Delivery,50.96
3329,26390,2025-12-31,Customer Changed Mind,317.16
3330,26392,2025-04-14,Late Delivery,123.12
3331,26401,2026-01-03,Customer Changed Mind,25.93
3332,26419,2025-07-15,Customer Changed Mind,91.18
3333,26432,2025-11-15,Size Issue,162.4
3334,26433,2025-05-11,Wrong Item,113.54
3335,26439,2024-09-26,Poor Quality,106.6
3336,26445,2025-03-07,Size Issue,323.17
3337,26458,2025-10-03,Wrong Item,14.44
3338,26467,2025-01-05,Damaged,371.3
3339,26468,2025-12-03,Size Issue,215.4
3340,26473,2024-02-20,Damaged,740.52
3341,26474,2024-05-09,Size Issue,53.41
3342,26475,2025-04-17,Size Issue,797.31
3343,26487,2026-01-17,Customer Changed Mind,711.21
3344,26491,2024-03-19,Size Issue,355.99
3345,26507,2025-06-04,Customer Changed Mind,218.79
3346,26509,2025-03-08,Damaged,138.85
3347,26511,2025-08-23,Late Delivery,91.44
3348,26513,2025-06-02,Damaged,715.73
3349,26520,2025-10-23,Size Issue,100.02
3350,26528,2025-07-18,Poor Quality,164.46
3351,26539,2024-04-27,Damaged,67.23
3352,26541,2025-10-04,Size Issue,93.95
3353,26545,2024-12-07,Size Issue,72.96
3354,26546,2025-12-30,Customer Changed Mind,138.32
3355,26564,2025-12-19,Poor Quality,40.62
3356,26569,2024-08-12,Late Delivery,184.82
3357,26581,2025-04-28,Size Issue,87.68
3358,26589,2025-09-07,Customer Changed Mind,243.9
3359,26610,2025-12-30,Customer Changed Mind,451.04
3360,26612,2025-11-18,Wrong Item,22.68
3361,26618,2025-07-04,Wrong Item,575.97
3362,26621,2025-03-15,Size Issue,172.42
3363,26639,2025-12-26,Late Delivery,601.51
3364,26640,2023-12-25,Wrong Item,83.72
3365,26643,2026-01-25,Customer Changed Mind,19.39
3366,26644,2023-10-02,Poor Quality,645.57
3367,26647,2024-11-11,Wrong Item,185.92
3368,26650,2025-12-03,Customer Changed Mind,37.97
3369,26651,2023-12-25,Poor Quality,1040.1
3370,26653,2024-10-09,Customer Changed Mind,76.83
3371,26656,2024-04-12,Damaged,216.87
3372,26671,2024-08-04,Size Issue,331.85
3373,26674,2026-01-02,Damaged,295.76
3374,26676,2025-08-03,Poor Quality,44.43
3375,26685,2024-12-07,Customer Changed Mind,528.91
3376,26687,2025-05-30,Wrong Item,85.78
3377,26688,2024-07-05,Damaged,136.17
3378,26692,2024-03-31,Damaged,70.83
3379,26694,2025-02-05,Poor Quality,73.55
3380,26700,2023-11-13,Size Issue,83.59
3381,26703,2023-07-01,Wrong Item,42.11
3382,26712,2025-01-16,Poor Quality,384.37
3383,26720,2024-10-30,Customer Changed Mind,59.37
3384,26763,2026-01-11,Size Issue,142.91
3385,26767,2025-04-24,Late Delivery,544.33
3386,26784,2025-01-20,Poor Quality,582.5
3387,26786,2025-05-30,Customer Changed Mind,161.92
3388,26788,2025-12-08,Size Issue,404.64
3389,26791,2024-01-14,Poor Quality,40.39
3390,26792,2025-01-12,Size Issue,80.09
3391,26795,2024-12-07,Size Issue,525.35
3392,26811,2025-05-04,Damaged,386.17
3393,26815,2024-03-26,Customer Changed Mind,76.06
3394,26827,2024-11-19,Poor Quality,425.23
3395,26841,2024-03-21,Wrong Item,208.84
3396,26857,2024-09-18,Poor Quality,287.65
3397,26875,2024-10-16,Poor Quality,156.21
3398,26882,2024-04-09,Customer Changed Mind,30.7
3399,26889,2025-07-22,Customer Changed Mind,126.68
3400,26893,2025-10-28,Customer Changed Mind,399.61
3401,26909,2025-03-14,Size Issue,101.95
3402,26918,2024-03-16,Wrong Item,77.51
3403,26920,2024-03-02,Size Issue,177.92
3404,26936,2025-09-03,Size Issue,50.51
3405,26939,2023-08-01,Poor Quality,41.05
3406,26943,2023-12-21,Late Delivery,130.97
3407,26945,2025-09-18,Damaged,578.83
3408,26972,2025-12-13,Poor Quality,76.43
3409,26981,2024-10-31,Size Issue,295.92
3410,26982,2025-07-22,Wrong Item,307.17
3411,26983,2024-04-01,Damaged,456.25
3412,26992,2025-11-09,Size Issue,138.53
3413,26998,2024-02-25,Damaged,77.36
3414,27005,2024-01-18,Damaged,23.28
3415,27008,2025-06-29,Size Issue,171.51
3416,27022,2025-08-25,Size Issue,20.63
3417,27035,2025-12-24,Size Issue,71.45
3418,27069,2026-01-14,Poor Quality,83.41
3419,27081,2024-09-25,Wrong Item,260.27
3420,27086,2024-10-26,Damaged,54.57
3421,27100,2025-05-06,Customer Changed Mind,161.17
3422,27107,2025-10-03,Size Issue,449.57
3423,27120,2023-08-12,Poor Quality,137.89
3424,27144,2025-07-29,Poor Quality,189.39
3425,27146,2026-01-19,Damaged,287.84
3426,27152,2025-06-17,Customer Changed Mind,12.15
3427,27153,2025-12-06,Customer Changed Mind,108.78
3428,27162,2025-08-12,Size Issue,495.96
3429,27184,2024-08-15,Size Issue,349.47
3430,27191,2025-12-03,Late Delivery,66.47
3431,27206,2024-07-04,Customer Changed Mind,166.17
3432,27222,2024-12-01,Size Issue,69.24
3433,27248,2025-12-27,Wrong Item,122.05
3434,27259,2025-05-24,Late Delivery,181.65
3435,27262,2025-09-29,Customer Changed Mind,367.62
3436,27266,2023-12-03,Customer Changed Mind,242.62
3437,27268,2024-05-07,Size Issue,643.39
3438,27270,2024-05-07,Size Issue,434.03
3439,27271,2025-12-12,Late Delivery,978.25
3440,27275,2025-05-09,Wrong Item,102.22
3441,27279,2026-01-08,Wrong Item,94.3
3442,27291,2026-01-28,Wrong Item,250.58
3443,27293,2025-10-12,customer changed mind,362.38
3444,27297,2026-01-22,Wrong Item,37.19
3445,27299,2025-05-16,Damaged,192.72
3446,27302,2026-01-14,Wrong Item,212.01
3447,27306,2024-05-19,Wrong Item,451.09
3448,27308,2025-01-26,Size Issue,104.76
3449,27310,2025-10-07,Poor Quality,63.22
3450,27312,2024-11-06,Damaged,112.24
3451,27321,2026-01-11,Customer Changed Mind,20.36
3452,27323,2026-01-13,Poor Quality,127.99
3453,27328,2026-01-26,Customer Changed Mind,135.04
3454,27341,2025-11-13,Customer Changed Mind,71.96
3455,27343,2026-01-17,Customer Changed Mind,167.3
3456,27345,2025-10-11,Customer Changed Mind,79.13
3457,27359,2025-12-31,Damaged,681.19
3458,27362,2025-05-04,Customer Changed Mind,114.52
3459,27366,2024-02-18,Poor Quality,48.23
3460,27377,2025-12-22,Late Delivery,61.98
3461,27385,2025-06-13,Customer Changed Mind,13.22
3462,27406,2025-07-26,Damaged,465.52
3463,27416,2025-10-10,Late Delivery,45.44
3464,27417,2024-12-29,Damaged,103.9
3465,27421,2024-06-11,Poor Quality,120.97
3466,27426,2025-03-30,Poor Quality,14.48
3467,27443,2026-01-08,Damaged,430.62
3468,27448,2024-10-12,Size Issue,461.43
3469,27461,2025-03-02,Damaged,148.25
3470,27462,2025-06-22,Customer Changed Mind,347.27
3471,27468,2024-09-10,Late Delivery,68.7
3472,27469,2025-09-03,Late Delivery,92.79
3473,27478,2025-08-09,Size Issue,50.65
3474,27489,2024-07-08,Size Issue,172.21
3475,27492,2026-01-19,Poor Quality,618.95
3476,27497,2025-10-02,Poor Quality,36.89
3477,27547,2024-05-07,Late Delivery,81.18
3478,27554,2025-10-14,Poor Quality,187.42
3479,27573,2025-07-19,Damaged,72.55
3480,27582,2025-08-03,Poor Quality,195.25
3481,27583,2026-01-24,Customer Changed Mind,63.99
3482,27604,2025-05-13,Customer Changed Mind,187.65
3483,27607,2025-10-16,Size Issue,177.15
3484,27615,2025-08-22,Size Issue,355.81
3485,27632,2025-05-05,Late Delivery,71.9
3486,27633,2024-05-23,Poor Quality,406.41
3487,27637,2025-11-18,Size Issue,589.29
3488,27647,2025-10-07,Customer Changed Mind,497.72
3489,27651,2024-11-10,Damaged,22.57
3490,27663,2025-12-17,Size Issue,238.0
3491,27687,2025-12-27,Size Issue,59.73
3492,27692,2025-08-30,Size Issue,194.71
3493,27694,2025-01-21,Customer Changed Mind,132.02
3494,27707,2024-01-01,Size Issue,120.4
3495,27709,2024-01-16,Wrong Item,226.93
3496,27722,2025-10-31,Late Delivery,254.34
3497,27725,2024-12-20,Damaged,10.69
3498,27727,2025-07-20,Late Delivery,54.12
3499,27730,2024-12-20,Wrong Item,97.21
3500,27739,2024-06-09,Size Issue,383.28
3501,27756,2023-11-28,Size Issue,265.9
3502,27761,2025-09-18,Poor Quality,133.46
3503,27776,2023-06-24,Size Issue,106.2
3504,27777,2026-01-05,Size Issue,152.74
3505,27813,2026-01-03,Wrong Item,427.54
3506,27823,2025-07-20,Customer Changed Mind,28.38
3507,27837,2024-03-28,Customer Changed Mind,219.53
3508,27844,2025-04-28,Late Delivery,596.85
3509,27848,2025-05-19,Poor Quality,461.61
3510,27849,2026-01-05,Customer Changed Mind,43.79
3511,27856,2025-12-29,size issue,71.05
3512,27867,2025-01-02,Size Issue,48.1
3513,27868,2025-02-18,Damaged,39.34
3514,27876,2025-03-24,Customer Changed Mind,25.87
3515,27877,2025-08-07,Wrong Item,481.21
3516,27890,2025-11-05,Customer Changed Mind,159.58
3517,27907,2025-03-14,Wrong Item,36.05
3518,27915,2026-01-19,Wrong Item,123.79
3519,27925,2025-07-28,Size Issue,119.39
3520,27934,2025-01-23,Late Delivery,135.01
3521,27935,2025-10-09,Size Issue,229.5
3522,27936,2025-04-18,Customer Changed Mind,67.7
3523,27937,2024-10-25,Size Issue,77.62
3524,27938,2025-06-20,Customer Changed Mind,43.59
3525,27954,2025-11-06,Wrong Item,118.85
3526,27957,2025-10-18,Damaged,184.25
3527,27963,2025-12-09,Poor Quality,19.83
3528,27965,2025-07-02,Wrong Item,429.79
3529,27973,2025-06-15,Damaged,474.01
3530,27978,2025-07-16,Poor Quality,42.55
3531,27999,2024-12-14,Poor Quality,181.15
3532,28007,2025-01-28,Size Issue,53.77
3533,28011,2024-09-19,Size Issue,766.98
3534,28015,2025-11-06,Poor Quality,223.15
3535,28038,2025-10-16,Wrong Item,47.8
3536,28040,2024-11-25,Damaged,66.17
3537,28052,2026-01-22,Damaged,631.7
3538,28071,2024-06-11,Customer Changed Mind,29.3
3539,28081,2025-06-02,Late Delivery,188.14
3540,28099,2024-12-16,Customer Changed Mind,67.96
3541,28113,2025-05-28,Customer Changed Mind,24.67
3542,28117,2024-12-31,Late Delivery,32.34
3543,28124,2025-01-02,Damaged,283.09
3544,28128,2023-07-09,Wrong Item,374.45
3545,28130,2025-06-08,Poor Quality,108.76
3546,28135,2025-03-11,Wrong Item,191.32
3547,28136,2025-09-08,Size Issue,236.23
3548,28137,2025-12-18,Damaged,330.53
3549,28138,2024-12-03,Late Delivery,195.61
3550,28166,2025-01-19,Wrong Item,429.79
3551,28169,2025-02-01,Size Issue,301.72
3552,28173,2025-05-05,Size Issue,231.61
3553,28188,2025-11-12,Damaged,68.43
3554,28192,2025-12-28,Late Delivery,66.93
3555,28200,2025-04-27,Poor Quality,446.75
3556,28207,2025-05-21,Damaged,50.43
3557,28211,2025-06-19,Size Issue,178.26
3558,28213,2025-12-25,wrong item,102.05
3559,28228,2025-03-07,Customer Changed Mind,233.91
3560,28235,2024-12-02,Customer Changed Mind,177.94
3561,28238,2025-11-19,Damaged,27.23
3562,28247,2024-12-22,Size Issue,650.42
3563,28258,2025-09-12,Size Issue,594.83
3564,28268,2024-03-06,Customer Changed Mind,502.29
3565,28271,2025-08-12,Size Issue,46.62
3566,28272,2026-01-01,Size Issue,548.69
3567,28273,2025-07-24,Size Issue,91.58
3568,28279,2024-02-25,Poor Quality,479.73
3569,28289,2023-09-08,Size Issue,397.22
3570,28291,2025-02-26,Poor Quality,168.07
3571,28296,2024-09-11,Wrong Item,25.07
3572,28302,2025-05-03,Customer Changed Mind,245.02
3573,28306,2025-11-25,Customer Changed Mind,451.42
3574,28311,2026-01-18,Customer Changed Mind,103.98
3575,28319,2025-09-02,Wrong Item,363.12
3576,28320,2026-01-20,Customer Changed Mind,38.35
3577,28322,2024-03-16,Size Issue,74.76
3578,28326,2025-10-16,Poor Quality,418.66
3579,28333,2025-02-07,Damaged,108.48
3580,28334,2025-05-01,Wrong Item,702.23
3581,28336,2025-06-18,Damaged,260.6
3582,28347,2023-11-11,Size Issue,191.85
3583,28352,2025-04-06,Late Delivery,103.97
3584,28353,2024-04-16,Damaged,301.38
3585,28359,2025-10-15,Poor Quality,207.17
3586,28372,2025-10-20,Poor Quality,49.69
3587,28374,2024-06-09,Size Issue,133.54
3588,28375,2024-11-05,Size Issue,46.25
3589,28377,2025-04-01,Poor Quality,285.1
3590,28381,2024-09-01,Late Delivery,185.19
3591,28385,2025-01-02,Late Delivery,235.05
3592,28398,2025-01-10,Size Issue,476.85
3593,28407,2024-12-16,Wrong Item,142.62
3594,28419,2025-12-21,Damaged,210.25
3595,28433,2026-01-02,Size Issue,42.32
3596,28434,2023-10-24,Size Issue,326.61
3597,28439,2025-04-13,Size Issue,83.85
3598,28442,2024-02-26,Poor Quality,36.64
3599,28452,2025-07-02,Late Delivery,659.52
3600,28454,2026-01-23,Customer Changed Mind,22.34
3601,28475,2023-11-25,Wrong Item,33.96
3602,28502,2025-11-29,Damaged,46.32
3603,28525,2025-12-18,Customer Changed Mind,18.25
3604,28531,2025-05-10,Size Issue,27.92
3605,28543,2026-01-22,Wrong Item,19.91
3606,28545,2025-04-16,Customer Changed Mind,13.89
3607,28561,2025-09-18,Poor Quality,292.11
3608,28571,2025-01-02,Customer Changed Mind,16.91
3609,28576,2024-11-03,Customer Changed Mind,800.52
3610,28580,2024-03-05,Customer Changed Mind,153.81
3611,28591,2025-09-06,Wrong Item,43.59
3612,28594,2023-12-23,Customer Changed Mind,264.05
3613,28600,2025-06-10,Damaged,356.82
3614,28601,2026-01-17,Poor Quality,732.13
3615,28615,2025-03-01,Wrong Item,555.82
3616,28621,2025-07-28,Size Issue,120.28
3617,28635,2024-06-23,Damaged,466.84
3618,28645,2023-08-30,Damaged,40.04
3619,28648,2025-12-13,Damaged,86.61
3620,28655,2024-12-15,Late Delivery,75.95
3621,28665,2024-08-17,Poor Quality,38.64
3622,28680,2026-01-07,Late Delivery,11.17
3623,28684,2025-07-09,Late Delivery,508.82
3624,28696,2026-01-29,Damaged,316.01
3625,28710,2025-11-09,Size Issue,680.96
3626,28713,2024-12-27,Size Issue,199.86
3627,28722,2025-09-21,Wrong Item,62.16
3628,28760,2025-05-26,Poor Quality,509.38
3629,28762,2023-03-06,Wrong Item,150.7
3630,28764,2025-09-23,Late Delivery,314.13
3631,28767,2025-10-05,Late Delivery,222.9
3632,28772,2026-01-06,Late Delivery,311.85
3633,28782,2025-02-24,Size Issue,384.17
3634,28789,2026-01-04,Poor Quality,150.66
3635,28795,2025-08-05,Customer Changed Mind,83.49
3636,28838,2025-12-25,Late Delivery,212.27
3637,28839,2026-01-02,Poor Quality,42.55
3638,28840,2026-01-02,Size Issue,252.74
3639,28847,2025-01-02,Late Delivery,346.88
3640,28857,2025-10-12,Poor Quality,205.29
3641,28869,2025-09-05,Poor Quality,146.11
3642,28872,2024-02-08,Damaged,155.37
3643,28877,2024-07-02,Customer Changed Mind,95.29
3644,28885,2026-01-26,Damaged,504.71
3645,28895,2025-10-02,Poor Quality,138.05
3646,28907,2024-08-28,Customer Changed Mind,102.03
3647,28917,2024-03-02,Size Issue,43.49
3648,28926,2024-06-24,Wrong Item,47.35
3649,28936,2025-10-04,Damaged,248.13
3650,28958,2025-03-24,Customer Changed Mind,110.54
3651,28959,2024-10-05,Size Issue,415.43
3652,28965,2025-04-19,Late Delivery,168.29
3653,28973,2025-11-21,Late Delivery,342.37
3654,28974,2025-12-07,Customer Changed Mind,61.47
3655,28998,2024-12-27,Poor Quality,126.46
3656,28999,2026-01-13,Late Delivery,10.28
3657,29023,2026-01-24,Customer Changed Mind,169.48
3658,29024,2024-02-17,Poor Quality,52.27
3659,29026,2026-01-16,Wrong Item,68.85
3660,29063,2025-05-23,Wrong Item,280.83
3661,29071,2025-06-17,Damaged,788.79
3662,29082,2024-06-06,Customer Changed Mind,267.99
3663,29085,2026-01-07,Late Delivery,26.9
3664,29095,2025-04-15,Wrong Item,55.96
3665,29103,2024-11-14,Size Issue,173.9
3666,29111,2025-07-26,Poor Quality,857.9
3667,29114,2025-09-03,Damaged,70.52
3668,29121,2025-07-15,Wrong Item,52.95
3669,29122,2024-01-09,Damaged,690.47
3670,29127,2025-07-10,Damaged,264.34
3671,29128,2026-01-26,Damaged,116.64
3672,29136,2024-11-21,Poor Quality,230.78
3673,29142,2025-06-19,Damaged,28.62
3674,29146,2026-01-11,Customer Changed Mind,646.88
3675,29168,2025-09-13,Damaged,203.29
3676,29183,2025-07-27,Damaged,82.12
3677,29186,2025-05-26,Wrong Item,422.95
3678,29195,2025-12-30,Customer Changed Mind,79.03
3679,29196,2025-12-04,Size Issue,23.94
3680,29207,2023-12-25,Size Issue,311.23
3681,29220,2023-10-29,Customer Changed Mind,27.21
3682,29229,2025-07-17,Damaged,378.77
3683,29230,2023-12-17,Poor Quality,647.14
3684,29231,2026-01-18,Size Issue,85.71
3685,29233,2025-03-02,Damaged,188.64
3686,29237,2024-04-06,Customer Changed Mind,173.75
3687,29240,2025-10-16,Late Delivery,497.43
3688,29241,2024-08-31,Customer Changed Mind,96.51
3689,29245,2025-12-01,Size Issue,51.31
3690,29251,2025-10-14,Wrong Item,528.88
3691,29264,2024-04-21,Size Issue,907.01
3692,29275,2026-01-19,Customer Changed Mind,158.66
3693,29299,2024-08-07,Size Issue,84.37
3694,29314,2025-11-18,Poor Quality,775.56
3695,29315,2025-02-26,Late Delivery,196.11
3696,29323,2025-10-07,Customer Changed Mind,99.56
3697,29324,2025-05-15,Size Issue,165.23
3698,29325,2025-10-15,Damaged,93.5
3699,29326,2024-06-15,Wrong Item,94.92
3700,29337,2024-10-28,Customer Changed Mind,156.91
3701,29338,2025-11-25,Size Issue,69.57
3702,29344,2024-08-14,Wrong Item,143.48
3703,29364,2025-12-11,Poor Quality,101.51
3704,29365,2025-06-30,Late Delivery,691.77
3705,29372,2025-03-14,Size Issue,14.45
3706,29376,2024-12-21,Wrong Item,142.74
3707,29401,2025-06-29,Late Delivery,20.15
3708,29402,2025-12-23,Customer Changed Mind,199.02
3709,29404,2026-01-22,Customer Changed Mind,188.84
3710,29410,2024-06-28,Late Delivery,128.22
3711,29414,2024-01-31,Size Issue,419.29
3712,29421,2024-08-11,Damaged,132.01
3713,29424,2024-05-16,Poor Quality,527.08
3714,29425,2025-12-12,Customer Changed Mind,244.89
3715,29427,2025-10-06,Damaged,103.62
3716,29466,2024-08-21,Wrong Item,697.26
3717,29487,2024-11-13,Size Issue,70.35
3718,29490,2024-07-05,Customer Changed Mind,20.49
3719,29525,2024-01-06,Wrong Item,909.82
3720,29529,2025-12-05,Size Issue,47.19
3721,29552,2025-05-22,Customer Changed Mind,136.11
3722,29553,2026-01-17,Late Delivery,324.61
3723,29554,2025-12-11,Customer Changed Mind,62.79
3724,29563,2025-06-19,Size Issue,99.36
3725,29565,2024-04-19,Late Delivery,357.24
3726,29574,2026-01-06,Wrong Item,84.04
3727,29575,2024-11-04,Size Issue,339.32
3728,29583,2024-08-06,Wrong Item,40.65
3729,29614,2024-01-04,Size Issue,64.05
3730,29618,2025-02-12,Damaged,469.54
3731,29629,2024-07-13,Damaged,65.16
3732,29644,2025-05-25,Size Issue,369.41
3733,29649,2025-05-27,Size Issue,344.88
3734,29666,2026-01-23,Poor Quality,26.58
3735,29675,2023-10-03,Poor Quality,174.93
3736,29681,2025-09-14,Damaged,427.62
3737,29690,2025-05-28,Wrong Item,246.18
3738,29696,2026-01-18,Wrong Item,41.53
3739,29697,2025-06-01,wrong item,500.63
3740,29703,2024-12-11,Customer Changed Mind,65.52
3741,29704,2024-03-12,Poor Quality,273.13
3742,29706,2024-09-05,Poor Quality,75.85
3743,29707,2025-09-23,Damaged,277.24
3744,29711,2024-10-11,Customer Changed Mind,66.94
3745,29714,2024-10-05,Damaged,484.19
3746,29717,2026-01-11,Wrong Item,641.23
3747,29719,2024-11-29,Wrong Item,563.29
3748,29731,2025-12-12,Size Issue,253.93
3749,29744,2025-03-23,Customer Changed Mind,426.47
3750,29745,2025-10-26,Size Issue,57.77
3751,29750,2025-03-30,Size Issue,74.36
3752,29751,2025-03-24,Poor Quality,241.74
3753,29754,2024-05-07,Customer Changed Mind,248.03
3754,29757,2024-12-16,Customer Changed Mind,32.69
3755,29774,2026-01-03,Poor Quality,148.52
3756,29777,2026-01-06,Wrong Item,99.32
3757,29782,2026-01-09,Wrong Item,25.78
3758,29785,2025-12-20,Damaged,99.82
3759,29786,2024-05-24,Size Issue,189.15
3760,29791,2026-01-05,Customer Changed Mind,85.62
3761,29794,2024-11-25,Wrong Item,386.32
3762,29798,2024-05-17,Size Issue,383.84
3763,29799,2024-02-22,Wrong Item,228.85
3764,29819,2025-08-02,Size Issue,187.62
3765,29834,2024-09-12,Wrong Item,716.76
3766,29837,2024-07-24,Poor Quality,189.34
3767,29841,2025-07-10,wrong item,79.2
3768,29850,2025-11-26,Size Issue,67.31
3769,29864,2025-12-14,Late Delivery,81.02
3770,29866,2024-06-22,Size Issue,200.06
3771,29867,2024-01-23,Size Issue,48.37
3772,29868,2024-11-04,Poor Quality,295.8
3773,29871,2026-01-09,Poor Quality,175.24
3774,29879,2025-11-04,Size Issue,26.21
3775,29885,2024-11-28,Size Issue,319.86
3776,29886,2023-10-11,Wrong Item,154.7
3777,29891,2025-04-18,Poor Quality,595.18
3778,29895,2026-01-09,Customer Changed Mind,93.18
3779,29911,2025-11-11,Late Delivery,242.3
3780,29913,2025-01-15,Poor Quality,382.21
3781,29915,2025-10-19,Damaged,116.07
3782,29935,2024-09-24,Damaged,276.67
3783,29944,2025-06-02,Late Delivery,54.89
3784,29946,2026-01-03,Late Delivery,45.44
3785,29951,2025-06-20,Poor Quality,71.5
3786,29955,2024-09-01,Damaged,466.62
3787,29966,2025-04-09,Size Issue,146.21
3788,29968,2024-03-26,Size Issue,526.49
3789,29983,2025-11-10,Damaged,24.74
3790,30001,2025-10-07,Size Issue,100.44
3791,30029,2026-01-19,Damaged,252.46
3792,30044,2025-02-25,Wrong Item,62.0
3793,30045,2025-12-02,Customer Changed Mind,10.3
3794,30052,2025-11-04,Damaged,233.08
3795,30053,2025-05-29,Wrong Item,188.73
3796,30057,2025-09-23,Size Issue,158.71
3797,30069,2025-12-08,Damaged,860.09
3798,30070,2024-08-24,Damaged,208.96
3799,30112,2025-09-29,Size Issue,430.35
3800,30118,2025-08-11,Wrong Item,194.24
3801,30135,2026-01-29,Poor Quality,228.33
3802,30139,2024-12-01,Poor Quality,257.12
3803,30143,2026-01-25,Size Issue,74.55
3804,30154,2024-03-26,Size Issue,531.64
3805,30159,2026-01-13,Customer Changed Mind,29.61
3806,30164,2025-09-06,Damaged,402.65
3807,30177,2025-01-11,Wrong Item,192.97
3808,30182,2025-03-24,Size Issue,99.45
3809,30183,2024-04-27,Poor Quality,72.47
3810,30185,2026-01-19,Late Delivery,102.26
3811,30191,2025-11-17,Damaged,320.77
3812,30200,2023-09-18,Poor Quality,667.67
3813,30228,2026-01-03,Poor Quality,55.23
3814,30242,2025-12-23,Customer Changed Mind,143.86
3815,30246,2024-03-09,Customer Changed Mind,449.5
3816,30247,2024-07-01,Damaged,473.16
3817,30249,2024-06-01,Wrong Item,25.01
3818,30254,2025-02-08,Wrong Item,101.07
3819,30265,2025-07-08,Late Delivery,168.87
3820,30273,2023-07-27,Damaged,77.94
3821,30276,2025-09-16,Late Delivery,293.88
3822,30279,2025-01-12,Size Issue,135.31
3823,30281,2024-11-27,Poor Quality,559.23
3824,30296,2024-09-07,Damaged,35.67
3825,30299,2026-01-12,Customer Changed Mind,418.2
3826,30300,2024-10-27,Damaged,108.22
3827,30304,2025-10-27,Wrong Item,342.94
3828,30306,2026-01-03,Late Delivery,166.85
3829,30307,2025-04-07,Customer Changed Mind,150.29
3830,30314,2023-07-11,Damaged,568.11
3831,30317,2024-12-26,Late Delivery,73.63
3832,30335,2024-12-03,Damaged,1582.83
3833,30338,2025-10-14,Poor Quality,922.21
3834,30343,2024-04-13,Late Delivery,36.23
3835,30349,2025-03-26,Wrong Item,201.04
3836,30358,2025-07-20,Damaged,211.1
3837,30359,2024-05-11,Poor Quality,373.93
3838,30360,2024-07-22,Damaged,401.06
3839,30362,2025-06-20,Damaged,54.66
3840,30371,2026-01-09,Wrong Item,143.1
3841,30378,2025-12-01,Wrong Item,49.64
3842,30384,2025-12-13,Customer Changed Mind,91.87
3843,30388,2026-01-05,Size Issue,135.17
3844,30389,2025-11-29,Wrong Item,129.88
3845,30400,2025-05-04,Poor Quality,613.27
3846,30402,2025-08-23,Damaged,285.68
3847,30407,2025-12-08,Poor Quality,964.98
3848,30439,2025-04-12,Wrong Item,65.41
3849,30442,2026-01-05,Customer Changed Mind,497.45
3850,30444,2024-05-21,Wrong Item,489.86
3851,30455,2024-10-17,Customer Changed Mind,514.16
3852,30459,2024-11-20,Damaged,460.65
3853,30460,2025-01-16,Size Issue,167.97
3854,30468,2026-01-23,Size Issue,265.49
3855,30471,2025-07-01,Size Issue,179.87
3856,30478,2025-08-16,Wrong Item,20.95
3857,30479,2023-09-07,Late Delivery,143.01
3858,30491,2024-06-15,Customer Changed Mind,16.68
3859,30495,2026-01-07,Poor Quality,445.04
3860,30496,2025-09-25,Damaged,293.57
3861,30511,2025-03-29,Size Issue,516.79
3862,30526,2026-01-28,Poor Quality,423.49
3863,30532,2025-11-28,Poor Quality,189.06
3864,30551,2025-04-19,Size Issue,39.91
3865,30556,2025-11-13,Wrong Item,40.48
3866,30557,2025-08-22,Poor Quality,28.9
3867,30561,2025-09-15,Poor Quality,29.67
3868,30579,2024-12-17,Size Issue,196.86
3869,30585,2025-07-17,Size Issue,72.78
3870,30596,2025-08-30,Customer Changed Mind,154.5
3871,30597,2024-07-19,Wrong Item,216.59
3872,30600,2025-03-15,Customer Changed Mind,96.38
3873,30603,2024-12-31,Late Delivery,65.54
3874,30608,2025-04-18,Poor Quality,370.61
3875,30612,2024-12-16,Late Delivery,504.69
3876,30619,2025-08-04,Poor Quality,250.21
3877,30624,2025-01-14,Poor Quality,286.73
3878,30640,2025-10-11,Damaged,171.68
3879,30643,2025-05-22,Late Delivery,182.83
3880,30644,2025-04-02,Wrong Item,176.91
3881,30648,2025-06-05,Late Delivery,147.03
3882,30662,2026-01-20,Customer Changed Mind,130.66
3883,30665,2024-09-18,Size Issue,41.95
3884,30666,2026-01-16,Size Issue,245.23
3885,30668,2025-06-19,Customer Changed Mind,366.52
3886,30670,2025-10-13,Poor Quality,133.11
3887,30676,2025-07-30,Damaged,270.92
3888,30683,2025-02-15,Poor Quality,45.48
3889,30686,2025-05-29,Size Issue,124.22
3890,30688,2025-05-18,Customer Changed Mind,354.43
3891,30690,2025-05-14,Size Issue,248.59
3892,30692,2025-05-08,Customer Changed Mind,24.36
3893,30719,2025-09-29,Late Delivery,40.95
3894,30724,2024-11-27,Wrong Item,52.53
3895,30725,2023-04-21,Size Issue,213.38
3896,30729,2025-11-21,Late Delivery,325.16
3897,30736,2024-03-04,Damaged,77.99
3898,30737,2024-04-07,Size Issue,368.66
3899,30742,2025-11-13,Late Delivery,250.56
3900,30748,2023-06-12,Wrong Item,135.97
3901,30750,2025-12-24,Wrong Item,36.78
3902,30753,2024-12-09,Customer Changed Mind,459.2
3903,30765,2024-07-17,Size Issue,283.49
3904,30766,2025-06-01,Late Delivery,128.49
3905,30770,2024-12-22,Size Issue,288.17
3906,30809,2025-06-26,Size Issue,203.35
3907,30813,2025-04-15,Late Delivery,82.97
3908,30822,2025-11-01,Late Delivery,99.36
3909,30829,2023-12-28,Size Issue,146.26
3910,30831,2024-08-13,Damaged,157.24
3911,30840,2024-11-12,Poor Quality,262.36
3912,30841,2025-04-26,Late Delivery,482.12
3913,30851,2025-11-13,Customer Changed Mind,437.32
3914,30874,2025-09-06,Damaged,72.3
3915,30896,2025-09-18,Size Issue,101.63
3916,30914,2024-05-18,Customer Changed Mind,166.17
3917,30925,2023-11-12,Size Issue,267.69
3918,30933,2024-12-27,Poor Quality,115.55
3919,30937,2025-12-21,Poor Quality,112.89
3920,30962,2025-05-28,Wrong Item,68.15
3921,30964,2024-10-07,Size Issue,207.34
3922,30966,2026-01-09,Size Issue,232.88
3923,30971,2025-12-16,Damaged,161.73
3924,30998,2026-01-20,poor quality,157.74
3925,31012,2025-06-14,Poor Quality,493.88
3926,31016,2025-12-16,Customer Changed Mind,377.41
3927,31021,2025-02-07,Customer Changed Mind,75.75
3928,31030,2024-05-21,Poor Quality,519.89
3929,31050,2025-10-27,Size Issue,82.9
3930,31052,2025-03-18,Damaged,121.45
3931,31055,2024-06-09,Poor Quality,490.99
3932,31056,2023-09-17,Late Delivery,234.43
3933,31060,2023-08-29,Customer Changed Mind,22.94
3934,31061,2024-02-20,Customer Changed Mind,254.7
3935,31063,2025-09-29,Customer Changed Mind,120.58
3936,31072,2025-09-22,Size Issue,776.17
3937,31079,2023-10-11,Size Issue,382.94
3938,31081,2024-09-20,Customer Changed Mind,124.17
3939,31084,2025-06-18,Customer Changed Mind,18.24
3940,31098,2024-12-27,Poor Quality,116.51
3941,31099,2024-04-08,Size Issue,43.99
3942,31132,2025-10-29,Late Delivery,27.81
3943,31137,2025-06-29,Customer Changed Mind,9.41
3944,31148,2026-01-02,Poor Quality,94.41
3945,31158,2024-10-21,Size Issue,116.88
3946,31167,2026-01-06,Late Delivery,454.7
3947,31170,2025-09-15,Customer Changed Mind,68.94
3948,31172,2024-12-06,Size Issue,54.55
3949,31174,2025-03-09,Poor Quality,300.28
3950,31187,2024-11-27,Late Delivery,648.14
3951,31189,2024-10-18,Damaged,524.74
3952,31190,2025-09-10,Late Delivery,21.64
3953,31200,2025-10-14,Customer Changed Mind,116.66
3954,31228,2025-05-31,Wrong Item,97.61
3955,31234,2025-12-06,Size Issue,57.03
3956,31241,2025-11-11,Size Issue,57.99
3957,31254,2025-01-15,Size Issue,752.76
3958,31263,2023-03-13,Late Delivery,96.69
3959,31275,2025-09-05,Wrong Item,435.43
3960,31288,2024-09-12,Size Issue,418.07
3961,31292,2025-09-15,Customer Changed Mind,77.99
3962,31315,2025-12-09,Damaged,29.34
3963,31320,2025-12-05,Late Delivery,127.18
3964,31325,2026-01-18,Late Delivery,151.63
3965,31340,2026-01-14,Damaged,268.61
3966,31348,2023-09-30,Wrong Item,660.23
3967,31354,2024-12-04,Wrong Item,441.98
3968,31366,2024-10-07,Size Issue,82.33
3969,31367,2024-05-07,Wrong Item,167.73
3970,31370,2024-03-01,Poor Quality,75.92
3971,31377,2024-12-07,Damaged,295.41
3972,31392,2024-11-02,Size Issue,859.51
3973,31403,2024-08-21,Size Issue,71.62
3974,31407,2025-05-07,Size Issue,682.02
3975,31426,2025-01-20,Size Issue,165.3
3976,31434,2024-08-16,Wrong Item,232.98
3977,31443,2025-11-22,Damaged,18.79
3978,31457,2026-01-06,Damaged,228.5
3979,31461,2025-02-03,Wrong Item,143.08
3980,31467,2025-09-26,Size Issue,13.35
3981,31479,2024-11-29,Size Issue,358.24
3982,31492,2025-03-05,Size Issue,420.4
3983,31497,2026-01-04,Late Delivery,154.11
3984,31513,2025-05-13,Size Issue,388.86
3985,31519,2025-01-08,Wrong Item,118.19
3986,31521,2025-12-09,Late Delivery,107.84
3987,31539,2026-01-16,Customer Changed Mind,283.94
3988,31547,2025-05-29,Poor Quality,79.08
3989,31561,2026-01-17,Damaged,260.79
3990,31569,2024-11-30,Customer Changed Mind,33.08
3991,31572,2024-12-25,Size Issue,516.19
3992,31575,2024-07-23,Customer Changed Mind,111.6
3993,31599,2025-06-25,late delivery,72.68
3994,31605,2025-12-25,Late Delivery,86.0
3995,31613,2025-11-07,Damaged,54.11
3996,31615,2025-06-01,Late Delivery,271.93
3997,31627,2024-11-25,Damaged,117.35
3998,31635,2025-11-14,Size Issue,371.38
3999,31639,2024-03-29,Late Delivery,277.6
4000,31647,2024-10-08,Customer Changed Mind,367.11
4001,31648,2026-01-23,Wrong Item,218.52
4002,31663,2025-12-17,Wrong Item,221.92
4003,31670,2025-08-04,Customer Changed Mind,63.62
4004,31672,2025-12-24,Damaged,28.65
4005,31675,2025-04-24,Size Issue,132.47
4006,31681,2024-11-20,Customer Changed Mind,119.06
4007,31692,2025-08-17,Size Issue,517.28
4008,31715,2025-04-28,Late Delivery,49.54
4009,31717,2025-11-17,Customer Changed Mind,428.7
4010,31720,2025-10-07,Poor Quality,450.18
4011,31734,2026-01-29,Customer Changed Mind,167.93
4012,31736,2024-03-01,Wrong Item,184.64
4013,31740,2025-01-19,Damaged,143.88
4014,31758,2025-09-16,Size Issue,183.46
4015,31762,2023-11-29,Damaged,492.76
4016,31790,2025-04-01,Customer Changed Mind,82.13
4017,31791,2024-08-19,Size Issue,520.31
4018,31803,2025-02-08,Size Issue,302.05
4019,31814,2024-07-24,Wrong Item,149.2
4020,31824,2025-06-03,Damaged,80.49
4021,31831,2025-12-20,Late Delivery,401.05
4022,31851,2026-01-29,Customer Changed Mind,306.24
4023,31852,2026-01-05,Damaged,336.78
4024,31856,2025-04-16,Customer Changed Mind,68.03
4025,31866,2025-06-03,Size Issue,496.2
4026,31878,2026-01-06,Poor Quality,458.58
4027,31896,2025-09-26,Late Delivery,175.85
4028,31902,2025-07-11,Customer Changed Mind,39.64
4029,31904,2025-11-27,Size Issue,103.73
4030,31912,2025-06-18,Size Issue,60.78
4031,31915,2026-01-05,Size Issue,291.85
4032,31918,2026-01-29,Late Delivery,526.53
4033,31920,2025-04-07,Customer Changed Mind,283.19
4034,31923,2025-10-12,Customer Changed Mind,38.8
4035,31926,2025-08-31,Size Issue,27.7
4036,31929,2025-12-30,Damaged,138.65
4037,31935,2023-11-17,Late Delivery,448.75
4038,31936,2025-12-27,Size Issue,44.58
4039,31972,2025-12-30,Customer Changed Mind,49.35
4040,31973,2025-07-30,Size Issue,75.67
4041,31982,2025-12-25,Size Issue,145.37
4042,31994,2025-12-29,Size Issue,135.25
4043,32001,2023-07-28,Customer Changed Mind,29.82
4044,32013,2025-09-17,Poor Quality,134.54
4045,32014,2026-01-07,Poor Quality,50.19
4046,32022,2024-01-23,Poor Quality,137.15
4047,32024,2025-09-09,Late Delivery,32.97
4048,32042,2024-10-08,Size Issue,93.86
4049,32050,2026-01-17,Customer Changed Mind,138.08
4050,32051,2024-12-30,Size Issue,514.81
4051,32052,2025-06-08,Size Issue,38.55
4052,32063,2024-09-16,Customer Changed Mind,789.56
4053,32090,2025-08-18,Poor Quality,676.84
4054,32115,2025-12-07,Late Delivery,47.25
4055,32121,2025-08-19,Size Issue,85.99
4056,32122,2023-12-17,Size Issue,186.63
4057,32127,2025-02-02,Customer Changed Mind,95.11
4058,32134,2024-09-10,Size Issue,625.23
4059,32135,2025-09-28,Poor Quality,124.96
4060,32145,2025-02-27,Damaged,527.73
4061,32147,2025-12-25,Customer Changed Mind,103.73
4062,32150,2025-11-23,Damaged,296.68
4063,32152,2025-06-15,Poor Quality,44.7
4064,32164,2024-04-16,Customer Changed Mind,501.67
4065,32171,2024-01-23,Size Issue,86.43
4066,32176,2025-12-21,size issue,70.57
4067,32177,2025-10-10,Customer Changed Mind,203.74
4068,32181,2024-07-22,Customer Changed Mind,522.14
4069,32182,2024-10-18,Damaged,158.68
4070,32191,2025-03-30,Customer Changed Mind,291.71
4071,32219,2025-06-02,Late Delivery,387.61
4072,32221,2025-04-17,Late Delivery,337.84
4073,32231,2025-10-28,Size Issue,63.1
4074,32243,2025-06-11,Customer Changed Mind,106.36
4075,32249,2025-10-08,Damaged,257.52
4076,32253,2024-07-14,Damaged,53.28
4077,32259,2025-10-01,Late Delivery,78.8
4078,32263,2025-05-24,Late Delivery,48.67
4079,32270,2023-08-09,Size Issue,32.09
4080,32273,2025-04-12,Poor Quality,748.58
4081,32274,2025-04-03,Wrong Item,12.0
4082,32289,2024-10-09,Size Issue,520.94
4083,32299,2024-08-11,Customer Changed Mind,1103.71
4084,32306,2025-07-07,Poor Quality,333.93
4085,32323,2024-02-01,Damaged,172.3
4086,32337,2024-01-08,Poor Quality,31.4
4087,32338,2025-02-07,Customer Changed Mind,230.18
4088,32339,2025-10-05,Customer Changed Mind,607.23
4089,32342,2025-01-26,Damaged,512.5
4090,32348,2025-10-15,Size Issue,98.91
4091,32354,2026-01-16,Size Issue,192.2
4092,32357,2025-09-25,Size Issue,53.22
4093,32369,2023-10-12,Customer Changed Mind,31.07
4094,32371,2025-09-16,Poor Quality,103.42
4095,32375,2026-01-01,Late Delivery,563.22
4096,32382,2025-09-24,Late Delivery,146.27
4097,32396,2026-01-15,Poor Quality,317.67
4098,32409,2024-07-30,Customer Changed Mind,103.2
4099,32431,2025-08-14,Late Delivery,38.84
4100,32450,2025-07-16,Wrong Item,495.95
4101,32454,2025-11-29,Size Issue,445.9
4102,32467,2025-06-09,Damaged,118.98
4103,32476,2025-06-23,Wrong Item,120.0
4104,32493,2026-01-23,Customer Changed Mind,56.64
4105,32499,2025-12-07,Wrong Item,103.88
4106,32503,2024-10-13,Customer Changed Mind,27.53
4107,32546,2025-05-30,Size Issue,241.09
4108,32548,2024-06-15,Size Issue,247.82
4109,32562,2026-01-04,Customer Changed Mind,546.8
4110,32573,2025-05-19,Customer Changed Mind,486.85
4111,32592,2025-05-15,Wrong Item,243.99
4112,32600,2026-01-06,Size Issue,147.26
4113,32601,2026-01-19,Size Issue,250.85
4114,32617,2025-06-15,Late Delivery,40.52
4115,32621,2025-02-12,Poor Quality,830.13
4116,32635,2026-01-24,Size Issue,584.63
4117,32647,2025-05-28,Late Delivery,62.06
4118,32652,2024-07-08,Damaged,185.13
4119,32654,2024-03-11,Customer Changed Mind,330.05
4120,32657,2025-07-15,Size Issue,785.42
4121,32661,2025-08-26,Wrong Item,111.6
4122,32665,2025-01-27,Late Delivery,214.97
4123,32669,2024-11-19,Poor Quality,264.74
4124,32671,2026-01-10,Customer Changed Mind,75.44
4125,32675,2025-12-01,Late Delivery,457.19
4126,32682,2025-08-15,Poor Quality,94.31
4127,32692,2025-12-30,Damaged,235.75
4128,32696,2025-01-17,Size Issue,882.26
4129,32709,2025-09-11,Wrong Item,33.95
4130,32718,2024-04-26,Size Issue,155.81
4131,32769,2025-09-17,Late Delivery,20.43
4132,32781,2025-07-17,Size Issue,380.21
4133,32808,2026-01-16,Late Delivery,137.33
4134,32827,2025-09-30,Damaged,527.02
4135,32837,2024-03-16,Late Delivery,267.47
4136,32842,2024-11-26,Wrong Item,60.08
4137,32843,2025-12-06,Late Delivery,62.02
4138,32844,2025-02-16,Customer Changed Mind,29.48
4139,32860,2025-05-31,Damaged,160.71
4140,32892,2025-06-19,Customer Changed Mind,95.99
4141,32894,2026-01-16,Poor Quality,99.07
4142,32901,2025-08-21,Poor Quality,152.5
4143,32905,2025-03-08,Size Issue,245.48
4144,32932,2025-03-05,Damaged,228.62
4145,32938,2024-04-28,Size Issue,29.26
4146,32943,2025-04-08,Size Issue,204.36
4147,32945,2023-07-10,Poor Quality,127.56
4148,32951,2025-10-30,Size Issue,106.95
4149,32956,2023-09-23,Poor Quality,108.01
4150,32966,2025-10-14,Damaged,699.01
4151,32969,2024-07-26,Poor Quality,156.41
4152,32971,2024-05-25,Poor Quality,52.29
4153,32976,2024-11-27,Wrong Item,112.59
4154,32977,2024-11-02,Damaged,157.31
4155,32993,2025-01-25,Customer Changed Mind,92.06
4156,32997,2024-05-01,Late Delivery,629.43
4157,32998,2025-12-08,Size Issue,413.17
4158,33004,2025-12-19,Size Issue,868.56
4159,33024,2024-10-20,Late Delivery,166.81
4160,33040,2024-01-18,Size Issue,208.21
4161,33047,2025-11-21,Customer Changed Mind,25.63
4162,33064,2025-03-20,Size Issue,60.73
4163,33078,2025-11-26,Wrong Item,62.85
4164,33084,2025-12-08,Size Issue,260.54
4165,33089,2025-06-18,Damaged,493.01
4166,33094,2025-10-30,Size Issue,119.99
4167,33095,2025-10-24,Customer Changed Mind,222.9
4168,33105,2025-05-25,Size Issue,75.44
4169,33109,2024-12-06,Customer Changed Mind,219.24
4170,33110,2026-01-16,Size Issue,920.63
4171,33119,2025-11-10,Customer Changed Mind,214.8
4172,33120,2025-10-20,Damaged,75.56
4173,33125,2026-01-10,Size Issue,108.1
4174,33133,2025-06-13,Late Delivery,584.81
4175,33137,2025-09-12,Damaged,664.43
4176,33148,2025-08-26,Wrong Item,40.84
4177,33153,2025-08-12,Poor Quality,99.31
4178,33158,2026-01-06,Size Issue,127.56
4179,33162,2025-09-16,Damaged,204.2
4180,33171,2023-12-10,Damaged,56.49
4181,33175,2026-01-03,Late Delivery,253.83
4182,33200,2025-01-16,Damaged,684.69
4183,33207,2026-01-12,Size Issue,9.57
4184,33218,2024-02-23,Customer Changed Mind,5.91
4185,33219,2026-01-18,Damaged,437.48
4186,33221,2024-09-23,Size Issue,405.03
4187,33225,2025-11-06,Wrong Item,39.79
4188,33246,2025-10-31,Poor Quality,280.04
4189,33247,2024-02-10,Wrong Item,42.47
4190,33259,2026-01-21,Size Issue,559.8
4191,33270,2026-01-17,Customer Changed Mind,450.45
4192,33271,2025-07-22,Size Issue,41.5
4193,33272,2025-04-28,Customer Changed Mind,393.49
4194,33279,2024-08-12,Size Issue,630.77
4195,33284,2024-10-05,Size Issue,671.03
4196,33291,2023-12-29,Size Issue,352.52
4197,33297,2025-11-01,Size Issue,317.17
4198,33299,2025-09-20,Customer Changed Mind,346.59
4199,33305,2025-10-18,Damaged,35.25
4200,33328,2025-08-13,Size Issue,410.49
4201,33335,2026-01-24,Size Issue,154.79
4202,33339,2024-08-28,Late Delivery,46.82
4203,33344,2025-11-09,Size Issue,162.98
4204,33362,2025-05-04,Damaged,445.05
4205,33387,2024-09-06,customer changed mind,19.85
4206,33409,2026-01-02,Wrong Item,63.66
4207,33438,2025-10-06,Size Issue,163.65
4208,33440,2025-12-16,Late Delivery,484.45
4209,33446,2025-01-06,Poor Quality,30.88
4210,33461,2025-01-22,Size Issue,260.53
4211,33481,2025-05-01,Customer Changed Mind,346.9
4212,33502,2024-12-24,Size Issue,327.9
4213,33563,2024-06-30,Poor Quality,673.25
4214,33574,2025-08-21,Size Issue,344.44
4215,33583,2026-01-26,Size Issue,37.15
4216,33587,2026-01-15,Customer Changed Mind,229.88
4217,33588,2025-03-23,Late Delivery,274.33
4218,33591,2025-10-18,Late Delivery,88.59
4219,33602,2025-12-21,Poor Quality,73.38
4220,33610,2024-12-30,Damaged,38.57
4221,33620,2024-11-05,Customer Changed Mind,43.94
4222,33634,2025-09-04,Size Issue,270.27
4223,33656,2025-07-02,Size Issue,265.85
4224,33670,2025-07-05,Size Issue,239.34
4225,33672,2025-11-27,Poor Quality,396.77
4226,33675,2024-07-27,Size Issue,496.31
4227,33687,2025-12-03,Size Issue,310.39
4228,33696,2025-12-18,Poor Quality,610.22
4229,33700,2025-04-24,Damaged,195.3
4230,33702,2025-10-05,Size Issue,525.93
4231,33705,2025-11-16,Late Delivery,156.27
4232,33714,2025-03-03,Size Issue,60.33
4233,33718,2024-09-02,Wrong Item,209.85
4234,33723,2025-07-20,Poor Quality,405.74
4235,33734,2026-01-07,Customer Changed Mind,47.81
4236,33741,2024-08-07,Customer Changed Mind,32.21
4237,33756,2025-05-02,Customer Changed Mind,154.56
4238,33761,2024-12-01,Size Issue,21.84
4239,33762,2025-12-25,Damaged,258.29
4240,33764,2024-04-16,Wrong Item,185.59
4241,33767,2025-09-11,Wrong Item,205.62
4242,33779,2025-12-12,Customer Changed Mind,86.08
4243,33780,2025-12-23,Damaged,132.37
4244,33781,2026-01-01,Customer Changed Mind,248.86
4245,33786,2024-08-07,Size Issue,9.03
4246,33790,2025-06-13,Damaged,43.4
4247,33805,2025-11-04,Size Issue,214.67
4248,33807,2025-08-23,Late Delivery,140.24
4249,33810,2025-08-03,Damaged,47.04
4250,33815,2024-07-18,Customer Changed Mind,442.98
4251,33816,2024-08-20,Wrong Item,379.77
4252,33846,2025-12-24,Damaged,109.57
4253,33855,2025-09-26,Wrong Item,511.37
4254,33856,2025-08-16,Damaged,69.77
4255,33865,2025-11-13,Customer Changed Mind,39.06
4256,33877,2025-01-31,Size Issue,105.66
4257,33881,2023-12-14,Size Issue,472.79
4258,33886,2025-07-16,Damaged,127.59
4259,33895,2024-02-08,Damaged,481.25
4260,33896,2026-01-17,Size Issue,292.33
4261,33904,2024-01-19,Poor Quality,30.51
4262,33922,2024-08-05,Late Delivery,151.46
4263,33924,2026-01-06,Damaged,941.91
4264,33934,2024-03-11,Damaged,482.35
4265,33935,2025-11-12,Damaged,533.24
4266,33944,2025-10-04,Damaged,33.91
4267,33949,2026-01-24,Size Issue,473.67
4268,33968,2025-06-26,Customer Changed Mind,38.45
4269,33987,2024-06-19,Size Issue,221.21
4270,34001,2025-02-23,Poor Quality,405.37
4271,34011,2023-07-21,Size Issue,96.16
4272,34013,2023-12-21,Customer Changed Mind,92.39
4273,34026,2023-11-30,Wrong Item,282.67
4274,34039,2025-12-06,Damaged,736.85
4275,34046,2023-12-17,Customer Changed Mind,24.58
4276,34055,2025-04-16,Damaged,122.59
4277,34058,2024-03-20,Wrong Item,229.87
4278,34090,2026-01-06,Poor Quality,90.63
4279,34103,2025-10-19,Damaged,393.64
4280,34108,2026-01-14,Damaged,215.81
4281,34118,2025-10-26,Wrong Item,692.52
4282,34125,2024-07-04,Poor Quality,67.93
4283,34126,2024-10-14,Wrong Item,102.18
4284,34136,2024-05-18,Late Delivery,77.02
4285,34150,2023-05-15,Size Issue,35.37
4286,34160,2024-12-24,Late Delivery,269.65
4287,34180,2025-01-31,Damaged,20.59
4288,34184,2025-05-20,Customer Changed Mind,677.32
4289,34211,2025-12-18,Late Delivery,361.93
4290,34217,2025-03-25,Customer Changed Mind,169.56
4291,34219,2025-08-05,Wrong Item,404.78
4292,34223,2024-05-01,Late Delivery,115.7
4293,34227,2024-10-02,Size Issue,20.48
4294,34237,2025-07-09,Wrong Item,266.57
4295,34259,2025-12-22,Damaged,428.36
4296,34264,2025-05-28,Late Delivery,25.7
4297,34266,2023-08-03,Poor Quality,432.04
4298,34282,2023-11-29,Size Issue,291.95
4299,34284,2023-12-22,Size Issue,49.49
4300,34285,2025-07-25,Wrong Item,437.27
4301,34290,2025-10-06,Late Delivery,240.21
4302,34291,2023-09-07,Customer Changed Mind,499.29
4303,34330,2026-01-24,Damaged,172.43
4304,34338,2024-06-02,Late Delivery,419.22
4305,34378,2025-05-18,Wrong Item,106.84
4306,34383,2024-10-23,Late Delivery,107.05
4307,34406,2025-02-19,Late Delivery,85.1
4308,34415,2024-07-13,Poor Quality,106.8
4309,34421,2024-03-06,Customer Changed Mind,224.18
4310,34432,2025-02-20,Size Issue,560.51
4311,34434,2025-07-26,Customer Changed Mind,361.14
4312,34439,2025-12-01,Size Issue,237.42
4313,34446,2025-12-27,Customer Changed Mind,141.99
4314,34450,2025-08-15,Damaged,216.07
4315,34463,2026-01-05,Size Issue,102.39
4316,34464,2026-01-26,Size Issue,182.58
4317,34467,2025-04-13,Late Delivery,62.95
4318,34470,2026-01-06,Damaged,173.88
4319,34479,2024-11-03,Size Issue,38.26
4320,34480,2024-12-03,Customer Changed Mind,19.91
4321,34484,2025-07-18,Wrong Item,1090.9
4322,34491,2025-08-26,Poor Quality,14.59
4323,34492,2025-01-20,Poor Quality,80.84
4324,34496,2026-01-21,Late Delivery,175.19
4325,34497,2025-06-10,Damaged,514.64
4326,34498,2026-01-22,Size Issue,461.35
4327,34510,2025-10-11,Late Delivery,463.0
4328,34518,2024-09-22,Customer Changed Mind,16.28
4329,34527,2025-09-28,Poor Quality,258.64
4330,34541,2025-12-29,Wrong Item,53.93
4331,34551,2024-12-15,Damaged,505.95
4332,34560,2024-05-08,Damaged,35.35
4333,34577,2024-09-10,Size Issue,574.61
4334,34579,2025-09-10,Size Issue,495.12
4335,34580,2025-08-06,Size Issue,117.94
4336,34600,2025-09-22,Size Issue,112.75
4337,34603,2025-07-11,Customer Changed Mind,737.69
4338,34614,2025-12-10,Late Delivery,150.53
4339,34621,2025-01-16,Damaged,541.27
4340,34631,2025-09-17,Size Issue,479.76
4341,34636,2024-09-20,Damaged,85.18
4342,34637,2023-12-21,Wrong Item,95.58
4343,34638,2024-08-20,Late Delivery,211.46
4344,34646,2024-12-12,Size Issue,144.23
4345,34656,2024-08-09,Late Delivery,211.34
4346,34664,2024-12-06,Poor Quality,8.88
4347,34675,2024-08-12,Size Issue,63.85
4348,34680,2025-11-07,Customer Changed Mind,277.23
4349,34690,2025-05-19,Customer Changed Mind,143.14
4350,34709,2025-02-12,Size Issue,104.94
4351,34717,2025-06-09,Wrong Item,59.4
4352,34723,2024-08-22,Poor Quality,147.29
4353,34733,2026-01-23,Poor Quality,19.06
4354,34743,2026-01-18,Damaged,1018.28
4355,34744,2025-12-19,Size Issue,38.19
4356,34746,2025-07-22,Size Issue,259.56
4357,34751,2023-03-20,Wrong Item,9.55
4358,34754,2025-04-12,Customer Changed Mind,28.07
4359,34767,2023-10-01,Customer Changed Mind,117.79
4360,34777,2025-10-29,Customer Changed Mind,89.26
4361,34794,2024-07-06,Damaged,39.22
4362,34819,2025-12-15,Customer Changed Mind,35.72
4363,34822,2025-11-20,Size Issue,91.29
4364,34824,2024-04-27,Late Delivery,26.53
4365,34827,2023-11-09,Late Delivery,197.53
4366,34852,2025-06-20,Damaged,197.95
4367,34863,2025-06-24,Wrong Item,396.12
4368,34869,2025-12-19,Customer Changed Mind,22.05
4369,34874,2025-11-05,Size Issue,37.31
4370,34882,2026-01-17,Customer Changed Mind,62.15
4371,34890,2025-10-03,Customer Changed Mind,137.16
4372,34895,2025-03-25,Late Delivery,412.02
4373,34896,2025-03-24,Late Delivery,271.02
4374,34903,2025-09-15,Poor Quality,285.02
4375,34935,2025-12-20,Late Delivery,342.2
4376,34937,2025-02-20,Late Delivery,566.53
4377,34950,2025-07-23,Customer Changed Mind,25.41
4378,34952,2025-08-28,Damaged,185.47
4379,34959,2026-01-22,Poor Quality,39.33
4380,34963,2024-03-30,Wrong Item,277.18
4381,34977,2025-07-29,Poor Quality,145.21
4382,34984,2025-10-14,Size Issue,316.54
4383,34997,2025-07-26,Customer Changed Mind,54.88
4384,35001,2025-02-17,Size Issue,111.22
4385,35007,2025-10-25,Customer Changed Mind,138.97
4386,35018,2026-01-28,Wrong Item,298.57
4387,35022,2025-12-24,Late Delivery,80.85
4388,35024,2026-01-18,Poor Quality,187.06
4389,35027,2025-08-13,Damaged,471.27
4390,35046,2024-01-07,Size Issue,250.72
4391,35047,2024-07-05,Poor Quality,119.67
4392,35056,2025-09-22,Damaged,226.14
4393,35071,2023-11-26,Late Delivery,442.37
4394,35079,2023-12-27,Wrong Item,159.42
4395,35088,2025-01-22,Customer Changed Mind,74.36
4396,35103,2026-01-13,Damaged,51.66
4397,35111,2024-03-09,Customer Changed Mind,94.31
4398,35112,2025-04-22,Size Issue,80.1
4399,35114,2025-11-20,Size Issue,96.36
4400,35118,2024-01-15,Customer Changed Mind,546.68
4401,35134,2023-11-06,Poor Quality,72.91
4402,35145,2025-04-16,Poor Quality,383.3
4403,35146,2025-07-24,Damaged,435.16
4404,35149,2025-10-25,Wrong Item,842.26
4405,35159,2024-09-15,Size Issue,157.23
4406,35173,2025-02-09,Late Delivery,381.03
4407,35178,2025-07-09,Size Issue,199.4
4408,35184,2025-10-13,Customer Changed Mind,155.97
4409,35202,2025-07-02,Wrong Item,90.88
4410,35219,2025-12-11,Late Delivery,451.77
4411,35221,2023-10-25,Size Issue,209.11
4412,35244,2025-04-08,Poor Quality,87.51
4413,35250,2026-01-09,Late Delivery,107.28
4414,35252,2024-08-07,Size Issue,73.38
4415,35255,2026-01-01,Late Delivery,20.88
4416,35256,2025-05-26,Late Delivery,300.78
4417,35258,2024-08-20,Wrong Item,287.02
4418,35263,2025-04-22,Customer Changed Mind,486.24
4419,35266,2025-11-11,Damaged,108.15
4420,35290,2025-03-10,Late Delivery,220.03
4421,35291,2023-12-04,Wrong Item,261.91
4422,35292,2025-10-07,Late Delivery,439.34
4423,35294,2024-05-31,Customer Changed Mind,111.87
4424,35314,2023-08-15,Customer Changed Mind,148.09
4425,35320,2024-10-30,Size Issue,162.27
4426,35322,2025-09-02,Wrong Item,814.61
4427,35323,2025-11-17,Late Delivery,35.17
4428,35330,2025-12-14,Damaged,121.48
4429,35334,2025-04-11,Damaged,206.77
4430,35338,2025-05-20,Wrong Item,223.91
4431,35357,2025-11-06,Size Issue,687.68
4432,35366,2023-09-10,Size Issue,586.31
4433,35373,2025-10-18,Damaged,505.99
4434,35375,2024-09-05,Poor Quality,32.07
4435,35388,2024-12-31,Damaged,611.98
4436,35390,2026-01-02,Damaged,96.3
4437,35392,2025-10-02,Late Delivery,108.12
4438,35403,2023-08-15,Damaged,173.76
4439,35436,2025-12-08,Customer Changed Mind,102.4
4440,35437,2025-06-10,Poor Quality,225.19
4441,35466,2024-01-19,Damaged,140.99
4442,35490,2025-11-11,Damaged,249.57
4443,35507,2024-05-08,Customer Changed Mind,127.93
4444,35514,2024-10-22,Wrong Item,279.49
4445,35516,2025-08-16,Late Delivery,164.17
4446,35517,2023-11-20,Poor Quality,210.2
4447,35550,2025-04-13,Size Issue,25.66
4448,35557,2025-11-22,Damaged,71.12
4449,35560,2023-12-25,Customer Changed Mind,10.98
4450,35562,2024-11-25,Damaged,40.13
4451,35570,2024-03-30,Size Issue,142.05
4452,35573,2025-07-16,Size Issue,73.72
4453,35576,2024-05-04,wrong item,138.11
4454,35582,2024-08-14,Size Issue,149.19
4455,35585,2023-09-14,Wrong Item,122.44
4456,35588,2025-11-14,Late Delivery,99.58
4457,35592,2026-01-02,Late Delivery,46.1
4458,35594,2024-02-07,Wrong Item,156.79
4459,35601,2025-05-15,Poor Quality,764.55
4460,35605,2026-01-23,Size Issue,140.73
4461,35612,2024-08-05,Damaged,119.03
4462,35621,2025-03-19,Customer Changed Mind,28.3
4463,35633,2024-05-11,Wrong Item,86.03
4464,35634,2023-04-11,Wrong Item,351.68
4465,35635,2025-02-17,Wrong Item,254.09
4466,35655,2025-08-18,Size Issue,112.2
4467,35657,2025-08-15,Customer Changed Mind,545.4
4468,35662,2023-11-19,Customer Changed Mind,216.32
4469,35666,2024-10-22,Damaged,249.87
4470,35678,2025-12-10,Customer Changed Mind,58.56
4471,35680,2025-03-15,Late Delivery,120.49
4472,35685,2024-08-17,Late Delivery,36.78
4473,35706,2025-09-27,Damaged,850.81
4474,35707,2025-03-13,Size Issue,505.09
4475,35708,2024-12-15,Size Issue,459.77
4476,35709,2025-11-17,Late Delivery,19.7
4477,35717,2025-01-01,Wrong Item,113.97
4478,35719,2024-12-29,Late Delivery,364.33
4479,35724,2024-01-29,Damaged,341.21
4480,35729,2025-04-16,Customer Changed Mind,23.74
4481,35768,2026-01-19,Poor Quality,465.37
4482,35776,2025-12-29,damaged,117.8
4483,35785,2024-12-16,Customer Changed Mind,224.58
4484,35795,2025-06-22,Late Delivery,38.32
4485,35801,2025-10-27,Late Delivery,262.9
4486,35802,2025-10-07,Customer Changed Mind,80.42
4487,35804,2025-03-13,Customer Changed Mind,228.65
4488,35812,2025-02-21,Wrong Item,150.84
4489,35816,2025-12-12,poor quality,325.62
4490,35817,2023-04-17,Poor Quality,34.03
4491,35821,2025-02-23,Size Issue,167.96
4492,35822,2024-08-25,Poor Quality,253.78
4493,35823,2025-08-10,Poor Quality,33.66
4494,35827,2025-04-20,Damaged,79.29
4495,35829,2026-01-28,Late Delivery,112.24
4496,35831,2025-05-16,Size Issue,285.61
4497,35836,2024-02-15,Damaged,153.29
4498,35847,2024-07-17,Damaged,431.38
4499,35859,2026-01-13,Damaged,414.01
4500,35883,2025-02-10,Damaged,184.19
4501,35884,2025-05-11,Poor Quality,375.47
4502,35889,2026-01-21,Late Delivery,13.13
4503,35893,2025-09-14,Damaged,129.45
4504,35897,2026-01-18,Size Issue,161.07
4505,35915,2025-07-21,Size Issue,205.96
4506,35916,2025-08-04,Customer Changed Mind,178.59
4507,35934,2026-01-06,Damaged,431.14
4508,35952,2025-07-29,Damaged,168.55
4509,35961,2024-09-15,Late Delivery,522.81
4510,35968,2025-05-20,Late Delivery,77.28
4511,35971,2025-11-02,Poor Quality,80.62
4512,35976,2025-06-20,Damaged,735.46
4513,35979,2023-02-27,Customer Changed Mind,103.34
4514,35992,2025-07-04,Size Issue,66.64
4515,35993,2025-07-06,Poor Quality,11.67
4516,35996,2023-09-03,Damaged,150.16
4517,36001,2024-09-13,Damaged,536.02
4518,36002,2025-06-08,Size Issue,456.95
4519,36003,2025-06-05,Size Issue,352.92
4520,36011,2024-06-27,Size Issue,115.88
4521,36017,2025-09-02,Late Delivery,670.22
4522,36030,2025-05-05,Size Issue,152.1
4523,36031,2025-11-19,Poor Quality,107.57
4524,36036,2024-05-30,Late Delivery,53.65
4525,36046,2025-08-31,Wrong Item,570.81
4526,36049,2025-09-25,Wrong Item,362.34
4527,36069,2025-02-18,Customer Changed Mind,654.08
4528,36076,2023-09-21,Damaged,436.31
4529,36084,2026-01-07,Size Issue,68.58
4530,36095,2025-06-07,Poor Quality,321.91
4531,36105,2024-09-12,Damaged,351.93
4532,36144,2025-09-28,Size Issue,439.04
4533,36155,2023-06-23,Poor Quality,269.94
4534,36156,2025-07-17,Damaged,53.26
4535,36158,2025-07-07,Damaged,24.11
4536,36160,2026-01-12,Size Issue,24.69
4537,36177,2024-08-16,Damaged,60.8
4538,36190,2026-01-05,Damaged,28.8
4539,36218,2025-04-09,Late Delivery,94.0
4540,36232,2025-09-07,Damaged,948.06
4541,36234,2025-03-13,Size Issue,105.87
4542,36245,2025-10-20,Wrong Item,163.09
4543,36246,2025-12-03,Customer Changed Mind,135.46
4544,36249,2025-12-20,Poor Quality,260.68
4545,36258,2025-10-13,Late Delivery,373.63
4546,36263,2025-02-09,Damaged,109.71
4547,36265,2025-04-14,Size Issue,177.45
4548,36267,2025-05-11,Late Delivery,363.26
4549,36268,2025-03-01,Damaged,292.19
4550,36275,2025-06-04,Damaged,60.22
4551,36296,2026-01-07,Wrong Item,178.12
4552,36301,2024-03-01,Size Issue,99.85
4553,36304,2024-09-11,Size Issue,464.54
4554,36306,2025-12-15,Wrong Item,572.22
4555,36313,2026-01-01,Poor Quality,167.22
4556,36330,2025-11-26,Size Issue,794.58
4557,36339,2024-08-25,Size Issue,213.46
4558,36342,2025-03-31,Size Issue,132.86
4559,36349,2025-03-26,Damaged,86.53
4560,36367,2024-06-14,Late Delivery,1036.92
4561,36373,2024-04-16,Size Issue,223.23
4562,36386,2025-11-07,Size Issue,615.67
4563,36409,2024-03-04,Late Delivery,35.06
4564,36413,2023-10-12,Customer Changed Mind,17.31
4565,36437,2023-12-04,Damaged,191.73
4566,36460,2025-11-07,Damaged,417.49
4567,36470,2025-10-23,Late Delivery,204.97
4568,36473,2024-11-10,Damaged,72.15
4569,36474,2024-04-02,Customer Changed Mind,453.83
4570,36493,2024-12-01,Size Issue,673.68
4571,36502,2024-12-02,Wrong Item,369.6
4572,36520,2025-12-28,Size Issue,573.38
4573,36526,2025-07-09,Size Issue,743.51
4574,36556,2024-07-11,Size Issue,118.78
4575,36565,2025-10-18,Size Issue,36.99
4576,36574,2025-02-26,Customer Changed Mind,58.82
4577,36610,2025-10-18,Poor Quality,59.17
4578,36611,2026-01-21,Damaged,429.75
4579,36613,2025-06-01,Customer Changed Mind,547.93
4580,36615,2025-12-07,Late Delivery,18.65
4581,36633,2024-01-29,Poor Quality,39.41
4582,36641,2023-05-08,Size Issue,341.07
4583,36643,2024-03-29,Size Issue,294.4
4584,36647,2023-08-16,Size Issue,451.36
4585,36668,2025-04-27,Size Issue,159.24
4586,36673,2025-12-01,Wrong Item,186.67
4587,36682,2025-02-21,Size Issue,72.47
4588,36684,2025-10-19,Damaged,97.31
4589,36698,2025-02-27,Size Issue,82.49
4590,36704,2023-12-01,Late Delivery,64.1
4591,36711,2025-01-12,Poor Quality,80.18
4592,36715,2023-11-25,Late Delivery,55.59
4593,36722,2025-05-27,Poor Quality,113.73
4594,36760,2024-07-12,Size Issue,111.37
4595,36766,2025-08-20,Damaged,67.06
4596,36776,2024-09-23,Size Issue,128.93
4597,36777,2025-02-19,Poor Quality,620.13
4598,36785,2025-04-25,Customer Changed Mind,20.93
4599,36803,2026-01-09,Wrong Item,120.11
4600,36828,2024-08-18,Customer Changed Mind,627.35
4601,36835,2025-02-26,Poor Quality,415.72
4602,36848,2025-08-22,Wrong Item,1208.08
4603,36868,2025-06-25,Size Issue,188.81
4604,36870,2026-01-11,Damaged,79.69
4605,36886,2025-09-08,Customer Changed Mind,61.2
4606,36907,2025-02-13,Size Issue,274.2
4607,36908,2025-05-21,Wrong Item,111.38
4608,36910,2025-05-15,Wrong Item,220.56
4609,36916,2026-01-08,Late Delivery,169.41
4610,36926,2025-07-21,Late Delivery,15.34
4611,36932,2023-09-27,Size Issue,278.88
4612,36948,2025-02-27,Size Issue,532.68
4613,36950,2024-11-02,Late Delivery,202.5
4614,36953,2024-07-07,Late Delivery,107.92
4615,36965,2026-01-21,Wrong Item,86.7
4616,36986,2024-04-17,Wrong Item,211.32
4617,36998,2024-07-27,Wrong Item,815.77
4618,37022,2025-09-07,Size Issue,98.07
4619,37044,2025-05-23,Damaged,479.48
4620,37051,2026-01-22,Damaged,132.07
4621,37054,2023-12-29,Size Issue,518.16
4622,37057,2026-01-22,Damaged,572.94
4623,37062,2026-01-19,Size Issue,136.96
4624,37066,2025-06-17,Damaged,192.53
4625,37084,2025-04-03,Late Delivery,16.74
4626,37085,2025-03-06,Late Delivery,66.36
4627,37096,2025-09-10,Size Issue,118.43
4628,37114,2025-12-05,Late Delivery,8.87
4629,37119,2024-08-06,Customer Changed Mind,157.08
4630,37125,2024-08-02,Wrong Item,205.46
4631,37128,2025-08-12,Wrong Item,274.95
4632,37145,2025-11-13,Wrong Item,25.77
4633,37152,2026-01-11,Wrong Item,94.17
4634,37157,2024-12-02,Size Issue,392.81
4635,37158,2026-01-28,Damaged,262.47
4636,37171,2024-10-25,Size Issue,382.23
4637,37175,2024-09-20,Customer Changed Mind,139.23
4638,37206,2026-01-28,Poor Quality,206.41
4639,37213,2023-08-31,Customer Changed Mind,329.55
4640,37216,2025-03-28,Poor Quality,273.74
4641,37217,2024-07-07,Customer Changed Mind,325.69
4642,37226,2026-01-03,Poor Quality,164.61
4643,37231,2025-02-07,Late Delivery,494.07
4644,37232,2025-02-11,Damaged,36.19
4645,37240,2025-01-05,Wrong Item,201.33
4646,37247,2024-08-25,Damaged,451.68
4647,37248,2025-03-13,Size Issue,74.32
4648,37265,2025-08-03,Size Issue,150.81
4649,37266,2024-03-29,Damaged,87.79
4650,37273,2026-01-26,Poor Quality,802.96
4651,37279,2023-07-05,Size Issue,769.54
4652,37287,2025-06-03,Customer Changed Mind,186.58
4653,37293,2025-03-06,Damaged,566.12
4654,37312,2024-09-19,Customer Changed Mind,62.55
4655,37320,2025-09-08,Poor Quality,62.88
4656,37322,2025-01-03,Poor Quality,309.7
4657,37332,2025-12-19,Size Issue,225.27
4658,37337,2025-01-22,Customer Changed Mind,198.25
4659,37357,2025-08-16,Late Delivery,247.46
4660,37366,2025-05-10,Size Issue,326.96
4661,37367,2024-11-12,Wrong Item,119.1
4662,37372,2024-11-13,Size Issue,277.65
4663,37374,2025-12-01,Customer Changed Mind,195.08
4664,37398,2026-01-02,Poor Quality,39.15
4665,37406,2025-09-28,Customer Changed Mind,571.62
4666,37414,2025-11-29,Size Issue,384.86
4667,37416,2025-12-31,Poor Quality,185.16
4668,37419,2024-08-12,Wrong Item,54.31
4669,37421,2025-11-04,Size Issue,26.05
4670,37424,2025-09-19,Size Issue,106.53
4671,37441,2025-02-08,Damaged,310.62
4672,37448,2025-08-18,Poor Quality,336.82
4673,37469,2025-07-26,Poor Quality,92.65
4674,37477,2024-12-17,Size Issue,206.36
4675,37480,2026-01-26,Damaged,133.78
4676,37485,2025-10-12,Late Delivery,33.27
4677,37495,2025-12-19,Size Issue,123.43
4678,37497,2025-12-23,Customer Changed Mind,98.42
4679,37512,2024-07-12,Late Delivery,30.73
4680,37532,2025-09-10,Poor Quality,310.27
4681,37541,2025-12-18,Size Issue,60.88
4682,37542,2025-11-15,Customer Changed Mind,631.11
4683,37551,2025-10-30,Late Delivery,395.57
4684,37569,2024-04-15,Customer Changed Mind,106.02
4685,37578,2023-05-10,Wrong Item,362.83
4686,37586,2026-01-03,Customer Changed Mind,78.75
4687,37592,2025-08-13,Wrong Item,110.89
4688,37597,2025-03-30,customer changed mind,257.51
4689,37604,2024-06-10,Late Delivery,576.97
4690,37609,2025-11-12,Poor Quality,42.33
4691,37610,2025-11-22,Late Delivery,161.19
4692,37616,2025-09-10,Late Delivery,294.63
4693,37620,2024-03-25,Wrong Item,251.92
4694,37625,2025-04-24,Size Issue,379.52
4695,37646,2024-06-28,Wrong Item,170.48
4696,37651,2025-11-15,Damaged,144.98
4697,37656,2024-10-14,Late Delivery,22.51
4698,37663,2025-04-30,Customer Changed Mind,70.62
4699,37668,2024-03-18,Damaged,351.72
4700,37675,2026-01-07,Damaged,404.93
4701,37679,2025-08-21,Poor Quality,222.14
4702,37684,2025-07-01,Late Delivery,876.18
4703,37687,2026-01-06,Late Delivery,466.98
4704,37688,2026-01-07,Late Delivery,81.23
4705,37691,2024-08-14,Late Delivery,211.31
4706,37699,2025-12-21,Poor Quality,1101.56
4707,37712,2025-04-22,Size Issue,720.68
4708,37732,2025-05-13,Wrong Item,77.16
4709,37733,2024-04-14,Late Delivery,43.3
4710,37743,2025-06-23,Late Delivery,178.88
4711,37754,2025-12-19,Wrong Item,183.34
4712,37769,2024-05-03,Wrong Item,356.79
4713,37770,2025-12-22,Poor Quality,78.59
4714,37779,2024-11-01,Size Issue,619.5
4715,37787,2025-04-01,Wrong Item,61.49
4716,37790,2024-01-07,Customer Changed Mind,321.99
4717,37800,2026-01-22,Size Issue,425.84
4718,37801,2024-12-27,Poor Quality,387.19
4719,37804,2025-03-31,Size Issue,95.73
4720,37810,2025-01-15,Late Delivery,210.54
4721,37820,2025-02-21,Size Issue,191.16
4722,37827,2025-02-09,Poor Quality,499.68
4723,37840,2024-07-22,Wrong Item,151.45
4724,37846,2023-12-04,Size Issue,70.1
4725,37847,2024-11-06,Size Issue,112.62
4726,37864,2026-01-14,Size Issue,374.71
4727,37867,2024-12-11,Customer Changed Mind,52.23
4728,37874,2025-08-26,Damaged,37.28
4729,37883,2026-01-06,Size Issue,103.29
4730,37886,2024-09-25,Damaged,50.01
4731,37906,2025-10-08,Late Delivery,83.15
4732,37907,2024-12-15,Customer Changed Mind,306.35
4733,37912,2025-03-05,Size Issue,45.54
4734,37921,2025-10-14,Customer Changed Mind,44.67
4735,37922,2024-05-02,Poor Quality,548.55
4736,37933,2025-09-17,Damaged,86.96
4737,37962,2025-08-27,Poor Quality,205.87
4738,37963,2025-08-05,Poor Quality,387.34
4739,37968,2024-12-03,Late Delivery,310.49
4740,37980,2025-09-18,Customer Changed Mind,52.79
4741,37986,2025-03-06,Late Delivery,32.51
4742,37993,2026-01-10,Customer Changed Mind,223.68
4743,38003,2025-09-06,Damaged,229.11
4744,38005,2025-03-01,Size Issue,664.06
4745,38024,2023-09-05,Size Issue,26.42
4746,38037,2025-06-21,Customer Changed Mind,82.78
4747,38039,2024-10-26,Customer Changed Mind,335.45
4748,38047,2024-11-22,Poor Quality,93.36
4749,38049,2025-12-16,Wrong Item,25.81
4750,38056,2025-01-21,Damaged,155.32
4751,38061,2025-12-25,Size Issue,11.07
4752,38069,2025-10-05,Size Issue,84.31
4753,38081,2023-12-13,Damaged,40.28
4754,38094,2024-07-07,Size Issue,567.18
4755,38098,2025-09-13,Damaged,597.13
4756,38107,2025-05-02,Size Issue,478.53
4757,38112,2025-03-16,Damaged,265.48
4758,38119,2024-06-10,Wrong Item,61.54
4759,38124,2025-10-16,Size Issue,138.36
4760,38128,2025-06-09,Size Issue,129.71
4761,38132,2025-02-15,Poor Quality,101.69
4762,38138,2024-12-07,Wrong Item,30.02
4763,38141,2025-01-31,Wrong Item,143.83
4764,38145,2025-01-01,Size Issue,266.57
4765,38148,2026-01-12,Poor Quality,42.98
4766,38150,2026-01-09,Size Issue,51.63
4767,38154,2024-05-31,Size Issue,297.06
4768,38159,2024-11-26,Late Delivery,441.15
4769,38169,2025-05-23,Size Issue,84.72
4770,38171,2025-05-11,Size Issue,103.17
4771,38227,2024-11-15,Wrong Item,331.25
4772,38231,2024-03-06,Customer Changed Mind,247.34
4773,38239,2025-12-14,Size Issue,82.21
4774,38249,2025-11-23,Size Issue,110.75
4775,38250,2023-12-05,Late Delivery,761.35
4776,38261,2025-12-23,Customer Changed Mind,155.16
4777,38264,2025-06-18,Late Delivery,381.38
4778,38273,2025-09-30,Size Issue,113.88
4779,38282,2025-04-17,Size Issue,527.51
4780,38301,2026-01-07,Customer Changed Mind,156.11
4781,38306,2025-06-27,Size Issue,19.75
4782,38315,2025-08-12,Poor Quality,48.2
4783,38336,2025-07-28,Size Issue,275.29
4784,38337,2025-03-21,Customer Changed Mind,105.09
4785,38350,2025-10-08,Size Issue,228.1
4786,38353,2025-08-09,Poor Quality,124.28
4787,38366,2026-01-08,Late Delivery,44.48
4788,38400,2026-01-15,Wrong Item,62.04
4789,38405,2025-11-16,Wrong Item,48.61
4790,38406,2025-03-21,Wrong Item,156.19
4791,38410,2025-03-14,Size Issue,137.66
4792,38416,2025-07-18,Damaged,22.72
4793,38424,2024-12-12,Size Issue,71.2
4794,38427,2025-08-20,Late Delivery,172.24
4795,38431,2026-01-21,Customer Changed Mind,192.96
4796,38440,2025-09-17,Wrong Item,812.41
4797,38447,2024-12-24,Poor Quality,168.99
4798,38451,2024-10-21,Size Issue,51.09
4799,38456,2025-03-05,Poor Quality,383.74
4800,38479,2024-01-29,Size Issue,27.28
4801,38494,2025-12-27,Damaged,594.25
4802,38502,2026-01-04,Damaged,59.36
4803,38508,2024-12-06,Size Issue,104.03
4804,38511,2024-03-09,Damaged,37.32
4805,38518,2025-12-23,Late Delivery,133.81
4806,38519,2024-09-20,Size Issue,628.88
4807,38521,2025-12-01,Size Issue,218.69
4808,38527,2025-09-21,Late Delivery,63.73
4809,38532,2025-10-02,Late Delivery,120.89
4810,38534,2025-03-18,Wrong Item,470.91
4811,38538,2025-11-17,Size Issue,23.55
4812,38547,2025-07-07,Wrong Item,69.83
4813,38552,2025-09-12,Size Issue,341.72
4814,38561,2024-11-16,Wrong Item,549.18
4815,38566,2025-09-22,Wrong Item,102.85
4816,38569,2024-02-26,Size Issue,326.34
4817,38570,2025-12-21,Damaged,525.92
4818,38572,2025-03-24,Late Delivery,260.29
4819,38583,2025-11-06,Size Issue,24.39
4820,38584,2024-12-10,Size Issue,416.77
4821,38586,2024-08-13,Damaged,307.69
4822,38587,2025-11-01,Customer Changed Mind,36.15
4823,38594,2025-09-12,Late Delivery,89.83
4824,38597,2024-09-25,Wrong Item,29.98
4825,38602,2025-10-30,Late Delivery,477.17
4826,38625,2025-02-24,Poor Quality,512.4
4827,38627,2024-06-08,Wrong Item,70.35
4828,38628,2025-06-28,Customer Changed Mind,120.09
4829,38633,2025-06-06,Size Issue,339.89
4830,38637,2025-01-28,Size Issue,290.85
4831,38640,2024-04-15,Size Issue,31.74
4832,38649,2025-06-03,Wrong Item,108.35
4833,38658,2024-04-12,Customer Changed Mind,132.88
4834,38659,2025-12-04,Damaged,29.85
4835,38661,2026-01-14,Customer Changed Mind,14.31
4836,38673,2024-09-11,Customer Changed Mind,158.78
4837,38693,2025-05-03,Customer Changed Mind,190.85
4838,38696,2025-12-31,Size Issue,49.36
4839,38698,2025-09-14,customer changed mind,272.51
4840,38702,2025-09-28,Size Issue,44.55
4841,38704,2025-10-30,Poor Quality,406.23
4842,38718,2024-12-24,Wrong Item,215.43
4843,38743,2025-02-04,Size Issue,35.91
4844,38751,2026-01-08,Wrong Item,41.56
4845,38785,2024-05-07,Size Issue,151.23
4846,38786,2026-01-13,Damaged,70.74
4847,38803,2024-07-16,Size Issue,112.78
4848,38827,2025-07-26,Damaged,313.34
4849,38833,2024-05-30,Wrong Item,27.75
4850,38837,2025-12-05,Size Issue,24.2
4851,38840,2025-09-10,Customer Changed Mind,68.94
4852,38842,2025-07-03,Poor Quality,414.36
4853,38852,2025-08-17,Damaged,453.81
4854,38854,2025-09-04,Size Issue,430.67
4855,38865,2024-06-23,Poor Quality,450.77
4856,38878,2025-05-04,Size Issue,243.63
4857,38884,2025-01-20,Size Issue,119.08
4858,38891,2026-01-15,Customer Changed Mind,125.15
4859,38892,2025-08-04,Late Delivery,166.21
4860,38895,2025-10-07,Late Delivery,270.16
4861,38937,2025-02-18,Late Delivery,215.99
4862,38943,2023-04-23,Late Delivery,37.98
4863,38946,2025-12-01,Damaged,121.13
4864,38948,2024-06-08,Wrong Item,524.27
4865,38955,2025-02-14,Poor Quality,325.13
4866,38967,2026-01-14,Size Issue,65.65
4867,38975,2025-03-02,Poor Quality,83.55
4868,38976,2025-10-27,Customer Changed Mind,28.82
4869,38988,2025-04-16,Damaged,122.74
4870,38994,2025-08-16,Customer Changed Mind,201.97
4871,39002,2025-10-09,Size Issue,111.48
4872,39003,2023-10-24,Customer Changed Mind,422.64
4873,39013,2025-12-13,Poor Quality,76.92
4874,39017,2024-02-18,Size Issue,94.61
4875,39018,2025-11-24,Late Delivery,64.8
4876,39031,2024-03-22,Poor Quality,95.81
4877,39035,2023-08-01,Customer Changed Mind,70.43
4878,39040,2026-01-13,Size Issue,203.33
4879,39042,2025-08-09,Customer Changed Mind,60.72
4880,39044,2026-01-16,Size Issue,696.35
4881,39056,2025-06-01,Customer Changed Mind,92.3
4882,39061,2026-01-29,Wrong Item,141.62
4883,39075,2025-04-30,Size Issue,20.81
4884,39076,2023-05-04,Late Delivery,113.08
4885,39086,2024-06-10,Late Delivery,580.44
4886,39089,2025-02-02,Wrong Item,125.3
4887,39102,2025-08-15,Size Issue,407.58
4888,39109,2024-02-10,Damaged,110.82
4889,39124,2025-11-18,Customer Changed Mind,139.41
4890,39125,2025-06-14,Customer Changed Mind,136.15
4891,39127,2024-03-30,Customer Changed Mind,72.74
4892,39145,2025-11-29,Size Issue,84.91
4893,39146,2025-04-07,Damaged,540.62
4894,39155,2025-08-21,Customer Changed Mind,156.62
4895,39156,2026-01-09,Customer Changed Mind,44.37
4896,39159,2025-03-18,Wrong Item,139.91
4897,39171,2026-01-16,Wrong Item,141.38
4898,39173,2025-09-10,Late Delivery,72.52
4899,39191,2025-08-31,Size Issue,75.0
4900,39209,2024-06-20,Size Issue,304.94
4901,39221,2024-03-11,Poor Quality,292.35
4902,39227,2026-01-09,Customer Changed Mind,133.96
4903,39240,2025-12-30,Size Issue,463.81
4904,39261,2025-02-11,Wrong Item,102.49
4905,39268,2024-10-25,Wrong Item,339.21
4906,39274,2026-01-12,Customer Changed Mind,163.37
4907,39293,2026-01-24,Size Issue,13.19
4908,39299,2024-02-03,Late Delivery,236.53
4909,39311,2026-01-07,Customer Changed Mind,112.09
4910,39313,2025-04-18,Late Delivery,222.73
4911,39315,2025-03-09,Customer Changed Mind,274.14
4912,39326,2025-10-13,Wrong Item,146.05
4913,39330,2024-06-21,Customer Changed Mind,579.62
4914,39336,2025-08-25,Size Issue,141.39
4915,39348,2025-10-12,Damaged,494.88
4916,39370,2025-08-29,Damaged,250.86
4917,39387,2025-09-10,Late Delivery,200.26
4918,39418,2025-01-13,Customer Changed Mind,648.26
4919,39427,2026-01-13,Damaged,33.74
4920,39432,2025-12-20,Late Delivery,14.33
4921,39435,2024-12-22,Customer Changed Mind,258.2
4922,39446,2025-10-10,Size Issue,468.03
4923,39455,2025-09-10,Damaged,225.23
4924,39463,2025-08-02,Late Delivery,133.38
4925,39467,2025-05-13,Wrong Item,151.34
4926,39470,2026-01-20,Late Delivery,271.57
4927,39478,2024-12-12,Wrong Item,324.29
4928,39486,2024-10-15,Customer Changed Mind,64.8
4929,39496,2025-08-07,Wrong Item,419.24
4930,39499,2026-01-22,Late Delivery,609.94
4931,39502,2025-07-07,Customer Changed Mind,580.96
4932,39510,2023-09-29,Wrong Item,257.51
4933,39516,2024-04-20,Wrong Item,247.37
4934,39528,2024-02-01,Wrong Item,88.43
4935,39531,2024-11-18,Size Issue,20.85
4936,39549,2024-11-26,Late Delivery,484.05
4937,39559,2024-11-02,Customer Changed Mind,451.38
4938,39567,2026-01-20,Poor Quality,523.03
4939,39573,2025-11-25,Poor Quality,147.39
4940,39574,2025-06-11,Poor Quality,240.93
4941,39582,2024-09-20,Size Issue,224.58
4942,39584,2025-03-04,Poor Quality,165.15
4943,39601,2025-11-30,Size Issue,198.16
4944,39609,2025-10-11,Damaged,246.09
4945,39620,2024-10-23,Size Issue,168.1
4946,39626,2026-01-06,Late Delivery,384.06
4947,39632,2025-12-29,Wrong Item,160.68
4948,39639,2024-07-26,Poor Quality,92.01
4949,39641,2026-01-14,Poor Quality,17.6
4950,39647,2025-11-14,Customer Changed Mind,111.01
4951,39654,2023-04-16,Size Issue,225.46
4952,39666,2024-05-15,Customer Changed Mind,26.44
4953,39667,2025-02-09,Size Issue,477.2
4954,39670,2024-10-29,Wrong Item,71.97
4955,39672,2026-01-02,Customer Changed Mind,95.65
4956,39683,2025-10-29,Size Issue,151.85
4957,39692,2026-01-28,Size Issue,80.49
4958,39709,2025-09-07,Poor Quality,150.74
4959,39716,2024-08-21,Customer Changed Mind,472.69
4960,39721,2024-11-23,Poor Quality,123.71
4961,39722,2025-05-09,Size Issue,89.36
4962,39727,2025-09-26,Poor Quality,14.58
4963,39729,2023-10-02,Poor Quality,60.54
4964,39744,2025-04-01,Damaged,155.7
4965,39749,2025-09-05,Size Issue,865.77
4966,39757,2025-05-03,Size Issue,368.33
4967,39758,2025-07-15,Size Issue,415.48
4968,39761,2025-06-02,Damaged,399.71
4969,39765,2025-09-18,poor quality,57.3
4970,39766,2024-03-07,Size Issue,209.86
4971,39769,2025-12-24,Size Issue,56.59
4972,39771,2026-01-04,Damaged,136.76
4973,39773,2024-03-09,Size Issue,255.11
4974,39776,2025-01-04,Customer Changed Mind,217.78
4975,39780,2025-11-02,Damaged,727.17
4976,39798,2025-12-15,Customer Changed Mind,438.03
4977,39808,2025-10-03,Size Issue,214.84
4978,39812,2024-05-08,Size Issue,207.71
4979,39820,2026-01-05,Poor Quality,39.62
4980,39824,2025-08-14,Customer Changed Mind,244.82
4981,39825,2026-01-11,Damaged,417.13
4982,39827,2024-08-13,Damaged,460.87
4983,39828,2024-05-27,Late Delivery,170.46
4984,39835,2025-12-02,Damaged,162.38
4985,39837,2025-09-19,Customer Changed Mind,32.85
4986,39850,2025-07-11,Wrong Item,87.8
4987,39861,2026-01-14,Late Delivery,217.97
4988,39863,2025-10-31,Size Issue,474.05
4989,39879,2024-10-12,Wrong Item,33.98
4990,39883,2025-03-24,Size Issue,195.74
4991,39884,2024-03-07,Wrong Item,129.92
4992,39906,2024-04-20,Wrong Item,390.67
4993,39919,2025-04-15,Damaged,693.53
4994,39926,2025-09-26,Size Issue,592.88
4995,39932,2023-06-17,Late Delivery,33.9
4996,39952,2024-01-28,Late Delivery,77.96
4997,39957,2025-12-26,Poor Quality,66.55
4998,39960,2024-06-19,Size Issue,573.44
4999,39977,2024-03-27,Poor Quality,56.49
5000,39981,2025-09-11,Poor Quality,32.02
5001,39990,2025-06-20,Poor Quality,233.74
5002,39993,2025-12-03,Poor Quality,90.86
5003,39997,2026-01-11,Customer Changed Mind,391.97
5004,40001,2025-01-29,Damaged,506.54
5005,40002,2025-07-08,Poor Quality,449.31
5006,40005,2024-11-13,Late Delivery,311.45
5007,40012,2024-07-02,Poor Quality,84.53
5008,40016,2025-11-27,Wrong Item,539.84
5009,40034,2023-09-09,Customer Changed Mind,69.14
5010,40049,2025-12-09,Wrong Item,95.37
5011,40054,2025-08-16,Poor Quality,342.84
5012,40063,2024-11-14,Wrong Item,103.81
5013,40073,2025-02-17,Damaged,708.83
5014,40074,2025-12-09,Wrong Item,229.83
5015,40092,2025-12-25,Customer Changed Mind,62.73
5016,40093,2025-09-10,Size Issue,89.14
5017,40101,2024-01-12,Late Delivery,419.1
5018,40102,2025-12-04,Poor Quality,237.39
5019,40108,2025-05-27,Customer Changed Mind,68.4
5020,40132,2025-05-24,Customer Changed Mind,66.91
5021,40139,2026-01-05,Customer Changed Mind,46.84
5022,40143,2025-09-24,Damaged,409.7
5023,40161,2025-06-26,Size Issue,287.4
5024,40169,2024-11-16,Size Issue,774.5
5025,40182,2024-02-27,Late Delivery,342.32
5026,40210,2025-10-01,Late Delivery,74.0
5027,40216,2024-11-13,Poor Quality,39.26
5028,40218,2025-01-14,Customer Changed Mind,641.15
5029,40222,2025-10-25,Customer Changed Mind,171.85
5030,40225,2025-10-29,Customer Changed Mind,179.28
5031,40240,2025-12-16,Size Issue,26.03
5032,40244,2025-07-13,Size Issue,160.81
5033,40248,2025-08-21,Poor Quality,260.54
5034,40259,2025-06-19,Size Issue,94.86
5035,40260,2025-11-28,Damaged,253.89
5036,40268,2025-06-22,Size Issue,91.14
5037,40334,2025-03-21,Size Issue,176.98
5038,40348,2024-03-17,Poor Quality,317.06
5039,40369,2023-05-28,Size Issue,185.95
5040,40380,2025-06-27,Size Issue,479.97
5041,40381,2023-12-26,Size Issue,26.24
5042,40386,2025-12-29,Customer Changed Mind,455.76
5043,40388,2025-12-26,Poor Quality,530.82
5044,40405,2025-06-09,Poor Quality,55.56
5045,40422,2025-10-23,Poor Quality,221.63
5046,40432,2025-07-19,Late Delivery,156.94
5047,40436,2025-09-23,Poor Quality,82.14
5048,40453,2025-08-28,Wrong Item,32.15
5049,40456,2023-09-03,Damaged,13.5
5050,40466,2024-01-30,Damaged,237.48
5051,40471,2025-04-15,Damaged,35.53
5052,40476,2025-12-26,Wrong Item,106.22
5053,40480,2025-05-18,Poor Quality,215.39
5054,40492,2025-12-16,Poor Quality,471.93
5055,40497,2025-08-12,Wrong Item,514.32
5056,40507,2024-10-12,Size Issue,49.39
5057,40509,2025-12-02,Size Issue,76.05
5058,40518,2024-07-14,Wrong Item,108.52
5059,40535,2026-01-18,Size Issue,176.35
5060,40537,2025-03-01,Poor Quality,27.1
5061,40539,2026-01-02,Late Delivery,504.16
5062,40540,2026-01-10,Size Issue,226.05
5063,40547,2026-01-19,Damaged,838.84
5064,40584,2025-03-11,Damaged,155.89
5065,40606,2024-10-07,Customer Changed Mind,57.27
5066,40616,2024-01-12,Late Delivery,139.71
5067,40620,2026-01-29,Wrong Item,101.83
5068,40624,2025-05-31,late delivery,520.54
5069,40626,2025-10-24,Size Issue,567.61
5070,40649,2025-12-18,Late Delivery,13.54
5071,40658,2025-06-09,Poor Quality,115.73
5072,40662,2025-11-24,Damaged,370.74
5073,40664,2024-05-22,Damaged,23.64
5074,40665,2024-04-29,Size Issue,653.34
5075,40671,2025-12-19,Wrong Item,140.43
5076,40708,2023-10-19,Damaged,90.94
5077,40709,2026-01-14,Poor Quality,317.83
5078,40710,2025-12-28,Poor Quality,543.76
5079,40720,2026-01-20,Size Issue,90.54
5080,40730,2025-01-12,Size Issue,13.33
5081,40732,2026-01-02,Damaged,1110.92
5082,40739,2024-11-04,Late Delivery,197.65
5083,40741,2025-11-26,Wrong Item,655.61
5084,40745,2025-09-11,Size Issue,163.49
5085,40746,2025-07-03,Customer Changed Mind,140.41
5086,40762,2025-01-02,Damaged,26.03
5087,40763,2025-11-15,Customer Changed Mind,263.26
5088,40766,2025-04-12,Wrong Item,34.35
5089,40775,2024-03-21,Poor Quality,194.95
5090,40776,2025-12-29,Customer Changed Mind,159.01
5091,40802,2023-12-25,Wrong Item,357.43
5092,40803,2025-09-07,Poor Quality,43.63
5093,40804,2023-11-17,Size Issue,274.14
5094,40807,2025-05-05,Customer Changed Mind,39.85
5095,40808,2025-10-17,Poor Quality,197.33
5096,40822,2025-08-18,Damaged,197.45
5097,40831,2025-06-21,Poor Quality,217.02
5098,40840,2025-01-07,Poor Quality,180.04
5099,40855,2025-08-11,Poor Quality,256.76
5100,40864,2025-11-25,Poor Quality,49.84
5101,40885,2025-08-21,Customer Changed Mind,117.03
5102,40909,2025-04-29,Late Delivery,592.49
5103,40916,2023-11-23,Size Issue,893.86
5104,40917,2024-01-27,Damaged,138.79
5105,40931,2025-11-02,Late Delivery,175.36
5106,40943,2025-10-08,Size Issue,26.07
5107,40944,2024-10-09,Late Delivery,199.24
5108,40950,2024-09-10,Customer Changed Mind,33.83
5109,40964,2025-12-04,Size Issue,74.82
5110,40965,2024-09-29,size issue,62.83
5111,40966,2025-10-23,Damaged,741.9
5112,41004,2026-01-02,Wrong Item,36.77
5113,41005,2025-05-08,Size Issue,48.26
5114,41039,2025-07-01,Size Issue,13.94
5115,41041,2024-07-26,Poor Quality,117.15
5116,41045,2025-03-17,Late Delivery,35.18
5117,41055,2026-01-22,Size Issue,301.26
5118,41059,2024-05-22,Customer Changed Mind,8.76
5119,41060,2024-04-27,Size Issue,443.87
5120,41061,2024-01-15,Customer Changed Mind,111.56
5121,41064,2025-09-13,Wrong Item,351.27
5122,41088,2026-01-23,Poor Quality,364.91
5123,41105,2024-06-24,Wrong Item,157.49
5124,41108,2025-11-13,Customer Changed Mind,12.06
5125,41116,2023-12-17,Wrong Item,74.07
5126,41125,2023-10-22,Poor Quality,61.78
5127,41131,2025-11-05,Size Issue,52.21
5128,41134,2026-01-08,Size Issue,589.83
5129,41144,2025-12-25,Size Issue,131.9
5130,41170,2026-01-03,Damaged,75.99
5131,41194,2025-11-29,Wrong Item,98.69
5132,41197,2025-01-25,Size Issue,338.1
5133,41214,2025-10-10,Customer Changed Mind,474.28
5134,41216,2025-10-30,Late Delivery,120.78
5135,41218,2025-10-21,Customer Changed Mind,22.86
5136,41260,2024-10-12,Customer Changed Mind,75.42
5137,41266,2023-06-27,Poor Quality,35.99
5138,41271,2026-01-10,Late Delivery,187.52
5139,41276,2024-03-13,Poor Quality,108.33
5140,41302,2025-07-30,Late Delivery,101.72
5141,41316,2024-03-15,Customer Changed Mind,406.74
5142,41318,2025-11-20,Late Delivery,57.44
5143,41332,2024-08-26,Late Delivery,170.36
5144,41334,2026-01-02,Wrong Item,476.4
5145,41353,2025-09-08,Poor Quality,24.82
5146,41356,2023-05-27,Damaged,132.01
5147,41357,2024-04-05,Damaged,411.69
5148,41360,2025-08-12,Size Issue,262.02
5149,41361,2025-09-13,Late Delivery,169.96
5150,41369,2023-11-27,Late Delivery,500.07
5151,41386,2026-01-14,Poor Quality,289.34
5152,41387,2025-11-03,Wrong Item,88.27
5153,41395,2025-09-14,Wrong Item,183.58
5154,41398,2026-01-27,Wrong Item,249.99
5155,41400,2025-12-18,Late Delivery,15.44
5156,41405,2025-11-10,Late Delivery,90.27
5157,41441,2026-01-07,Late Delivery,39.5
5158,41445,2025-11-08,Poor Quality,120.68
5159,41463,2024-04-29,Poor Quality,363.12
5160,41464,2025-01-28,Customer Changed Mind,449.54
5161,41465,2025-10-17,Customer Changed Mind,36.21
5162,41467,2025-12-28,Size Issue,134.89
5163,41472,2024-08-11,Size Issue,226.2
5164,41476,2024-12-03,Customer Changed Mind,356.78
5165,41491,2025-11-20,Damaged,146.06
5166,41496,2025-11-12,Size Issue,242.2
5167,41497,2024-11-30,Size Issue,541.59
5168,41498,2025-10-02,Late Delivery,359.66
5169,41522,2025-11-23,Size Issue,171.44
5170,41536,2025-09-06,Poor Quality,189.81
5171,41537,2025-07-06,Poor Quality,157.46
5172,41553,2025-11-30,Poor Quality,768.29
5173,41556,2024-09-20,Late Delivery,929.0
5174,41557,2025-09-03,Size Issue,641.12
5175,41559,2024-11-20,Size Issue,323.08
5176,41564,2025-12-20,Late Delivery,348.41
5177,41566,2024-10-15,Poor Quality,103.22
5178,41577,2024-05-02,Size Issue,633.52
5179,41581,2025-06-01,Wrong Item,35.14
5180,41595,2025-07-26,Poor Quality,951.67
5181,41601,2025-09-11,Size Issue,280.72
5182,41603,2025-10-30,Wrong Item,299.73
5183,41608,2025-10-21,Size Issue,586.38
5184,41611,2024-12-21,Poor Quality,37.04
5185,41617,2025-09-15,Wrong Item,155.84
5186,41626,2025-10-27,Wrong Item,46.32
5187,41635,2024-07-27,Poor Quality,71.43
5188,41643,2025-05-22,Size Issue,112.67
5189,41646,2024-09-24,Late Delivery,870.17
5190,41651,2025-12-20,Size Issue,200.87
5191,41652,2023-06-16,Size Issue,400.22
5192,41658,2026-01-13,Late Delivery,238.16
5193,41679,2024-11-01,Damaged,242.46
5194,41680,2025-06-24,Size Issue,65.52
5195,41691,2024-04-12,Size Issue,147.21
5196,41699,2024-09-12,Poor Quality,27.94
5197,41719,2025-12-11,Customer Changed Mind,129.1
5198,41733,2025-01-28,Size Issue,379.19
5199,41738,2025-10-29,Size Issue,504.86
5200,41750,2025-05-07,Size Issue,74.34
5201,41753,2025-07-16,Damaged,172.39
5202,41759,2025-10-15,Customer Changed Mind,30.82
5203,41767,2026-01-10,Wrong Item,219.8
5204,41768,2025-10-12,Damaged,52.29
5205,41769,2025-10-10,Size Issue,263.72
5206,41770,2025-12-17,Size Issue,676.17
5207,41773,2024-08-08,Poor Quality,420.5
5208,41776,2026-01-21,Customer Changed Mind,121.0
5209,41786,2025-09-27,Wrong Item,432.41
5210,41794,2024-11-16,Customer Changed Mind,45.55
5211,41805,2026-01-07,Late Delivery,893.02
5212,41809,2025-08-21,Size Issue,481.59
5213,41828,2024-10-08,Customer Changed Mind,165.11
5214,41833,2023-12-24,Size Issue,154.59
5215,41843,2025-10-16,Size Issue,211.98
5216,41844,2024-11-01,Damaged,131.7
5217,41847,2024-11-20,Wrong Item,132.3
5218,41862,2025-08-26,Damaged,397.26
5219,41874,2025-10-13,Poor Quality,342.65
5220,41880,2025-08-03,Size Issue,96.25
5221,41893,2024-10-30,Customer Changed Mind,26.96
5222,41899,2025-08-17,customer changed mind,105.32
5223,41919,2024-09-10,Late Delivery,95.49
5224,41922,2026-01-14,Late Delivery,19.35
5225,41939,2025-12-01,Size Issue,70.96
5226,41943,2025-05-18,Size Issue,397.56
5227,41951,2024-08-06,Poor Quality,51.93
5228,41958,2025-07-24,Late Delivery,631.72
5229,41976,2025-04-25,Size Issue,92.28
5230,41986,2026-01-08,Late Delivery,262.03
5231,41993,2025-12-20,Wrong Item,53.23
5232,41996,2025-09-05,Poor Quality,140.23
5233,41998,2025-05-18,Customer Changed Mind,52.99
5234,42004,2025-07-12,Size Issue,180.6
5235,42014,2025-06-08,Poor Quality,143.01
5236,42018,2024-03-29,Poor Quality,182.77
5237,42020,2025-11-17,Wrong Item,646.29
5238,42026,2025-07-03,Damaged,114.0
5239,42029,2026-01-08,Damaged,514.69
5240,42056,2025-06-10,Late Delivery,171.73
5241,42059,2025-05-06,Customer Changed Mind,126.24
5242,42071,2023-07-20,Late Delivery,55.79
5243,42081,2024-09-01,Wrong Item,51.07
5244,42104,2025-06-05,Damaged,286.48
5245,42105,2024-01-07,Poor Quality,77.09
5246,42107,2025-11-08,Late Delivery,89.8
5247,42109,2025-05-05,Damaged,53.75
5248,42115,2025-11-02,Customer Changed Mind,103.88
5249,42116,2025-03-20,Customer Changed Mind,56.06
5250,42118,2025-06-11,Customer Changed Mind,104.79
5251,42122,2025-04-07,Wrong Item,468.51
5252,42128,2023-11-07,Poor Quality,29.1
5253,42140,2025-04-18,Poor Quality,649.69
5254,42142,2025-08-16,Damaged,491.7
5255,42156,2025-11-18,Wrong Item,386.5
5256,42157,2025-09-05,Wrong Item,210.6
5257,42159,2023-12-31,Customer Changed Mind,121.79
5258,42161,2025-01-31,Late Delivery,36.7
5259,42168,2025-04-01,Size Issue,74.21
5260,42169,2025-11-14,Wrong Item,259.52
5261,42172,2025-10-04,Size Issue,138.9
5262,42173,2025-09-01,Wrong Item,221.79
5263,42180,2025-05-13,Size Issue,486.4
5264,42183,2024-08-11,Size Issue,93.53
5265,42199,2026-01-02,Customer Changed Mind,89.11
5266,42200,2025-08-18,Damaged,194.41
5267,42202,2025-05-03,Wrong Item,447.89
5268,42203,2025-09-30,Customer Changed Mind,13.08
5269,42211,2023-09-26,Customer Changed Mind,351.0
5270,42224,2025-08-17,Wrong Item,263.15
5271,42227,2025-01-25,Wrong Item,39.76
5272,42230,2026-01-03,Late Delivery,18.46
5273,42232,2024-07-10,Wrong Item,270.2
5274,42235,2024-12-29,Late Delivery,149.91
5275,42246,2025-09-01,Size Issue,914.89
5276,42249,2026-01-02,Size Issue,110.51
5277,42262,2026-01-21,Customer Changed Mind,494.35
5278,42280,2024-09-07,Size Issue,395.63
5279,42281,2026-01-19,Size Issue,399.05
5280,42283,2025-09-19,Wrong Item,116.6
5281,42307,2024-04-04,Size Issue,36.27
5282,42315,2025-12-07,Poor Quality,147.33
5283,42340,2025-10-26,Size Issue,34.46
5284,42346,2026-01-14,Poor Quality,134.1
5285,42355,2023-11-07,Poor Quality,40.04
5286,42378,2024-01-11,Late Delivery,29.84
5287,42400,2025-10-24,Wrong Item,448.79
5288,42410,2025-02-17,Customer Changed Mind,257.96
5289,42425,2025-03-09,Customer Changed Mind,99.2
5290,42426,2023-07-18,Size Issue,67.21
5291,42437,2024-04-21,Wrong Item,321.26
5292,42438,2024-11-02,Damaged,400.33
5293,42460,2025-07-28,Late Delivery,158.88
5294,42463,2024-04-14,Damaged,636.65
5295,42466,2024-03-25,Late Delivery,310.85
5296,42478,2025-06-09,Wrong Item,474.73
5297,42527,2025-09-30,Poor Quality,103.62
5298,42532,2023-07-21,Size Issue,711.08
5299,42540,2025-10-26,Size Issue,273.05
5300,42549,2024-10-03,Size Issue,244.83
5301,42554,2025-04-27,Size Issue,253.58
5302,42557,2024-04-08,Size Issue,594.47
5303,42560,2025-01-29,Customer Changed Mind,145.86
5304,42563,2025-06-27,Poor Quality,111.2
5305,42581,2024-06-19,Wrong Item,104.49
5306,42593,2025-08-14,Late Delivery,130.35
5307,42606,2025-05-18,Poor Quality,48.09
5308,42611,2024-11-15,Damaged,409.84
5309,42613,2025-02-26,Poor Quality,110.25
5310,42628,2026-01-03,Customer Changed Mind,237.74
5311,42635,2023-06-13,Damaged,157.88
5312,42637,2026-01-22,Wrong Item,174.6
5313,42648,2024-08-01,Size Issue,216.78
5314,42652,2025-10-23,Wrong Item,26.37
5315,42667,2024-02-06,Damaged,151.23
5316,42671,2026-01-10,Poor Quality,109.1
5317,42682,2026-01-14,Wrong Item,190.38
5318,42689,2024-10-04,Damaged,231.18
5319,42706,2025-07-11,Damaged,738.16
5320,42707,2025-12-03,Damaged,167.22
5321,42709,2024-12-08,Late Delivery,83.04
5322,42713,2025-01-10,Poor Quality,167.38
5323,42717,2025-02-06,Poor Quality,139.36
5324,42720,2024-02-15,Poor Quality,524.11
5325,42724,2023-11-24,Customer Changed Mind,55.54
5326,42734,2025-01-19,Damaged,223.83
5327,42745,2025-12-30,Size Issue,65.47
5328,42751,2025-11-16,Late Delivery,33.25
5329,42754,2024-06-14,Poor Quality,614.18
5330,42772,2025-05-11,Damaged,232.59
5331,42796,2025-09-14,Poor Quality,617.21
5332,42805,2024-04-30,Size Issue,273.64
5333,42821,2025-12-07,Late Delivery,96.58
5334,42824,2025-07-02,Wrong Item,30.97
5335,42826,2026-01-26,Size Issue,88.47
5336,42864,2024-10-12,Size Issue,386.4
5337,42870,2024-11-28,Damaged,215.22
5338,42881,2025-03-27,Poor Quality,124.54
5339,42886,2024-04-30,Damaged,160.38
5340,42891,2025-11-03,Damaged,1102.98
5341,42902,2025-05-03,Poor Quality,971.84
5342,42908,2025-12-23,Damaged,66.73
5343,42910,2023-12-31,Late Delivery,118.17
5344,42926,2025-12-01,Poor Quality,51.33
5345,42927,2025-05-05,Damaged,351.12
5346,42933,2026-01-08,Damaged,135.78
5347,42945,2024-11-29,Damaged,390.73
5348,42950,2026-01-29,Poor Quality,327.91
5349,42951,2025-08-29,Size Issue,206.51
5350,42959,2025-10-12,Customer Changed Mind,91.99
5351,42962,2024-08-05,Wrong Item,105.12
5352,42970,2024-01-07,Poor Quality,100.69
5353,42973,2025-12-09,Wrong Item,38.7
5354,42975,2024-10-24,Customer Changed Mind,257.74
5355,42976,2024-12-11,Wrong Item,79.25
5356,42983,2024-12-31,Size Issue,253.33
5357,42984,2023-10-18,Damaged,493.91
5358,42989,2025-12-31,Damaged,136.05
5359,42990,2025-02-08,Customer Changed Mind,22.63
5360,43006,2025-11-07,Damaged,704.65
5361,43013,2025-12-11,Size Issue,50.26
5362,43023,2024-12-15,Size Issue,522.23
5363,43024,2025-11-27,Wrong Item,162.9
5364,43038,2024-12-30,Wrong Item,214.44
5365,43040,2026-01-11,Damaged,836.63
5366,43043,2025-06-22,Late Delivery,305.36
5367,43044,2024-11-24,Late Delivery,144.65
5368,43067,2025-03-23,Poor Quality,369.49
5369,43079,2026-01-15,Size Issue,94.56
5370,43081,2025-12-23,Size Issue,538.11
5371,43085,2026-01-17,Size Issue,357.12
5372,43086,2026-01-11,Size Issue,10.44
5373,43106,2025-09-12,customer changed mind,284.45
5374,43129,2024-01-16,Poor Quality,64.86
5375,43131,2025-08-17,Poor Quality,190.39
5376,43138,2024-05-25,Wrong Item,33.87
5377,43172,2024-11-26,Late Delivery,203.45
5378,43176,2025-04-01,Size Issue,521.93
5379,43193,2025-11-27,Wrong Item,72.07
5380,43196,2025-12-07,Damaged,73.72
5381,43207,2023-12-18,Late Delivery,566.45
5382,43223,2025-05-13,Late Delivery,61.18
5383,43235,2026-01-02,Wrong Item,142.34
5384,43238,2025-08-16,Poor Quality,167.3
5385,43241,2025-12-05,Size Issue,197.25
5386,43244,2024-03-29,Poor Quality,97.79
5387,43263,2025-04-27,Damaged,69.13
5388,43269,2024-04-09,Size Issue,133.08
5389,43279,2024-01-14,Customer Changed Mind,65.74
5390,43280,2026-01-20,Wrong Item,51.98
5391,43281,2025-07-23,Size Issue,838.58
5392,43283,2025-07-30,Poor Quality,100.54
5393,43288,2024-10-13,Wrong Item,80.63
5394,43290,2026-01-12,Damaged,202.28
5395,43301,2025-11-19,Poor Quality,1521.14
5396,43316,2025-12-06,Size Issue,176.37
5397,43325,2025-03-26,Poor Quality,22.87
5398,43331,2026-01-12,Customer Changed Mind,73.41
5399,43340,2024-10-26,Poor Quality,103.35
5400,43342,2025-09-05,Wrong Item,165.78
5401,43346,2025-09-08,Poor Quality,162.37
5402,43349,2025-11-10,Customer Changed Mind,570.13
5403,43352,2024-05-02,Size Issue,233.21
5404,43356,2025-05-02,Damaged,36.0
5405,43363,2024-11-02,Damaged,688.66
5406,43366,2025-11-27,Customer Changed Mind,219.86
5407,43381,2026-01-19,Poor Quality,170.64
5408,43385,2024-12-07,Damaged,266.85
5409,43386,2025-07-22,Damaged,135.68
5410,43402,2025-09-24,Poor Quality,472.37
5411,43413,2025-02-12,Customer Changed Mind,174.05
5412,43420,2026-01-27,Customer Changed Mind,527.58
5413,43427,2025-07-28,Size Issue,451.31
5414,43433,2025-03-09,Size Issue,228.91
5415,43444,2024-12-06,Size Issue,456.16
5416,43462,2026-01-18,Wrong Item,201.82
5417,43464,2025-07-11,Wrong Item,299.22
5418,43470,2025-12-28,Wrong Item,311.55
5419,43476,2025-12-21,Size Issue,42.29
5420,43491,2024-08-22,Damaged,270.04
5421,43493,2025-08-12,Damaged,574.2
5422,43496,2024-11-03,Poor Quality,39.55
5423,43499,2024-12-26,size issue,446.56
5424,43505,2025-06-20,Customer Changed Mind,219.41
5425,43506,2026-01-11,Poor Quality,164.47
5426,43510,2024-02-14,Damaged,83.24
5427,43517,2025-11-24,Size Issue,430.4
5428,43542,2025-08-18,Wrong Item,112.22
5429,43553,2025-12-12,Damaged,730.52
5430,43568,2024-02-24,Size Issue,313.19
5431,43580,2025-10-29,Size Issue,158.53
5432,43584,2025-09-03,Customer Changed Mind,208.2
5433,43599,2025-12-08,customer changed mind,144.65
5434,43623,2024-07-14,Size Issue,468.0
5435,43653,2025-07-22,Damaged,217.5
5436,43661,2025-08-02,Wrong Item,105.41
5437,43686,2024-07-28,Poor Quality,392.01
5438,43689,2024-06-12,Customer Changed Mind,274.06
5439,43711,2025-01-27,Poor Quality,220.26
5440,43712,2025-08-26,Size Issue,22.92
5441,43713,2025-03-26,Size Issue,149.34
5442,43716,2023-11-28,Customer Changed Mind,576.09
5443,43719,2024-06-02,Damaged,247.63
5444,43749,2024-12-13,Wrong Item,244.98
5445,43750,2025-01-12,Size Issue,35.74
5446,43766,2026-01-12,Damaged,292.99
5447,43767,2025-10-08,Damaged,44.33
5448,43772,2025-04-19,Poor Quality,116.63
5449,43780,2025-01-19,Damaged,51.47
5450,43789,2024-12-24,Damaged,779.49
5451,43799,2024-05-06,Poor Quality,26.17
5452,43803,2025-12-20,Size Issue,21.78
5453,43805,2026-01-25,Size Issue,278.91
5454,43825,2024-05-21,Poor Quality,287.89
5455,43828,2025-05-05,Late Delivery,184.91
5456,43860,2026-01-14,Late Delivery,135.15
5457,43867,2025-03-01,Wrong Item,323.2
5458,43883,2026-01-15,Wrong Item,37.29
5459,43885,2026-01-15,Damaged,193.62
5460,43907,2025-10-01,Poor Quality,162.03
5461,43915,2024-11-20,Wrong Item,61.57
5462,43923,2024-08-01,Damaged,30.43
5463,43933,2025-09-14,Damaged,1472.32
5464,43934,2024-04-26,Size Issue,189.12
5465,43937,2024-08-07,Size Issue,145.11
5466,43938,2026-01-03,Wrong Item,69.66
5467,43943,2025-09-25,Size Issue,91.69
5468,43975,2025-05-10,Wrong Item,66.35
5469,43979,2025-02-11,Wrong Item,30.63
5470,43986,2025-03-01,Size Issue,23.44
5471,44009,2025-07-25,Damaged,177.7
5472,44015,2023-09-27,Wrong Item,1203.61
5473,44016,2025-01-16,Late Delivery,51.06
5474,44018,2025-08-17,Damaged,359.28
5475,44031,2024-05-24,Damaged,41.21
5476,44034,2025-10-13,Wrong Item,177.93
5477,44041,2025-11-12,Wrong Item,321.52
5478,44048,2024-06-09,Size Issue,180.04
5479,44063,2025-09-07,Size Issue,117.32
5480,44066,2024-08-21,Customer Changed Mind,120.67
5481,44095,2025-08-26,Damaged,520.21
5482,44116,2024-12-28,Late Delivery,55.4
5483,44121,2025-07-05,Size Issue,191.81
5484,44131,2026-01-21,Customer Changed Mind,321.91
5485,44145,2025-11-07,Size Issue,468.53
5486,44152,2024-12-04,Size Issue,27.19
5487,44153,2025-10-16,Late Delivery,32.58
5488,44155,2024-12-15,Poor Quality,708.7
5489,44157,2025-12-15,Late Delivery,262.62
5490,44162,2024-09-05,Damaged,958.54
5491,44163,2026-01-27,Poor Quality,471.9
5492,44169,2025-05-29,Size Issue,12.18
5493,44176,2025-11-03,Size Issue,138.38
5494,44178,2026-01-05,Poor Quality,208.13
5495,44188,2025-12-28,Poor Quality,172.31
5496,44195,2024-07-12,Damaged,162.63
5497,44204,2025-10-24,Customer Changed Mind,141.42
5498,44210,2026-01-12,Size Issue,158.74
5499,44215,2024-10-15,Size Issue,177.81
5500,44220,2024-11-13,Wrong Item,236.07
5501,44221,2025-08-21,Damaged,1027.51
5502,44226,2025-10-23,Size Issue,29.65
5503,44241,2024-03-08,Damaged,173.99
5504,44247,2024-05-13,Poor Quality,779.3
5505,44258,2025-06-25,Size Issue,528.31
5506,44261,2025-05-17,Poor Quality,110.11
5507,44270,2025-11-14,Size Issue,22.55
5508,44271,2025-12-09,Customer Changed Mind,1098.29
5509,44284,2024-12-24,Size Issue,267.73
5510,44288,2024-03-19,Wrong Item,174.57
5511,44298,2026-01-05,Poor Quality,19.12
5512,44323,2026-01-03,Size Issue,315.16
5513,44331,2025-02-02,Wrong Item,391.43
5514,44338,2024-01-01,Customer Changed Mind,35.44
5515,44354,2025-09-22,Damaged,161.02
5516,44356,2023-12-20,Wrong Item,552.87
5517,44357,2024-10-03,Damaged,309.34
5518,44358,2025-09-06,Damaged,36.31
5519,44365,2025-03-17,Wrong Item,42.45
5520,44367,2025-05-04,Size Issue,196.85
5521,44397,2025-03-19,Wrong Item,129.44
5522,44405,2025-06-26,Damaged,92.01
5523,44408,2025-10-12,Customer Changed Mind,203.43
5524,44413,2023-06-11,Size Issue,127.1
5525,44424,2026-01-07,Poor Quality,421.1
5526,44428,2025-10-25,Late Delivery,110.83
5527,44429,2025-06-20,Size Issue,80.26
5528,44430,2025-01-17,Damaged,191.12
5529,44448,2024-03-22,Poor Quality,176.62
5530,44451,2025-10-13,Damaged,203.88
5531,44452,2024-11-03,Late Delivery,83.06
5532,44462,2024-12-13,Damaged,152.05
5533,44474,2024-03-13,Customer Changed Mind,40.0
5534,44476,2025-11-13,Size Issue,49.49
5535,44485,2025-07-16,Size Issue,625.03
5536,44496,2025-02-13,Wrong Item,71.57
5537,44503,2025-11-05,Wrong Item,319.11
5538,44519,2024-09-06,Size Issue,55.66
5539,44533,2025-11-12,Customer Changed Mind,15.75
5540,44544,2025-12-02,Poor Quality,68.37
5541,44557,2026-01-28,size issue,766.83
5542,44565,2023-12-19,Poor Quality,261.29
5543,44576,2024-04-22,Customer Changed Mind,104.3
5544,44580,2025-12-01,Wrong Item,223.79
5545,44594,2025-09-04,Customer Changed Mind,708.67
5546,44595,2024-11-29,Damaged,353.66
5547,44601,2026-01-02,Poor Quality,53.95
5548,44609,2025-02-15,Damaged,35.12
5549,44611,2025-05-27,Poor Quality,29.96
5550,44618,2023-12-01,Poor Quality,45.77
5551,44630,2025-08-02,Wrong Item,78.1
5552,44631,2024-02-17,Late Delivery,208.87
5553,44647,2025-08-30,Wrong Item,155.8
5554,44648,2024-08-22,Poor Quality,123.59
5555,44654,2024-12-30,Poor Quality,660.33
5556,44669,2025-02-07,Late Delivery,476.69
5557,44689,2025-05-24,Late Delivery,620.86
5558,44694,2025-01-11,Poor Quality,17.92
5559,44696,2025-08-02,Wrong Item,549.53
5560,44707,2025-10-24,Customer Changed Mind,129.22
5561,44712,2024-12-29,Wrong Item,110.08
5562,44722,2025-05-03,Damaged,355.59
5563,44730,2023-06-07,Wrong Item,40.78
5564,44737,2024-07-02,Poor Quality,6.98
5565,44744,2025-09-20,Wrong Item,57.36
5566,44747,2023-09-15,Size Issue,96.64
5567,44748,2024-10-10,Size Issue,430.61
5568,44762,2025-06-05,Wrong Item,551.36
5569,44765,2025-07-09,Late Delivery,199.44
5570,44782,2025-09-22,Size Issue,288.03
5571,44788,2025-01-25,Size Issue,29.7
5572,44792,2025-09-20,Customer Changed Mind,207.14
5573,44794,2025-02-08,Poor Quality,593.46
5574,44797,2026-01-25,Damaged,170.13
5575,44800,2025-10-06,Size Issue,283.3
5576,44803,2024-06-23,Poor Quality,372.99
5577,44810,2024-01-13,Size Issue,73.69
5578,44821,2025-07-11,Size Issue,248.7
5579,44839,2025-01-24,Size Issue,273.33
5580,44840,2025-12-04,Size Issue,584.27
5581,44844,2025-09-07,Size Issue,291.99
5582,44852,2025-04-14,Poor Quality,74.89
5583,44856,2025-10-18,Size Issue,400.37
5584,44864,2025-12-13,Late Delivery,149.41
5585,44867,2025-08-31,Customer Changed Mind,41.55
5586,44874,2024-01-19,Late Delivery,161.86
5587,44881,2024-09-28,Damaged,441.64
5588,44887,2024-12-09,Customer Changed Mind,93.08
5589,44888,2024-08-10,Customer Changed Mind,338.38
5590,44901,2025-07-13,Wrong Item,114.83
5591,44908,2025-04-19,Customer Changed Mind,1193.38
5592,44918,2026-01-15,Late Delivery,34.92
5593,44927,2025-09-22,Wrong Item,348.62
5594,44939,2024-11-22,Poor Quality,55.07
5595,44948,2025-12-20,Poor Quality,541.36
5596,44961,2023-12-21,Damaged,302.31
5597,44964,2025-08-08,Size Issue,151.08
5598,44965,2025-11-15,Wrong Item,44.08
5599,44969,2025-06-28,Poor Quality,154.65
5600,44974,2025-11-07,Poor Quality,35.2
5601,44976,2025-09-05,Wrong Item,19.91
5602,44978,2026-01-02,Late Delivery,40.73
5603,44979,2025-11-08,Damaged,288.46
5604,44983,2026-01-25,Wrong Item,128.64
5605,44996,2026-01-02,Size Issue,309.18
5606,45001,2024-06-25,Wrong Item,453.16
5607,45005,2024-12-08,Wrong Item,580.01
5608,45007,2024-12-16,Late Delivery,293.1
5609,45019,2026-01-23,Poor Quality,101.31
5610,45020,2025-11-28,Wrong Item,32.45
5611,45026,2025-12-29,Late Delivery,607.61
5612,45030,2026-01-10,Size Issue,165.96
5613,45036,2025-09-14,Wrong Item,127.05
5614,45044,2025-07-17,Customer Changed Mind,369.57
5615,45047,2025-01-21,Late Delivery,527.92
5616,45053,2025-09-16,Damaged,123.47
5617,45055,2024-08-25,Wrong Item,149.96
5618,45069,2025-02-16,Size Issue,56.17
5619,45070,2025-04-26,Size Issue,26.55
5620,45073,2025-08-09,Damaged,242.38
5621,45079,2025-05-10,Damaged,105.28
5622,45083,2025-01-16,Late Delivery,67.51
5623,45094,2024-05-20,Customer Changed Mind,138.99
5624,45099,2025-12-13,Customer Changed Mind,19.37
5625,45103,2024-12-31,Poor Quality,392.29
5626,45104,2025-06-02,Customer Changed Mind,308.29
5627,45106,2026-01-04,Size Issue,196.25
5628,45110,2025-08-14,Damaged,151.05
5629,45115,2024-11-18,Late Delivery,145.72
5630,45118,2026-01-03,Damaged,20.35
5631,45126,2025-04-23,Size Issue,137.1
5632,45130,2025-07-18,Customer Changed Mind,138.1
5633,45150,2024-07-20,Late Delivery,87.44
5634,45156,2025-12-07,Customer Changed Mind,272.82
5635,45162,2024-01-30,Size Issue,73.55
5636,45164,2024-11-11,Size Issue,783.52
5637,45165,2023-03-06,Wrong Item,108.35
5638,45166,2025-04-15,Late Delivery,954.04
5639,45172,2025-06-03,Wrong Item,480.54
5640,45209,2025-12-18,Late Delivery,92.9
5641,45227,2025-12-24,Poor Quality,167.24
5642,45234,2025-01-06,Damaged,223.64
5643,45238,2025-11-02,Late Delivery,119.61
5644,45241,2024-11-18,Damaged,215.6
5645,45245,2025-05-26,Size Issue,43.41
5646,45249,2025-03-14,Size Issue,157.66
5647,45252,2025-11-14,Customer Changed Mind,85.9
5648,45254,2025-09-03,Wrong Item,97.11
5649,45260,2025-05-27,Late Delivery,61.7
5650,45263,2025-10-03,Late Delivery,112.79
5651,45268,2024-10-24,Size Issue,414.23
5652,45282,2026-01-02,Wrong Item,719.6
5653,45301,2023-05-22,Poor Quality,45.38
5654,45302,2026-01-14,Late Delivery,311.04
5655,45315,2025-05-28,Size Issue,153.91
5656,45318,2024-04-28,Poor Quality,272.85
5657,45326,2025-04-04,Size Issue,272.0
5658,45342,2025-03-14,damaged,78.77
5659,45344,2025-02-10,Poor Quality,39.67
5660,45348,2025-11-27,Late Delivery,72.55
5661,45352,2026-01-08,Poor Quality,151.03
5662,45357,2025-12-03,Wrong Item,140.69
5663,45358,2024-11-06,Late Delivery,543.45
5664,45364,2024-08-02,Size Issue,12.17
5665,45368,2024-07-16,Customer Changed Mind,285.36
5666,45380,2024-08-01,Poor Quality,511.27
5667,45383,2025-12-16,Size Issue,185.59
5668,45389,2024-06-24,Poor Quality,110.13
5669,45393,2025-07-19,Late Delivery,269.26
5670,45396,2024-02-25,Late Delivery,349.62
5671,45436,2024-12-18,Wrong Item,86.31
5672,45452,2025-11-25,Size Issue,189.84
5673,45455,2024-12-25,Poor Quality,538.11
5674,45460,2024-06-22,Poor Quality,479.08
5675,45468,2025-11-17,Customer Changed Mind,393.09
5676,45496,2025-06-15,Late Delivery,79.35
5677,45509,2025-12-28,Customer Changed Mind,499.85
5678,45517,2025-09-18,Late Delivery,132.83
5679,45531,2025-08-21,Customer Changed Mind,38.12
5680,45532,2025-04-13,Customer Changed Mind,111.05
5681,45534,2025-12-14,Damaged,412.96
5682,45544,2024-07-24,Customer Changed Mind,507.19
5683,45546,2024-04-04,Customer Changed Mind,51.3
5684,45548,2025-05-27,Poor Quality,124.23
5685,45576,2025-04-04,Customer Changed Mind,182.48
5686,45578,2024-04-09,Size Issue,81.85
5687,45588,2025-07-06,Late Delivery,27.7
5688,45591,2024-05-09,Customer Changed Mind,327.81
5689,45592,2025-05-27,Damaged,55.55
5690,45605,2025-08-09,Customer Changed Mind,201.35
5691,45607,2025-12-29,Poor Quality,108.8
5692,45613,2025-03-15,Late Delivery,121.6
5693,45614,2025-03-31,Size Issue,206.75
5694,45615,2024-04-09,Damaged,240.22
5695,45621,2024-02-08,Size Issue,149.62
5696,45635,2025-06-25,Wrong Item,249.35
5697,45640,2024-11-06,Size Issue,253.06
5698,45654,2024-10-20,Poor Quality,194.89
5699,45659,2024-11-30,Size Issue,62.56
5700,45665,2024-12-12,Poor Quality,59.93
5701,45668,2025-09-26,Size Issue,982.12
5702,45669,2025-11-21,Wrong Item,36.65
5703,45674,2025-03-23,Late Delivery,924.92
5704,45678,2025-09-23,Customer Changed Mind,178.91
5705,45679,2025-03-12,Damaged,75.76
5706,45684,2025-10-11,Poor Quality,223.91
5707,45686,2025-08-17,Wrong Item,185.06
5708,45687,2024-06-03,Damaged,129.87
5709,45692,2025-05-08,Damaged,90.11
5710,45702,2025-03-10,Customer Changed Mind,63.74
5711,45709,2025-06-17,Damaged,96.06
5712,45710,2025-10-09,Size Issue,219.61
5713,45711,2024-03-19,Poor Quality,241.08
5714,45716,2025-03-13,Size Issue,76.88
5715,45717,2023-10-10,Late Delivery,84.3
5716,45737,2025-04-06,Damaged,499.77
5717,45742,2025-08-27,Damaged,194.06
5718,45753,2024-08-12,Poor Quality,143.42
5719,45760,2025-06-07,Size Issue,482.7
5720,45776,2024-10-04,Size Issue,65.12
5721,45777,2024-09-16,Poor Quality,337.53
5722,45780,2023-11-13,Damaged,484.69
5723,45781,2025-02-10,Damaged,203.21
5724,45792,2025-08-29,Damaged,542.87
5725,45795,2025-05-22,Size Issue,475.21
5726,45819,2025-06-04,Size Issue,279.94
5727,45824,2025-08-25,Late Delivery,129.22
5728,45825,2024-09-16,Late Delivery,123.11
5729,45830,2026-01-27,Size Issue,24.73
5730,45846,2025-11-21,Wrong Item,194.55
5731,45865,2025-03-20,Wrong Item,142.16
5732,45875,2026-01-06,Damaged,189.56
5733,45889,2024-10-07,Size Issue,121.22
5734,45890,2026-01-10,Size Issue,184.21
5735,45891,2025-09-07,Wrong Item,40.12
5736,45900,2024-03-02,Late Delivery,225.26
5737,45909,2024-06-30,Wrong Item,1063.53
5738,45920,2025-11-10,Size Issue,273.89
5739,45925,2026-01-20,Size Issue,23.68
5740,45932,2025-09-15,Damaged,813.68
5741,45935,2024-10-05,Poor Quality,23.87
5742,45939,2026-01-11,Poor Quality,58.84
5743,45948,2025-05-26,Damaged,313.87
5744,45954,2025-12-30,Customer Changed Mind,47.19
5745,45978,2025-03-23,Damaged,839.37
5746,45979,2025-04-11,Size Issue,140.83
5747,45989,2025-06-22,Poor Quality,92.39
5748,46017,2025-03-24,Poor Quality,146.83
5749,46019,2023-11-24,Late Delivery,66.96
5750,46061,2023-02-17,Wrong Item,74.24
5751,46062,2026-01-28,Size Issue,323.27
5752,46063,2023-11-23,Poor Quality,468.72
5753,46083,2025-05-13,Poor Quality,119.37
5754,46086,2025-07-21,Size Issue,364.4
5755,46093,2024-07-25,Damaged,22.74
5756,46104,2025-08-31,Poor Quality,579.95
5757,46113,2025-11-27,Customer Changed Mind,182.97
5758,46116,2025-08-08,Damaged,267.32
5759,46118,2026-01-26,Poor Quality,118.83
5760,46134,2025-12-09,Damaged,112.12
5761,46138,2025-07-22,Poor Quality,665.12
5762,46146,2024-12-09,Poor Quality,21.69
5763,46162,2025-12-24,Late Delivery,103.46
5764,46166,2025-05-14,Damaged,255.32
5765,46167,2023-09-25,Damaged,354.09
5766,46209,2025-06-09,Customer Changed Mind,190.2
5767,46221,2025-11-10,Poor Quality,138.3
5768,46240,2025-06-03,Customer Changed Mind,14.96
5769,46243,2023-07-11,Late Delivery,153.31
5770,46256,2026-01-29,Damaged,444.01
5771,46267,2025-05-29,Customer Changed Mind,55.42
5772,46285,2025-10-24,Late Delivery,261.58
5773,46300,2025-04-22,Wrong Item,485.87
5774,46304,2024-01-19,Wrong Item,117.27
5775,46312,2025-01-14,Wrong Item,60.32
5776,46321,2025-12-12,Size Issue,61.37
5777,46326,2025-11-21,Customer Changed Mind,160.04
5778,46334,2025-08-08,Damaged,414.24
5779,46336,2025-03-29,Wrong Item,173.38
5780,46338,2026-01-16,Damaged,232.06
5781,46339,2024-01-28,Poor Quality,137.41
5782,46343,2025-09-02,Damaged,148.92
5783,46351,2025-11-30,Size Issue,284.13
5784,46367,2026-01-15,Wrong Item,505.92
5785,46369,2025-11-18,Wrong Item,122.62
5786,46393,2025-12-15,Poor Quality,63.27
5787,46397,2025-09-30,Damaged,37.28
5788,46399,2025-01-06,Damaged,447.07
5789,46411,2024-08-30,Poor Quality,121.35
5790,46419,2025-06-06,Customer Changed Mind,38.11
5791,46433,2025-12-16,Damaged,635.71
5792,46439,2024-11-30,Customer Changed Mind,149.67
5793,46452,2025-12-06,Customer Changed Mind,185.18
5794,46499,2025-12-22,Customer Changed Mind,246.21
5795,46518,2025-04-03,Size Issue,18.29
5796,46520,2026-01-10,Size Issue,138.64
5797,46522,2026-01-05,Customer Changed Mind,105.84
5798,46523,2025-12-16,Poor Quality,605.78
5799,46525,2025-01-20,Size Issue,195.02
5800,46531,2024-05-05,Damaged,351.01
5801,46535,2025-01-09,Poor Quality,239.38
5802,46538,2024-06-16,Size Issue,40.49
5803,46552,2025-07-28,Size Issue,92.62
5804,46564,2025-10-23,Customer Changed Mind,189.35
5805,46588,2025-06-26,Size Issue,120.75
5806,46596,2026-01-15,Damaged,73.26
5807,46598,2025-02-08,Size Issue,140.51
5808,46609,2025-11-11,Customer Changed Mind,249.83
5809,46611,2025-09-11,Poor Quality,526.35
5810,46619,2023-11-21,Size Issue,144.53
5811,46624,2025-02-07,Size Issue,202.8
5812,46627,2025-08-16,Customer Changed Mind,147.76
5813,46635,2026-01-28,Poor Quality,964.47
5814,46637,2025-11-19,Late Delivery,432.95
5815,46644,2025-10-05,size issue,25.96
5816,46653,2024-12-28,Size Issue,476.41
5817,46661,2024-06-30,Wrong Item,232.78
5818,46676,2026-01-05,Damaged,457.18
5819,46685,2025-11-14,Wrong Item,451.26
5820,46686,2025-08-25,Customer Changed Mind,39.49
5821,46692,2024-05-17,Poor Quality,1050.95
5822,46702,2025-12-13,Poor Quality,584.39
5823,46723,2025-11-20,Poor Quality,456.67
5824,46744,2025-04-16,Poor Quality,1005.02
5825,46745,2024-12-04,Damaged,336.32
5826,46746,2025-11-29,Wrong Item,118.0
5827,46751,2025-11-22,Late Delivery,165.69
5828,46752,2025-11-17,Wrong Item,66.15
5829,46758,2024-10-05,Late Delivery,402.14
5830,46774,2025-04-13,Customer Changed Mind,117.16
5831,46805,2023-12-04,Customer Changed Mind,188.76
5832,46807,2026-01-04,Wrong Item,76.93
5833,46810,2025-09-15,Damaged,354.23
5834,46813,2025-11-06,Damaged,83.33
5835,46817,2026-01-08,Poor Quality,145.3
5836,46826,2024-09-23,Damaged,90.54
5837,46829,2025-09-18,Size Issue,517.01
5838,46846,2026-01-26,Size Issue,242.0
5839,46853,2025-05-20,Size Issue,172.8
5840,46856,2025-09-01,Late Delivery,116.42
5841,46863,2024-12-01,Size Issue,11.81
5842,46871,2026-01-09,Size Issue,28.75
5843,46877,2026-01-06,Late Delivery,61.82
5844,46886,2025-08-04,Poor Quality,101.18
5845,46892,2026-01-02,Customer Changed Mind,73.27
5846,46898,2025-05-01,Wrong Item,248.36
5847,46923,2025-01-28,Wrong Item,119.43
5848,46946,2024-07-17,Wrong Item,235.49
5849,46948,2025-12-14,Size Issue,472.77
5850,46953,2025-09-18,Size Issue,16.64
5851,46956,2024-11-01,Wrong Item,471.82
5852,46958,2025-01-23,Size Issue,60.74
5853,46971,2023-11-28,Customer Changed Mind,493.25
5854,46990,2025-02-15,Size Issue,547.78
5855,47000,2025-10-06,Late Delivery,551.22
5856,47025,2025-05-27,Damaged,158.88
5857,47029,2026-01-14,Damaged,31.53
5858,47038,2025-07-05,Customer Changed Mind,57.13
5859,47045,2024-06-08,Size Issue,233.11
5860,47060,2026-01-23,Poor Quality,17.79
5861,47069,2026-01-19,Size Issue,82.15
5862,47070,2024-08-12,Size Issue,49.96
5863,47073,2025-10-08,Late Delivery,61.57
5864,47075,2024-10-22,Damaged,88.08
5865,47079,2025-11-12,Customer Changed Mind,12.8
5866,47085,2025-10-30,Customer Changed Mind,120.18
5867,47093,2024-06-24,Size Issue,331.57
5868,47109,2025-12-01,Size Issue,56.94
5869,47121,2025-12-27,Late Delivery,49.53
5870,47124,2026-01-18,Wrong Item,61.43
5871,47133,2025-02-09,Damaged,57.68
5872,47157,2025-01-30,Poor Quality,68.82
5873,47165,2025-11-29,Wrong Item,167.82
5874,47171,2025-08-24,Poor Quality,521.02
5875,47175,2025-07-18,Wrong Item,86.16
5876,47185,2024-04-10,Wrong Item,79.54
5877,47186,2024-12-03,Damaged,132.01
5878,47192,2026-01-19,Wrong Item,85.67
5879,47220,2024-05-29,Late Delivery,475.87
5880,47236,2026-01-22,Poor Quality,964.56
5881,47237,2024-05-27,Damaged,28.76
5882,47238,2025-07-15,Size Issue,132.51
5883,47250,2026-01-20,Customer Changed Mind,11.07
5884,47258,2025-04-21,poor quality,76.76
5885,47277,2025-02-24,Size Issue,146.18
5886,47278,2025-07-29,Poor Quality,643.53
5887,47283,2024-04-09,Size Issue,383.1
5888,47286,2025-04-06,Size Issue,92.09
5889,47287,2025-07-08,Poor Quality,205.87
5890,47293,2025-10-31,Poor Quality,53.8
5891,47297,2025-07-09,Customer Changed Mind,58.74
5892,47298,2023-07-17,Late Delivery,38.55
5893,47309,2024-12-18,Wrong Item,60.47
5894,47313,2024-12-27,Late Delivery,214.9
5895,47325,2026-01-16,Damaged,109.36
5896,47337,2024-07-19,Poor Quality,330.93
5897,47353,2023-10-28,Poor Quality,345.62
5898,47367,2024-06-09,Poor Quality,59.75
5899,47368,2025-11-20,Size Issue,229.48
5900,47372,2026-01-03,Damaged,32.56
5901,47378,2025-09-01,Size Issue,212.28
5902,47387,2024-01-05,Poor Quality,423.83
5903,47395,2024-12-06,Damaged,283.85
5904,47413,2025-10-13,Damaged,59.84
5905,47414,2024-10-26,Poor Quality,334.33
5906,47420,2026-01-01,Poor Quality,98.8
5907,47421,2025-06-25,Damaged,191.1
5908,47424,2025-06-27,Size Issue,728.61
5909,47446,2026-01-16,Damaged,35.84
5910,47454,2025-11-23,Poor Quality,138.06
5911,47466,2025-12-20,Damaged,683.1
5912,47469,2025-11-19,Late Delivery,143.46
5913,47505,2025-11-15,Late Delivery,565.95
5914,47507,2025-11-01,Size Issue,209.95
5915,47517,2025-05-06,Size Issue,135.08
5916,47519,2025-02-04,Size Issue,352.45
5917,47522,2025-06-07,Late Delivery,41.39
5918,47523,2023-03-24,Size Issue,156.02
5919,47533,2025-07-14,Size Issue,140.13
5920,47541,2026-01-03,Damaged,477.0
5921,47556,2025-05-29,Late Delivery,133.4
5922,47570,2025-11-13,Wrong Item,251.82
5923,47577,2025-05-27,Customer Changed Mind,251.52
5924,47579,2023-05-25,Late Delivery,70.71
5925,47599,2024-06-28,Damaged,109.03
5926,47604,2024-12-31,Wrong Item,93.02
5927,47619,2023-10-16,Damaged,79.26
5928,47622,2024-12-21,Late Delivery,166.26
5929,47631,2025-09-30,Size Issue,19.47
5930,47668,2024-07-31,Customer Changed Mind,436.48
5931,47672,2023-12-07,Damaged,241.71
5932,47679,2025-04-30,Customer Changed Mind,74.61
5933,47684,2025-02-12,Customer Changed Mind,15.77
5934,47703,2026-01-18,Customer Changed Mind,41.1
5935,47712,2026-01-05,Size Issue,112.2
5936,47731,2024-12-25,Late Delivery,167.1
5937,47739,2024-11-26,Size Issue,453.76
5938,47740,2025-04-02,Size Issue,463.08
5939,47744,2024-07-25,Size Issue,228.23
5940,47745,2025-10-21,Size Issue,189.47
5941,47781,2024-03-18,Customer Changed Mind,102.72
5942,47791,2025-11-17,Damaged,91.63
5943,47802,2023-10-20,Damaged,593.01
5944,47828,2024-05-13,Poor Quality,407.42
5945,47832,2026-01-04,Customer Changed Mind,143.94
5946,47840,2026-01-28,Damaged,86.94
5947,47857,2025-08-24,Late Delivery,537.78
5948,47865,2024-06-30,Customer Changed Mind,148.94
5949,47867,2025-12-25,Wrong Item,126.33
5950,47874,2024-12-02,Size Issue,392.16
5951,47884,2025-10-07,Late Delivery,109.68
5952,47887,2024-04-19,Damaged,27.72
5953,47889,2025-09-17,Size Issue,193.77
5954,47901,2025-08-04,Poor Quality,193.05
5955,47919,2026-01-08,Size Issue,205.9
5956,47921,2025-11-15,Poor Quality,489.69
5957,47925,2024-05-23,Customer Changed Mind,73.49
5958,47950,2026-01-20,Poor Quality,62.43
5959,47957,2024-07-02,Poor Quality,110.2
5960,47960,2025-03-20,Poor Quality,403.38
5961,47966,2025-02-12,Wrong Item,61.23
5962,47970,2024-07-25,Late Delivery,78.41
5963,47988,2025-12-07,Wrong Item,111.39
5964,48003,2024-12-06,Wrong Item,281.75
5965,48007,2024-03-31,Size Issue,69.54
5966,48016,2025-12-09,Late Delivery,211.18
5967,48023,2025-11-25,Wrong Item,123.96
5968,48025,2025-06-28,Damaged,18.41
5969,48033,2025-06-26,Late Delivery,51.74
5970,48035,2025-08-19,Late Delivery,36.68
5971,48036,2026-01-12,Damaged,987.7
5972,48038,2025-08-01,Size Issue,494.03
5973,48045,2025-07-17,Size Issue,148.53
5974,48075,2024-11-24,Damaged,437.6
5975,48084,2025-03-31,Poor Quality,180.79
5976,48087,2026-01-26,Damaged,66.81
5977,48098,2025-05-21,Damaged,726.97
5978,48121,2024-12-22,Damaged,71.75
5979,48126,2025-01-07,Poor Quality,337.54
5980,48127,2025-05-14,Damaged,155.04
5981,48136,2025-06-20,Poor Quality,258.54
5982,48138,2025-09-12,Late Delivery,120.0
5983,48152,2025-08-28,Poor Quality,390.07
5984,48155,2026-01-17,Late Delivery,32.08
5985,48162,2025-10-06,Late Delivery,197.74
5986,48175,2025-07-23,Damaged,56.44
5987,48182,2023-06-29,Damaged,443.12
5988,48192,2025-09-27,Damaged,21.11
5989,48198,2025-10-10,Customer Changed Mind,87.91
5990,48202,2025-07-30,Damaged,34.03
5991,48207,2025-08-08,Late Delivery,166.32
5992,48228,2026-01-06,Wrong Item,33.16
5993,48238,2024-11-02,Late Delivery,228.08
5994,48246,2024-06-09,Wrong Item,565.61
5995,48247,2024-11-14,Poor Quality,103.71
5996,48252,2025-02-04,Customer Changed Mind,74.73
5997,48258,2025-05-10,Wrong Item,284.76
5998,48263,2025-08-25,Damaged,164.46
5999,48274,2023-11-23,Damaged,21.73
6000,48277,2025-02-16,Damaged,29.58
6001,48279,2025-11-23,Customer Changed Mind,48.87
6002,48295,2026-01-08,Poor Quality,451.36
6003,48318,2024-10-06,Size Issue,596.22
6004,48336,2025-07-15,Wrong Item,277.22
6005,48337,2025-09-18,Size Issue,236.78
6006,48339,2024-04-15,Customer Changed Mind,50.26
6007,48345,2025-04-09,Size Issue,65.79
6008,48349,2026-01-02,Customer Changed Mind,271.18
6009,48350,2025-08-14,Size Issue,12.88
6010,48363,2025-04-21,Wrong Item,134.24
6011,48364,2025-12-09,Wrong Item,24.82
6012,48372,2026-01-20,Wrong Item,34.43
6013,48376,2024-08-07,Customer Changed Mind,599.5
6014,48409,2025-12-14,Wrong Item,231.15
6015,48410,2024-05-26,Wrong Item,148.23
6016,48418,2025-07-26,Wrong Item,81.5
6017,48424,2025-05-16,Customer Changed Mind,98.61
6018,48436,2025-01-04,Wrong Item,590.32
6019,48444,2025-06-05,Late Delivery,147.85
6020,48446,2025-12-20,Damaged,466.45
6021,48448,2025-07-03,Size Issue,718.53
6022,48454,2025-11-20,Late Delivery,295.19
6023,48459,2025-03-23,Damaged,701.95
6024,48461,2025-12-09,Damaged,536.77
6025,48463,2025-01-10,poor quality,158.31
6026,48464,2025-06-19,Size Issue,271.81
6027,48478,2025-01-07,Damaged,112.91
6028,48486,2025-08-24,Wrong Item,486.03
6029,48487,2025-10-02,Damaged,587.99
6030,48497,2024-12-13,Size Issue,68.99
6031,48519,2026-01-02,Size Issue,27.08
6032,48522,2024-07-12,Size Issue,41.83
6033,48527,2024-05-25,Customer Changed Mind,199.04
6034,48535,2025-07-30,Damaged,51.1
6035,48544,2024-01-11,Late Delivery,638.01
6036,48552,2025-04-30,Customer Changed Mind,261.31
6037,48553,2024-12-03,Size Issue,166.18
6038,48569,2024-12-29,Size Issue,473.21
6039,48578,2025-04-07,Size Issue,1046.82
6040,48583,2025-06-12,Size Issue,788.35
6041,48601,2025-03-26,Wrong Item,508.86
6042,48603,2025-12-31,Customer Changed Mind,86.58
6043,48611,2024-10-20,Late Delivery,505.41
6044,48615,2025-04-04,Customer Changed Mind,67.83
6045,48619,2026-01-20,Damaged,899.07
6046,48636,2025-12-23,Poor Quality,232.02
6047,48646,2025-09-21,Customer Changed Mind,321.53
6048,48648,2024-08-30,Size Issue,329.84
6049,48659,2026-01-01,Size Issue,209.98
6050,48672,2025-12-01,Late Delivery,134.65
6051,48675,2025-11-02,Size Issue,254.49
6052,48682,2026-01-13,Poor Quality,594.89
6053,48716,2026-01-17,Poor Quality,437.6
6054,48717,2023-07-22,Late Delivery,241.82
6055,48720,2026-01-06,Size Issue,298.77
6056,48734,2023-11-24,Size Issue,69.7
6057,48747,2026-01-08,Wrong Item,602.79
6058,48754,2025-05-07,Poor Quality,38.92
6059,48763,2025-07-26,Poor Quality,141.25
6060,48765,2024-07-25,Late Delivery,276.94
6061,48770,2025-08-04,Wrong Item,238.09
6062,48785,2025-11-17,Wrong Item,164.56
6063,48791,2026-01-04,Damaged,64.71
6064,48792,2025-02-13,Poor Quality,41.33
6065,48807,2025-11-12,Poor Quality,80.86
6066,48814,2024-10-13,Wrong Item,84.72
6067,48820,2026-01-02,Size Issue,132.2
6068,48825,2023-11-15,Poor Quality,370.54
6069,48826,2025-02-15,Damaged,370.84
6070,48841,2025-05-14,Poor Quality,404.86
6071,48843,2025-02-11,Damaged,169.07
6072,48844,2026-01-18,Damaged,77.98
6073,48853,2025-08-11,Wrong Item,99.01
6074,48868,2025-04-21,Size Issue,271.55
6075,48871,2025-11-08,Size Issue,106.21
6076,48872,2025-07-27,Size Issue,31.49
6077,48873,2024-11-12,Wrong Item,128.44
6078,48884,2025-10-12,damaged,100.36
6079,48888,2024-11-28,Size Issue,15.98
6080,48892,2026-01-21,Wrong Item,82.73
6081,48899,2025-11-16,Poor Quality,173.51
6082,48901,2024-08-17,Size Issue,274.45
6083,48909,2023-12-13,Customer Changed Mind,43.83
6084,48910,2025-11-09,Late Delivery,171.12
6085,48939,2025-10-12,Customer Changed Mind,144.23
6086,48946,2026-01-09,Damaged,489.63
6087,48958,2025-11-13,Poor Quality,236.16
6088,48961,2025-08-16,Damaged,29.29
6089,48963,2023-06-29,Damaged,26.56
6090,48969,2025-06-18,Size Issue,127.81
6091,48977,2025-10-30,Customer Changed Mind,186.14
6092,48982,2025-09-02,Poor Quality,155.24
6093,48985,2025-08-20,Wrong Item,154.9
6094,48998,2023-12-18,Damaged,694.79
6095,49007,2023-10-06,Poor Quality,16.82
6096,49009,2025-08-27,Damaged,101.21
6097,49011,2024-08-19,Damaged,143.9
6098,49037,2024-12-26,Late Delivery,54.99
6099,49040,2024-03-12,Size Issue,741.79
6100,49042,2025-11-17,Size Issue,765.66
6101,49052,2026-01-08,Damaged,276.57
6102,49062,2025-04-29,Damaged,154.35
6103,49064,2024-02-27,Damaged,329.47
6104,49066,2025-01-14,Customer Changed Mind,70.55
6105,49069,2024-01-25,Wrong Item,126.77
6106,49099,2025-08-18,Size Issue,14.56
6107,49108,2024-09-03,Poor Quality,242.17
6108,49115,2025-04-09,Wrong Item,24.02
6109,49119,2025-11-14,Size Issue,120.02
6110,49127,2025-08-14,Poor Quality,98.06
6111,49139,2023-12-02,Size Issue,434.76
6112,49143,2025-02-13,Size Issue,133.25
6113,49155,2024-12-22,wrong item,186.86
6114,49159,2024-11-30,Size Issue,30.21
6115,49176,2025-12-20,Size Issue,57.21
6116,49192,2024-06-23,Poor Quality,251.87
6117,49199,2026-01-17,Damaged,1389.66
6118,49201,2024-10-30,Size Issue,483.25
6119,49208,2024-11-09,Damaged,346.34
6120,49210,2025-07-26,Poor Quality,34.76
6121,49213,2026-01-09,Customer Changed Mind,48.6
6122,49226,2025-08-14,Size Issue,31.38
6123,49237,2025-10-04,Late Delivery,206.05
6124,49245,2025-08-06,Damaged,70.12
6125,49258,2024-09-29,Size Issue,134.03
6126,49269,2024-08-26,Poor Quality,116.11
6127,49270,2025-08-18,Damaged,141.34
6128,49272,2024-01-09,Size Issue,91.24
6129,49284,2024-08-11,Poor Quality,23.12
6130,49286,2025-12-14,Poor Quality,65.53
6131,49288,2025-12-17,Late Delivery,68.39
6132,49293,2024-12-21,Wrong Item,190.19
6133,49305,2024-11-08,Size Issue,424.57
6134,49310,2025-04-04,Poor Quality,284.34
6135,49311,2025-11-30,Poor Quality,96.14
6136,49321,2024-12-11,Size Issue,59.72
6137,49323,2025-12-15,Customer Changed Mind,25.9
6138,49324,2025-11-26,Late Delivery,109.87
6139,49327,2026-01-03,Size Issue,597.21
6140,49329,2025-04-19,Customer Changed Mind,232.11
6141,49338,2024-04-29,Size Issue,348.33
6142,49353,2024-09-12,Damaged,26.22
6143,49354,2025-03-16,Damaged,41.37
6144,49356,2025-09-06,Late Delivery,36.34
6145,49357,2024-04-30,Customer Changed Mind,70.99
6146,49364,2025-10-09,Poor Quality,42.68
6147,49365,2025-07-21,Late Delivery,136.4
6148,49377,2024-04-03,Late Delivery,114.72
6149,49379,2025-09-06,Customer Changed Mind,117.35
6150,49381,2025-08-27,Poor Quality,663.93
6151,49385,2024-06-17,Damaged,528.25
6152,49394,2025-10-04,Customer Changed Mind,132.95
6153,49400,2025-06-14,Wrong Item,231.05
6154,49412,2025-12-27,Poor Quality,405.51
6155,49417,2024-05-18,Late Delivery,90.6
6156,49418,2024-10-14,Late Delivery,666.45
6157,49419,2025-11-18,Wrong Item,48.97
6158,49420,2024-12-07,Size Issue,475.4
6159,49435,2023-05-17,Size Issue,143.36
6160,49437,2024-11-20,Damaged,470.99
6161,49440,2025-08-22,Damaged,89.49
6162,49449,2025-07-30,Size Issue,39.38
6163,49476,2024-08-06,Damaged,51.4
6164,49484,2025-04-04,Customer Changed Mind,365.73
6165,49485,2026-01-27,Damaged,642.69
6166,49486,2025-01-21,Wrong Item,122.96
6167,49493,2025-07-17,Late Delivery,420.28
6168,49504,2026-01-19,Size Issue,495.79
6169,49515,2024-12-11,Poor Quality,371.02
6170,49517,2026-01-21,Customer Changed Mind,249.2
6171,49518,2024-01-14,Wrong Item,293.28
6172,49533,2025-02-27,Wrong Item,471.61
6173,49538,2024-05-06,Size Issue,125.65
6174,49539,2025-12-01,Damaged,19.92
6175,49540,2025-01-16,Size Issue,39.11
6176,49562,2025-10-25,Customer Changed Mind,117.49
6177,49564,2025-05-15,Size Issue,321.59
6178,49626,2024-11-18,Late Delivery,313.98
6179,49629,2025-05-21,Late Delivery,103.93
6180,49630,2024-10-15,Damaged,33.72
6181,49631,2023-12-08,Damaged,177.76
6182,49639,2026-01-08,Damaged,202.26
6183,49645,2025-10-17,Wrong Item,333.85
6184,49653,2024-04-18,Wrong Item,12.48
6185,49666,2025-09-18,Poor Quality,481.32
6186,49676,2024-09-21,Damaged,104.48
6187,49677,2025-07-10,Poor Quality,69.14
6188,49680,2024-03-09,Size Issue,221.64
6189,49684,2026-01-23,Wrong Item,692.26
6190,49699,2025-03-15,Size Issue,821.65
6191,49702,2024-11-18,Customer Changed Mind,24.77
6192,49707,2025-05-04,Customer Changed Mind,29.29
6193,49709,2025-10-31,Damaged,339.22
6194,49723,2026-01-26,Poor Quality,588.81
6195,49733,2025-04-06,Late Delivery,147.31
6196,49740,2025-02-19,Size Issue,60.69
6197,49743,2023-07-02,Wrong Item,104.85
6198,49755,2025-03-13,Size Issue,42.51
6199,49758,2024-03-21,Damaged,138.05
6200,49760,2025-10-11,Damaged,232.92
6201,49770,2024-09-09,Size Issue,222.52
6202,49792,2025-09-21,Damaged,293.5
6203,49796,2023-07-24,Wrong Item,75.96
6204,49806,2024-10-08,Poor Quality,143.49
6205,49808,2025-12-13,Size Issue,390.71
6206,49814,2024-08-12,Wrong Item,92.66
6207,49816,2024-03-24,Size Issue,226.96
6208,49823,2025-09-20,Damaged,938.87
6209,49826,2025-07-03,Size Issue,236.18
6210,49834,2025-10-14,Damaged,59.75
6211,49837,2025-12-06,Customer Changed Mind,37.78
6212,49838,2024-03-07,Wrong Item,192.81
6213,49839,2023-08-03,Damaged,83.26
6214,49845,2026-01-04,Poor Quality,86.24
6215,49849,2024-06-01,Poor Quality,43.83
6216,49856,2025-12-19,Poor Quality,657.78
6217,49873,2026-01-29,Late Delivery,49.02
6218,49882,2024-01-22,Customer Changed Mind,458.62
6219,49883,2025-08-19,Damaged,161.21
6220,49890,2025-10-07,Customer Changed Mind,90.29
6221,49897,2025-04-16,Wrong Item,80.27
6222,49927,2025-11-20,Poor Quality,586.98
6223,49929,2024-11-15,Damaged,257.1
6224,49943,2024-10-31,Poor Quality,81.35
6225,49949,2026-01-09,Damaged,313.69
6226,49951,2025-04-24,Customer Changed Mind,172.51
6227,49952,2024-11-13,Wrong Item,321.38
6228,49962,2026-01-04,Size Issue,530.38
6229,49963,2025-08-31,Damaged,94.41
6230,49996,2024-01-14,Wrong Item,88.32
6231,49999,2025-09-30,Late Delivery,114.05
6232,50007,2026-01-05,Damaged,158.64
6233,50030,2025-09-12,Poor Quality,101.47
6234,50031,2025-05-31,Late Delivery,509.79
6235,50081,2024-05-03,Damaged,23.87
6236,50084,2025-03-14,Poor Quality,563.21
6237,50088,2025-12-13,Poor Quality,194.98
6238,50091,2024-04-23,Late Delivery,344.09
6239,50094,2025-11-12,Poor Quality,143.52
6240,50095,2024-05-27,Customer Changed Mind,407.51
6241,50102,2025-11-27,Late Delivery,234.42
6242,50116,2025-05-17,Size Issue,768.31
6243,50124,2024-08-01,Customer Changed Mind,155.39
6244,50131,2025-09-07,Late Delivery,71.37
6245,50132,2025-07-07,Late Delivery,579.48
6246,50146,2025-11-24,Damaged,405.0
6247,50152,2024-06-25,Damaged,530.36
6248,50167,2025-12-10,Size Issue,301.14
6249,50170,2025-03-15,Size Issue,483.11
6250,50176,2025-09-27,Size Issue,769.37
6251,50200,2023-12-13,Customer Changed Mind,138.14
6252,50207,2025-06-30,Customer Changed Mind,64.83
6253,50208,2025-12-24,Size Issue,573.85
6254,50219,2024-11-27,Damaged,59.54
6255,50221,2025-09-16,Customer Changed Mind,352.7
6256,50229,2025-01-20,Late Delivery,710.0
6257,50232,2025-12-11,Customer Changed Mind,34.31
6258,50240,2025-03-26,Customer Changed Mind,175.64
6259,50241,2025-08-05,Size Issue,741.82
6260,50258,2025-08-26,Size Issue,862.77
6261,50259,2025-02-22,Poor Quality,27.2
6262,50270,2025-09-02,Damaged,576.9
6263,50280,2025-10-21,Size Issue,118.85
6264,50283,2025-09-22,Size Issue,170.59
6265,50285,2025-10-15,Wrong Item,392.21
6266,50287,2025-10-16,Poor Quality,88.9
6267,50293,2025-02-19,Wrong Item,378.34
6268,50315,2023-12-10,Damaged,276.76
6269,50318,2025-05-15,Damaged,127.02
6270,50336,2024-11-08,Late Delivery,91.25
6271,50343,2025-08-04,Size Issue,50.68
6272,50359,2025-01-01,Size Issue,97.28
6273,50364,2024-09-18,Damaged,139.49
6274,50372,2025-12-13,Damaged,90.07
6275,50392,2024-06-16,Wrong Item,166.87
6276,50395,2026-01-03,Late Delivery,221.86
6277,50416,2025-09-23,Size Issue,236.75
6278,50423,2025-01-03,Wrong Item,889.3
6279,50424,2025-05-08,Customer Changed Mind,8.35
6280,50430,2025-11-30,Damaged,371.27
6281,50449,2024-02-29,Size Issue,398.48
6282,50466,2026-01-14,Size Issue,92.7
6283,50481,2025-09-22,Customer Changed Mind,71.67
6284,50506,2025-11-15,Damaged,219.53
6285,50511,2025-12-30,Size Issue,208.02
6286,50515,2026-01-16,Customer Changed Mind,16.69
6287,50518,2025-12-04,Size Issue,145.36
6288,50530,2026-01-10,Size Issue,25.08
6289,50531,2024-11-04,Customer Changed Mind,136.97
6290,50532,2025-10-29,Size Issue,140.04
6291,50542,2024-12-11,Customer Changed Mind,127.85
6292,50544,2024-06-13,Damaged,203.93
6293,50550,2025-12-02,Size Issue,306.5
6294,50563,2024-06-07,Size Issue,83.22
6295,50565,2024-08-30,Customer Changed Mind,64.83
6296,50567,2026-01-19,Poor Quality,106.94
6297,50569,2023-10-19,Wrong Item,101.07
6298,50590,2024-08-13,Size Issue,70.2
6299,50592,2025-05-17,Wrong Item,514.8
6300,50597,2025-04-21,Damaged,434.4
6301,50603,2025-11-28,Customer Changed Mind,59.3
6302,50606,2025-01-28,Size Issue,220.08
6303,50611,2025-02-04,Customer Changed Mind,93.87
6304,50615,2024-03-02,Late Delivery,130.11
6305,50619,2025-09-14,Size Issue,104.88
6306,50629,2025-05-19,Size Issue,115.36
6307,50634,2025-12-13,Customer Changed Mind,413.61
6308,50642,2024-10-01,Damaged,646.04
6309,50655,2024-09-25,Poor Quality,466.7
6310,50662,2025-01-24,Damaged,295.0
6311,50663,2025-02-26,Wrong Item,124.39
6312,50697,2024-12-31,Size Issue,118.28
6313,50702,2025-08-14,Wrong Item,174.67
6314,50706,2026-01-15,Size Issue,171.98
6315,50709,2024-09-28,Size Issue,103.76
6316,50710,2025-09-26,Damaged,375.88
6317,50717,2026-01-08,Damaged,195.28
6318,50720,2025-08-28,Damaged,421.85
6319,50732,2023-06-29,Wrong Item,356.89
6320,50735,2026-01-07,Customer Changed Mind,491.43
6321,50745,2025-12-28,Late Delivery,99.2
6322,50749,2024-11-08,Size Issue,243.34
6323,50758,2024-06-27,Size Issue,129.14
6324,50762,2024-08-13,Poor Quality,24.27
6325,50770,2025-10-05,Damaged,58.84
6326,50771,2025-08-29,Wrong Item,235.51
6327,50780,2024-07-10,Wrong Item,494.35
6328,50785,2025-05-07,Damaged,284.39
6329,50786,2025-07-15,Wrong Item,737.29
6330,50799,2024-11-07,Wrong Item,162.44
6331,50819,2024-09-20,Wrong Item,189.22
6332,50833,2025-05-22,Late Delivery,95.44
6333,50839,2025-02-22,Damaged,335.21
6334,50842,2024-02-17,Size Issue,56.77
6335,50848,2024-04-17,Poor Quality,275.97
6336,50851,2025-07-31,Damaged,589.81
6337,50856,2024-11-18,Size Issue,132.4
6338,50860,2024-12-12,Wrong Item,621.46
6339,50868,2025-04-30,Size Issue,284.38
6340,50878,2025-11-10,Size Issue,17.02
6341,50886,2025-09-30,Wrong Item,60.17
6342,50894,2025-10-05,Customer Changed Mind,44.79
6343,50896,2025-10-11,Damaged,32.09
6344,50898,2024-04-30,Customer Changed Mind,169.96
6345,50900,2025-11-10,Damaged,622.53
6346,50904,2025-12-08,Late Delivery,408.75
6347,50918,2025-10-07,Wrong Item,137.51
6348,50954,2025-01-06,Poor Quality,587.88
6349,50955,2024-09-29,Damaged,184.84
6350,50961,2025-11-21,Customer Changed Mind,124.38
6351,50990,2026-01-12,Damaged,57.17
6352,50999,2025-03-08,Size Issue,84.45
6353,51003,2025-04-11,Customer Changed Mind,83.9
6354,51005,2025-05-07,Customer Changed Mind,114.7
6355,51022,2025-09-05,Wrong Item,305.56
6356,51035,2025-06-21,Late Delivery,185.19
6357,51043,2025-08-10,Size Issue,28.28
6358,51046,2025-10-02,Late Delivery,411.04
6359,51074,2024-07-29,Size Issue,44.6
6360,51095,2025-08-19,Size Issue,241.1
6361,51099,2026-01-25,Wrong Item,491.56
6362,51103,2025-01-07,Size Issue,162.57
6363,51107,2023-12-20,Size Issue,19.16
6364,51120,2025-10-17,Late Delivery,68.12
6365,51121,2026-01-17,Poor Quality,19.46
6366,51133,2025-12-17,Size Issue,567.26
6367,51137,2024-09-28,Damaged,73.33
6368,51144,2025-07-24,Size Issue,18.02
6369,51156,2026-01-04,Damaged,487.66
6370,51158,2024-12-09,Damaged,91.16
6371,51164,2025-03-07,Poor Quality,244.64
6372,51166,2023-12-28,Customer Changed Mind,28.69
6373,51174,2025-05-24,Size Issue,9.15
6374,51175,2024-01-18,Damaged,608.06
6375,51177,2024-01-13,Customer Changed Mind,121.12
6376,51190,2026-01-19,Damaged,59.08
6377,51191,2025-08-19,Wrong Item,218.99
6378,51193,2025-09-20,Customer Changed Mind,294.66
6379,51198,2025-12-05,Customer Changed Mind,499.82
6380,51201,2024-07-16,Customer Changed Mind,33.83
6381,51202,2024-07-23,Size Issue,317.79
6382,51206,2025-12-22,Size Issue,64.29
6383,51222,2024-08-07,Customer Changed Mind,399.24
6384,51223,2024-12-01,Poor Quality,316.47
6385,51224,2025-11-06,Size Issue,69.75
6386,51225,2025-06-26,Size Issue,197.74
6387,51226,2025-11-24,Late Delivery,211.78
6388,51228,2025-03-03,Damaged,200.7
6389,51234,2026-01-15,Size Issue,637.28
6390,51249,2025-10-09,Size Issue,724.54
6391,51254,2024-07-11,Customer Changed Mind,126.19
6392,51256,2025-07-31,Customer Changed Mind,122.0
6393,51258,2025-04-01,Customer Changed Mind,138.84
6394,51267,2023-07-18,Damaged,513.75
6395,51278,2023-11-13,Late Delivery,295.21
6396,51286,2025-06-19,Size Issue,105.71
6397,51288,2026-01-04,Customer Changed Mind,129.35
6398,51291,2025-03-08,Customer Changed Mind,141.36
6399,51296,2024-11-16,Wrong Item,167.86
6400,51298,2024-11-19,Size Issue,690.92
6401,51305,2024-07-11,Size Issue,228.16
6402,51314,2025-09-10,Wrong Item,511.03
6403,51315,2024-08-27,Late Delivery,80.8
6404,51325,2025-10-30,Wrong Item,106.13
6405,51333,2025-02-07,Size Issue,256.5
6406,51340,2025-03-27,Poor Quality,286.36
6407,51348,2024-12-03,Size Issue,234.2
6408,51350,2025-05-04,Damaged,407.06
6409,51365,2025-01-11,Size Issue,27.88
6410,51373,2024-11-07,Damaged,297.9
6411,51384,2026-01-04,Wrong Item,102.11
6412,51389,2025-09-20,Poor Quality,19.3
6413,51398,2025-08-26,Size Issue,148.4
6414,51418,2024-09-03,Size Issue,260.08
6415,51421,2025-09-05,Customer Changed Mind,214.06
6416,51431,2023-11-14,Wrong Item,291.9
6417,51450,2025-01-04,Damaged,96.29
6418,51451,2023-09-07,Size Issue,337.22
6419,51454,2024-09-24,Size Issue,242.41
6420,51457,2025-02-11,Wrong Item,110.24
6421,51475,2026-01-07,Poor Quality,37.94
6422,51496,2025-09-22,Damaged,87.12
6423,51514,2025-06-09,Wrong Item,341.76
6424,51523,2026-01-23,Customer Changed Mind,127.15
6425,51528,2024-09-25,Wrong Item,690.54
6426,51529,2024-08-21,Damaged,143.97
6427,51565,2024-11-26,Customer Changed Mind,39.01
6428,51571,2025-10-02,Size Issue,33.34
6429,51575,2025-12-19,Damaged,80.87
6430,51579,2025-03-06,Poor Quality,630.9
6431,51595,2024-11-30,Late Delivery,648.48
6432,51600,2025-01-27,Wrong Item,238.28
6433,51603,2024-07-10,Wrong Item,644.05
6434,51605,2024-04-07,Customer Changed Mind,385.93
6435,51614,2025-01-18,Customer Changed Mind,110.1
6436,51626,2024-02-26,Damaged,521.06
6437,51627,2026-01-15,Late Delivery,447.14
6438,51628,2025-11-05,Size Issue,293.55
6439,51649,2025-12-24,Poor Quality,311.13
6440,51655,2026-01-18,Damaged,404.6
6441,51662,2023-12-02,Customer Changed Mind,9.66
6442,51663,2025-05-18,Customer Changed Mind,225.21
6443,51665,2023-09-03,Size Issue,420.25
6444,51671,2024-01-30,late delivery,162.02
6445,51697,2025-10-16,Poor Quality,42.32
6446,51698,2026-01-13,Poor Quality,200.32
6447,51705,2024-09-03,Damaged,411.44
6448,51707,2023-10-11,Damaged,192.64
6449,51717,2024-07-13,Wrong Item,518.72
6450,51723,2025-05-06,Wrong Item,130.34
6451,51747,2025-03-26,Size Issue,26.6
6452,51757,2026-01-07,Wrong Item,141.45
6453,51760,2025-06-09,Poor Quality,204.25
6454,51769,2025-12-04,Wrong Item,451.68
6455,51771,2025-01-14,Poor Quality,394.91
6456,51782,2024-11-19,Damaged,34.98
6457,51785,2025-11-15,Damaged,219.63
6458,51802,2025-09-04,Damaged,167.49
6459,51827,2025-07-15,Late Delivery,326.01
6460,51831,2024-10-12,Wrong Item,91.8
6461,51838,2025-05-20,Late Delivery,219.36
6462,51841,2025-10-08,Size Issue,140.26
6463,51842,2025-06-02,Damaged,665.5
6464,51844,2026-01-11,Size Issue,550.39
6465,51849,2026-01-28,Wrong Item,713.38
6466,51865,2024-06-23,Poor Quality,179.17
6467,51871,2025-11-30,Wrong Item,355.19
6468,51873,2026-01-04,Late Delivery,785.2
6469,51877,2025-10-20,Wrong Item,108.62
6470,51884,2025-07-22,Size Issue,174.53
6471,51885,2025-11-04,Size Issue,271.67
6472,51886,2025-09-14,Late Delivery,31.21
6473,51893,2026-01-28,Late Delivery,34.39
6474,51901,2025-04-27,Poor Quality,150.98
6475,51904,2024-09-21,Poor Quality,113.57
6476,51918,2025-06-30,poor quality,795.51
6477,51924,2025-08-27,Damaged,630.86
6478,51938,2025-11-04,Poor Quality,224.72
6479,51941,2024-08-20,Damaged,290.23
6480,51949,2025-06-05,Size Issue,235.18
6481,51952,2025-10-10,Size Issue,98.58
6482,51955,2023-11-20,Wrong Item,10.57
6483,51959,2025-11-22,Late Delivery,152.09
6484,51968,2025-08-17,Wrong Item,53.39
6485,51979,2025-05-06,Late Delivery,92.2
6486,51985,2025-06-20,Size Issue,168.22
6487,51988,2025-12-08,Size Issue,174.59
6488,51992,2026-01-09,Wrong Item,478.48
6489,51996,2025-02-20,Late Delivery,11.61
6490,51997,2025-02-09,Damaged,114.92
6491,52014,2025-06-01,Damaged,363.39
6492,52016,2024-12-11,Late Delivery,58.23
6493,52040,2023-10-29,Damaged,298.25
6494,52042,2025-12-16,Wrong Item,1183.97
6495,52043,2023-10-04,Damaged,356.15
6496,52047,2025-05-23,Customer Changed Mind,512.87
6497,52049,2024-05-14,Late Delivery,317.01
6498,52055,2025-02-28,Customer Changed Mind,227.14
6499,52057,2025-10-12,Damaged,99.29
6500,52069,2024-11-23,Damaged,237.17
6501,52071,2024-09-08,Poor Quality,101.08
6502,52076,2024-02-21,Size Issue,247.84
6503,52095,2025-12-03,Customer Changed Mind,388.88
6504,52097,2024-09-25,Damaged,449.4
6505,52109,2025-01-09,Wrong Item,99.36
6506,52112,2025-03-23,Size Issue,352.7
6507,52116,2025-01-23,Poor Quality,27.32
6508,52119,2024-03-11,Poor Quality,273.18
6509,52121,2023-07-13,Customer Changed Mind,491.51
6510,52134,2024-08-30,Wrong Item,330.84
6511,52135,2025-12-13,Late Delivery,466.3
6512,52137,2026-01-05,Late Delivery,164.5
6513,52141,2025-10-14,Damaged,584.29
6514,52149,2025-10-20,Size Issue,216.4
6515,52154,2025-02-11,Poor Quality,139.7
6516,52159,2026-01-10,Wrong Item,94.86
6517,52163,2023-09-29,Late Delivery,97.75
6518,52170,2024-06-20,Size Issue,341.06
6519,52178,2025-02-18,Customer Changed Mind,303.47
6520,52204,2025-12-31,Customer Changed Mind,130.97
6521,52207,2024-04-28,Size Issue,622.96
6522,52231,2025-04-09,Damaged,355.03
6523,52246,2026-01-05,Customer Changed Mind,284.15
6524,52264,2024-05-22,Poor Quality,102.27
6525,52270,2025-09-18,Wrong Item,9.36
6526,52277,2025-10-05,Damaged,73.51
6527,52286,2025-09-12,Damaged,56.38
6528,52294,2025-01-29,Size Issue,598.06
6529,52302,2025-11-17,Size Issue,240.5
6530,52314,2024-04-28,Wrong Item,124.0
6531,52317,2025-01-20,Size Issue,335.19
6532,52322,2025-03-27,Size Issue,156.1
6533,52325,2025-12-26,Wrong Item,607.71
6534,52326,2025-07-02,Poor Quality,386.16
6535,52328,2025-11-10,Size Issue,126.18
6536,52333,2024-02-29,Wrong Item,352.61
6537,52335,2026-01-12,Customer Changed Mind,104.64
6538,52337,2023-04-02,Late Delivery,353.14
6539,52348,2025-10-29,Customer Changed Mind,83.95
6540,52357,2024-12-29,Damaged,214.13
6541,52378,2025-12-13,Size Issue,95.51
6542,52379,2024-04-18,Wrong Item,654.28
6543,52384,2025-10-21,Damaged,339.32
6544,52387,2025-05-02,Size Issue,470.72
6545,52395,2025-03-28,Customer Changed Mind,316.1
6546,52397,2025-08-31,Wrong Item,38.82
6547,52405,2025-11-09,Late Delivery,69.25
6548,52409,2025-05-30,Customer Changed Mind,30.69
6549,52416,2025-11-18,Size Issue,482.47
6550,52421,2025-07-29,Wrong Item,18.04
6551,52432,2025-03-19,Damaged,36.99
6552,52448,2025-11-29,Poor Quality,455.24
6553,52467,2024-03-13,Damaged,138.02
6554,52492,2024-12-26,Customer Changed Mind,78.97
6555,52496,2024-05-24,Wrong Item,185.08
6556,52501,2025-09-09,Damaged,985.85
6557,52510,2025-08-28,Poor Quality,276.56
6558,52511,2025-09-17,Late Delivery,249.11
6559,52529,2026-01-21,Wrong Item,747.8
6560,52537,2024-09-13,Wrong Item,391.47
6561,52554,2025-10-03,Late Delivery,337.23
6562,52566,2024-11-07,Damaged,529.77
6563,52574,2025-02-07,Damaged,251.19
6564,52580,2024-06-13,Damaged,343.65
6565,52590,2024-05-08,Customer Changed Mind,59.67
6566,52606,2025-10-04,Customer Changed Mind,274.51
6567,52626,2025-12-13,Damaged,193.02
6568,52650,2025-05-30,Size Issue,146.25
6569,52674,2025-10-24,Poor Quality,133.11
6570,52684,2024-07-03,Size Issue,228.39
6571,52689,2026-01-12,Customer Changed Mind,154.59
6572,52690,2025-12-08,Wrong Item,324.46
6573,52699,2024-08-24,Wrong Item,205.74
6574,52700,2024-10-18,Damaged,297.39
6575,52707,2025-08-14,Size Issue,1055.95
6576,52714,2025-06-29,Size Issue,130.04
6577,52724,2025-02-18,Late Delivery,75.49
6578,52732,2026-01-26,Damaged,169.48
6579,52744,2026-01-25,Size Issue,25.8
6580,52752,2024-12-16,Damaged,768.95
6581,52754,2025-08-10,Wrong Item,76.0
6582,52768,2025-10-11,Wrong Item,60.68
6583,52773,2023-01-22,Poor Quality,138.05
6584,52777,2024-11-16,Customer Changed Mind,33.24
6585,52790,2025-11-02,Size Issue,355.72
6586,52800,2024-11-28,Late Delivery,108.43
6587,52808,2025-12-01,Damaged,52.29
6588,52828,2024-10-30,Late Delivery,898.27
6589,52833,2025-07-14,Wrong Item,644.73
6590,52834,2024-11-25,Size Issue,29.82
6591,52839,2025-09-26,Size Issue,56.14
6592,52840,2023-11-23,Late Delivery,92.49
6593,52841,2025-10-28,Wrong Item,63.03
6594,52848,2025-05-22,Wrong Item,108.68
6595,52851,2024-10-15,Customer Changed Mind,366.16
6596,52861,2024-08-24,Damaged,85.88
6597,52863,2025-06-12,Wrong Item,383.59
6598,52873,2025-06-29,Customer Changed Mind,100.29
6599,52879,2025-12-09,Damaged,217.59
6600,52896,2025-08-26,Size Issue,164.91
6601,52925,2025-08-21,size issue,100.93
6602,52933,2025-05-17,Customer Changed Mind,528.22
6603,52941,2023-09-13,Late Delivery,37.05
6604,52947,2025-09-17,Poor Quality,189.37
6605,52960,2025-04-30,Size Issue,174.46
6606,52961,2024-12-21,Damaged,61.45
6607,52966,2025-05-10,Size Issue,382.2
6608,52967,2025-12-03,Poor Quality,51.73
6609,52981,2025-06-24,Size Issue,25.33
6610,52982,2024-02-17,Size Issue,417.95
6611,52989,2024-10-26,Wrong Item,399.2
6612,52992,2024-08-31,Size Issue,129.96
6613,52998,2025-12-19,Size Issue,183.73
6614,53008,2025-09-06,Damaged,107.37
6615,53012,2024-12-17,Size Issue,147.27
6616,53013,2025-12-28,Wrong Item,431.71
6617,53032,2024-08-29,Customer Changed Mind,449.56
6618,53038,2025-06-05,Late Delivery,192.24
6619,53041,2026-01-10,Late Delivery,100.89
6620,53043,2023-12-01,Damaged,728.54
6621,53057,2025-10-11,Late Delivery,637.25
6622,53068,2024-12-22,Size Issue,674.48
6623,53071,2026-01-22,Damaged,483.26
6624,53084,2025-03-05,Poor Quality,219.13
6625,53091,2025-11-30,Customer Changed Mind,278.68
6626,53100,2025-10-26,Damaged,46.53
6627,53111,2025-03-13,Late Delivery,65.73
6628,53114,2024-10-16,Late Delivery,283.76
6629,53135,2024-06-08,Poor Quality,174.53
6630,53159,2024-04-26,Late Delivery,43.69
6631,53163,2026-01-08,Late Delivery,424.34
6632,53188,2024-12-18,Damaged,172.81
6633,53199,2025-09-28,Size Issue,32.13
6634,53206,2024-03-13,Size Issue,46.4
6635,53208,2024-10-30,Late Delivery,188.77
6636,53210,2024-11-18,Size Issue,137.54
6637,53218,2025-11-25,Late Delivery,112.66
6638,53230,2024-12-08,Wrong Item,331.5
6639,53233,2025-08-18,Late Delivery,241.2
6640,53240,2024-12-07,Size Issue,272.42
6641,53241,2025-10-12,Wrong Item,297.27
6642,53261,2025-05-07,Size Issue,565.95
6643,53271,2025-11-27,Late Delivery,104.35
6644,53274,2024-07-08,Poor Quality,22.34
6645,53278,2025-01-26,Wrong Item,32.31
6646,53305,2025-10-19,Customer Changed Mind,205.26
6647,53319,2025-08-07,Damaged,181.08
6648,53341,2025-08-21,Damaged,334.16
6649,53348,2026-01-23,Customer Changed Mind,75.82
6650,53352,2025-08-16,Size Issue,595.97
6651,53355,2025-05-04,Size Issue,342.12
6652,53358,2025-07-28,Wrong Item,232.63
6653,53372,2024-07-17,Size Issue,63.41
6654,53374,2025-01-12,Poor Quality,252.67
6655,53376,2025-04-21,Wrong Item,37.35
6656,53381,2024-11-08,Damaged,165.45
6657,53392,2025-10-05,Late Delivery,156.14
6658,53405,2024-05-15,Size Issue,519.63
6659,53411,2025-06-21,Customer Changed Mind,356.15
6660,53427,2025-09-05,Customer Changed Mind,186.09
6661,53428,2025-11-13,Customer Changed Mind,119.93
6662,53438,2025-12-21,Damaged,22.38
6663,53452,2026-01-14,Poor Quality,91.75
6664,53453,2025-12-06,Wrong Item,670.01
6665,53458,2026-01-10,Size Issue,40.05
6666,53468,2023-12-21,Size Issue,16.45
6667,53470,2026-01-10,Damaged,16.53
6668,53472,2025-10-31,Late Delivery,596.58
6669,53474,2023-10-20,Size Issue,370.81
6670,53489,2025-11-15,Size Issue,191.8
6671,53491,2025-05-25,Wrong Item,142.78
6672,53493,2025-05-01,Size Issue,62.42
6673,53496,2025-12-08,Late Delivery,246.21
6674,53511,2024-04-26,Late Delivery,99.94
6675,53517,2025-12-06,Damaged,356.5
6676,53533,2023-12-28,Damaged,132.6
6677,53543,2024-11-24,Damaged,764.03
6678,53549,2024-05-03,Customer Changed Mind,86.43
6679,53573,2023-06-14,Poor Quality,272.81
6680,53577,2025-12-16,Customer Changed Mind,124.22
6681,53578,2026-01-20,Poor Quality,169.59
6682,53579,2025-04-14,Poor Quality,32.28
6683,53584,2024-03-28,Late Delivery,245.86
6684,53588,2024-03-26,Wrong Item,20.57
6685,53594,2024-06-18,Wrong Item,63.17
6686,53596,2023-09-16,Size Issue,66.0
6687,53602,2025-03-04,Damaged,252.14
6688,53603,2024-12-23,Size Issue,52.96
6689,53620,2024-12-15,Customer Changed Mind,260.75
6690,53638,2025-11-01,Customer Changed Mind,134.13
6691,53643,2026-01-16,Poor Quality,79.11
6692,53645,2023-10-14,Size Issue,46.07
6693,53646,2025-10-08,Damaged,67.93
6694,53666,2024-06-08,Late Delivery,417.47
6695,53674,2025-10-27,Poor Quality,24.34
6696,53696,2026-01-02,Poor Quality,445.34
6697,53699,2025-01-01,Late Delivery,134.95
6698,53715,2026-01-15,Wrong Item,400.91
6699,53717,2025-03-21,Size Issue,34.21
6700,53720,2025-09-25,Late Delivery,34.38
6701,53724,2025-05-01,Late Delivery,98.52
6702,53725,2023-07-01,Size Issue,333.13
6703,53726,2025-08-11,Customer Changed Mind,322.83
6704,53730,2023-10-08,Size Issue,340.72
6705,53743,2024-02-16,Size Issue,39.19
6706,53747,2024-11-13,Poor Quality,84.61
6707,53759,2025-05-18,Late Delivery,138.13
6708,53778,2024-07-08,Poor Quality,97.73
6709,53789,2024-10-18,Damaged,32.08
6710,53791,2023-06-27,Size Issue,529.37
6711,53794,2025-07-31,Customer Changed Mind,172.97
6712,53805,2024-07-14,Size Issue,92.86
6713,53817,2024-09-17,Customer Changed Mind,435.0
6714,53818,2025-06-10,Late Delivery,360.0
6715,53822,2025-05-10,Customer Changed Mind,90.77
6716,53834,2024-06-14,Size Issue,272.1
6717,53860,2026-01-03,wrong item,35.45
6718,53873,2023-11-27,Wrong Item,234.5
6719,53875,2025-01-06,Size Issue,362.72
6720,53886,2025-11-17,Poor Quality,334.08
6721,53887,2025-11-21,Size Issue,252.16
6722,53894,2023-11-22,Damaged,132.71
6723,53898,2024-04-02,Damaged,422.63
6724,53903,2025-01-31,Size Issue,141.06
6725,53921,2025-12-19,Damaged,206.53
6726,53948,2025-05-15,Damaged,249.87
6727,53950,2025-01-18,Damaged,49.24
6728,53955,2025-09-01,Wrong Item,464.64
6729,53957,2025-03-23,Size Issue,110.75
6730,53969,2024-02-15,Poor Quality,177.2
6731,53984,2024-10-15,Size Issue,422.22
6732,53993,2024-09-03,Late Delivery,613.7
6733,53994,2025-05-25,Late Delivery,156.81
6734,53995,2025-08-25,Customer Changed Mind,90.69
6735,54012,2024-03-23,Late Delivery,83.88
6736,54023,2026-01-27,Damaged,518.59
6737,54032,2026-01-19,Late Delivery,199.8
6738,54033,2025-09-16,Wrong Item,362.12
6739,54034,2024-12-13,Size Issue,254.3
6740,54048,2025-06-29,Poor Quality,362.95
6741,54065,2023-11-02,Poor Quality,204.92
6742,54076,2025-02-03,Poor Quality,341.43
6743,54081,2024-04-09,Size Issue,1059.34
6744,54119,2025-06-17,Damaged,148.84
6745,54122,2026-01-12,Late Delivery,184.43
6746,54140,2026-01-22,Poor Quality,58.04
6747,54145,2025-08-29,Size Issue,403.62
6748,54152,2024-08-02,Size Issue,168.49
6749,54160,2025-12-29,late delivery,176.3
6750,54165,2025-07-16,Poor Quality,145.46
6751,54175,2026-01-15,Size Issue,157.72
6752,54179,2025-09-16,Size Issue,155.69
6753,54198,2024-03-25,Customer Changed Mind,178.61
6754,54209,2025-12-20,Size Issue,108.19
6755,54225,2025-06-09,Size Issue,23.37
6756,54238,2025-02-09,Late Delivery,118.05
6757,54240,2024-12-02,Late Delivery,344.9
6758,54250,2024-08-26,Wrong Item,124.61
6759,54262,2026-01-05,Customer Changed Mind,115.37
6760,54270,2025-10-29,Poor Quality,262.24
6761,54279,2023-04-11,Damaged,51.88
6762,54289,2024-08-03,Size Issue,36.11
6763,54292,2024-04-09,Late Delivery,45.81
6764,54293,2025-01-09,Poor Quality,288.61
6765,54297,2026-01-15,Poor Quality,21.64
6766,54306,2025-09-29,Poor Quality,148.51
6767,54314,2025-12-20,Size Issue,192.15
6768,54315,2025-07-06,late delivery,27.66
6769,54320,2024-12-19,Size Issue,69.5
6770,54326,2025-10-05,Wrong Item,26.07
6771,54342,2024-07-27,Wrong Item,168.51
6772,54349,2023-10-10,Late Delivery,125.01
6773,54361,2026-01-22,Size Issue,125.51
6774,54363,2025-08-08,Size Issue,547.88
6775,54383,2025-02-09,Damaged,444.91
6776,54390,2025-12-28,Size Issue,313.41
6777,54411,2025-10-21,Late Delivery,36.94
6778,54412,2024-04-20,Poor Quality,71.07
6779,54417,2025-01-01,Wrong Item,25.45
6780,54419,2024-11-06,Late Delivery,97.38
6781,54424,2025-10-24,Customer Changed Mind,198.01
6782,54427,2023-10-13,Late Delivery,90.8
6783,54462,2023-08-01,Customer Changed Mind,55.58
6784,54469,2025-11-13,Wrong Item,220.15
6785,54473,2025-02-28,Wrong Item,344.85
6786,54480,2025-08-16,Size Issue,20.9
6787,54485,2024-10-12,Size Issue,256.85
6788,54513,2024-08-07,Size Issue,445.93
6789,54514,2023-09-07,Customer Changed Mind,461.21
6790,54545,2026-01-19,Customer Changed Mind,107.91
6791,54550,2025-08-18,Size Issue,140.32
6792,54551,2025-10-05,Late Delivery,425.27
6793,54555,2025-08-20,Wrong Item,76.93
6794,54567,2025-10-12,Wrong Item,531.95
6795,54570,2024-11-17,Damaged,697.01
6796,54578,2025-09-20,Damaged,146.59
6797,54605,2024-07-02,Size Issue,157.9
6798,54606,2025-05-30,Wrong Item,32.73
6799,54615,2024-12-09,Late Delivery,373.32
6800,54616,2024-12-31,Size Issue,415.13
6801,54617,2024-12-19,Damaged,661.63
6802,54622,2025-12-28,Wrong Item,131.17
6803,54629,2024-08-06,Late Delivery,134.06
6804,54633,2024-07-10,Damaged,454.39
6805,54634,2025-12-27,Damaged,143.68
6806,54647,2025-05-01,Damaged,275.7
6807,54654,2025-06-09,Customer Changed Mind,76.23
6808,54662,2025-07-10,Late Delivery,380.39
6809,54668,2026-01-18,Poor Quality,482.27
6810,54676,2025-01-07,Size Issue,646.02
6811,54678,2024-04-06,Customer Changed Mind,196.47
6812,54694,2025-11-03,Size Issue,78.11
6813,54700,2025-02-26,Wrong Item,210.98
6814,54712,2025-09-30,Damaged,310.97
6815,54733,2025-10-11,Size Issue,253.23
6816,54742,2024-07-31,Wrong Item,448.8
6817,54748,2024-09-24,Wrong Item,29.23
6818,54749,2025-10-30,Wrong Item,71.21
6819,54755,2025-12-27,Wrong Item,67.19
6820,54756,2025-07-20,Customer Changed Mind,48.32
6821,54763,2025-08-21,Late Delivery,223.47
6822,54778,2023-04-08,Size Issue,97.34
6823,54789,2023-10-12,Customer Changed Mind,30.76
6824,54792,2025-04-26,Late Delivery,501.06
6825,54793,2025-12-16,Poor Quality,83.93
6826,54799,2025-12-05,Damaged,27.05
6827,54809,2026-01-08,Damaged,311.83
6828,54812,2025-11-18,Poor Quality,69.35
6829,54816,2025-10-31,Size Issue,202.31
6830,54828,2025-10-31,Late Delivery,186.02
6831,54845,2024-11-18,Wrong Item,92.28
6832,54860,2024-12-10,Customer Changed Mind,506.59
6833,54875,2025-12-14,Customer Changed Mind,33.31
6834,54881,2026-01-09,Customer Changed Mind,26.82
6835,54882,2023-09-07,Poor Quality,11.95
6836,54884,2025-09-23,Damaged,266.28
6837,54891,2025-04-06,Size Issue,436.82
6838,54892,2025-12-11,Wrong Item,463.89
6839,54900,2024-12-05,Size Issue,315.57
6840,54907,2025-08-11,Size Issue,457.62
6841,54911,2025-07-11,Size Issue,198.34
6842,54932,2025-05-01,Customer Changed Mind,423.16
6843,54936,2025-08-11,Late Delivery,63.15
6844,54942,2025-02-04,Customer Changed Mind,67.25
6845,54947,2024-06-24,Poor Quality,466.06
6846,54953,2025-01-26,Wrong Item,158.31
6847,54963,2025-11-01,Late Delivery,632.75
6848,54974,2025-12-06,Customer Changed Mind,40.17
6849,54977,2025-07-24,Wrong Item,192.91
6850,54978,2025-10-30,Size Issue,491.5
6851,54981,2025-01-02,Wrong Item,8.28
6852,55022,2025-05-09,Wrong Item,429.81
6853,55030,2025-11-07,Size Issue,215.55
6854,55033,2025-03-23,Size Issue,113.62
6855,55042,2026-01-07,Poor Quality,108.37
6856,55047,2024-10-05,Wrong Item,373.66
6857,55053,2024-10-16,Damaged,189.61
6858,55057,2025-06-27,Wrong Item,42.1
6859,55060,2025-05-10,Damaged,310.99
6860,55069,2026-01-05,Late Delivery,60.46
6861,55073,2025-09-12,Customer Changed Mind,66.96
6862,55074,2024-07-04,Size Issue,36.37
6863,55077,2025-08-17,Poor Quality,283.79
6864,55095,2024-10-04,Damaged,119.63
6865,55105,2025-10-14,Customer Changed Mind,141.22
6866,55119,2025-01-16,Damaged,330.67
6867,55138,2024-06-15,Customer Changed Mind,94.09
6868,55144,2025-11-02,Damaged,198.7
6869,55149,2024-06-08,Customer Changed Mind,64.26
6870,55150,2024-11-16,Wrong Item,347.63
6871,55165,2024-10-27,Customer Changed Mind,552.44
6872,55166,2026-01-20,Customer Changed Mind,135.54
6873,55168,2025-01-27,Customer Changed Mind,124.08
6874,55170,2023-11-30,Size Issue,470.67
6875,55172,2025-12-29,Damaged,586.86
6876,55179,2023-12-29,Customer Changed Mind,49.81
6877,55184,2023-12-03,Late Delivery,137.06
6878,55189,2025-08-17,Size Issue,166.8
6879,55204,2024-12-01,Late Delivery,36.36
6880,55227,2025-12-26,Poor Quality,655.2
6881,55230,2025-07-07,Wrong Item,102.13
6882,55243,2025-12-16,Late Delivery,359.08
6883,55247,2024-08-22,Damaged,353.83
6884,55248,2025-08-26,Size Issue,18.08
6885,55255,2025-09-12,Poor Quality,72.59
6886,55261,2025-01-23,Wrong Item,518.15
6887,55265,2026-01-06,Wrong Item,637.21
6888,55270,2025-05-28,Damaged,202.29
6889,55272,2025-05-26,Poor Quality,80.47
6890,55288,2025-08-16,Size Issue,120.67
6891,55289,2025-12-23,Damaged,58.95
6892,55296,2023-12-14,Damaged,258.73
6893,55300,2025-03-12,Size Issue,153.34
6894,55304,2025-06-13,Customer Changed Mind,168.21
6895,55328,2023-07-11,Customer Changed Mind,41.28
6896,55330,2025-02-21,Size Issue,383.5
6897,55333,2025-06-07,Wrong Item,347.09
6898,55352,2025-12-22,Damaged,19.44
6899,55356,2025-09-10,Late Delivery,414.94
6900,55359,2026-01-08,Poor Quality,533.54
6901,55360,2025-01-27,Damaged,30.67
6902,55366,2025-05-06,Size Issue,63.31
6903,55370,2025-02-12,Size Issue,154.71
6904,55371,2026-01-14,Late Delivery,80.24
6905,55381,2025-10-28,Poor Quality,115.44
6906,55388,2025-01-15,Late Delivery,189.65
6907,55407,2025-11-30,Wrong Item,960.27
6908,55414,2024-07-17,Wrong Item,137.55
6909,55427,2023-09-23,Poor Quality,116.53
6910,55428,2024-11-02,Customer Changed Mind,38.53
6911,55443,2025-12-13,Size Issue,251.2
6912,55453,2024-11-25,Poor Quality,125.77
6913,55462,2024-08-01,Customer Changed Mind,180.83
6914,55471,2025-06-25,Damaged,141.38
6915,55501,2024-10-23,Customer Changed Mind,311.53
6916,55509,2025-07-20,Late Delivery,56.88
6917,55510,2026-01-13,Size Issue,41.4
6918,55511,2025-07-23,Size Issue,504.04
6919,55514,2025-05-05,Size Issue,391.32
6920,55518,2024-05-13,Size Issue,171.11
6921,55520,2025-01-13,Customer Changed Mind,456.99
6922,55524,2026-01-07,Late Delivery,50.96
6923,55525,2025-05-25,Wrong Item,612.28
6924,55531,2025-01-05,Customer Changed Mind,16.47
6925,55541,2024-12-04,Late Delivery,193.11
6926,55545,2025-11-11,Customer Changed Mind,71.78
6927,55548,2025-06-25,Customer Changed Mind,24.33
6928,55557,2024-03-03,Late Delivery,25.6
6929,55560,2023-11-19,Wrong Item,72.22
6930,55582,2024-05-20,Size Issue,950.79
6931,55592,2025-02-22,Customer Changed Mind,476.09
6932,55597,2024-05-11,Size Issue,267.15
6933,55618,2026-01-14,Wrong Item,267.61
6934,55619,2025-09-24,Damaged,226.09
6935,55620,2025-07-11,Poor Quality,107.57
6936,55627,2025-07-20,Damaged,152.34
6937,55634,2025-05-20,Size Issue,87.64
6938,55640,2025-11-05,Late Delivery,127.32
6939,55649,2024-05-03,Size Issue,115.3
6940,55699,2025-01-17,Size Issue,691.82
6941,55708,2025-10-24,Customer Changed Mind,205.32
6942,55711,2026-01-12,Poor Quality,41.89
6943,55714,2026-01-07,Damaged,331.26
6944,55715,2024-10-20,Poor Quality,86.99
6945,55726,2024-11-23,Size Issue,353.42
6946,55750,2024-12-17,Size Issue,275.92
6947,55756,2024-07-22,Late Delivery,271.52
6948,55764,2025-09-25,Size Issue,12.18
6949,55765,2025-05-19,Size Issue,243.63
6950,55777,2025-05-01,Late Delivery,109.94
6951,55778,2025-09-03,Size Issue,96.28
6952,55800,2025-11-15,Damaged,114.53
6953,55809,2025-10-20,Late Delivery,34.82
6954,55817,2025-05-30,Poor Quality,295.24
6955,55819,2025-03-09,Wrong Item,31.52
6956,55820,2026-01-07,Size Issue,614.6
6957,55824,2024-02-22,Size Issue,138.7
6958,55840,2025-07-28,Damaged,119.12
6959,55870,2024-09-08,Poor Quality,192.28
6960,55873,2023-10-09,Size Issue,406.46
6961,55876,2025-07-11,Late Delivery,847.33
6962,55884,2025-09-11,Damaged,452.6
6963,55887,2025-10-02,Poor Quality,483.25
6964,55888,2024-04-03,Late Delivery,122.13
6965,55891,2026-01-22,Damaged,107.11
6966,55899,2024-01-06,Size Issue,150.82
6967,55908,2024-08-24,Damaged,44.94
6968,55915,2025-02-22,Damaged,521.73
6969,55918,2025-05-20,Customer Changed Mind,321.17
6970,55933,2025-06-24,Poor Quality,96.19
6971,55962,2025-12-06,Customer Changed Mind,93.39
6972,55969,2025-08-05,Damaged,238.48
6973,55977,2025-06-03,Size Issue,581.91
6974,55979,2024-11-14,Size Issue,417.62
6975,55983,2024-03-31,Size Issue,23.44
6976,55985,2025-11-16,Wrong Item,30.79
6977,56002,2025-06-22,Size Issue,110.37
6978,56009,2024-07-18,Poor Quality,484.62
6979,56030,2026-01-24,Poor Quality,570.73
6980,56048,2025-08-26,Poor Quality,80.75
6981,56055,2024-08-17,Customer Changed Mind,76.67
6982,56057,2026-01-29,Late Delivery,241.75
6983,56060,2024-10-09,Customer Changed Mind,9.31
6984,56075,2026-01-10,Customer Changed Mind,75.42
6985,56083,2024-08-24,Wrong Item,112.3
6986,56089,2025-04-03,Damaged,36.73
6987,56111,2024-07-04,Damaged,124.77
6988,56116,2025-08-29,Damaged,423.89
6989,56119,2024-12-15,Poor Quality,317.64
6990,56133,2025-02-21,Size Issue,668.27
6991,56135,2025-02-05,Damaged,436.05
6992,56145,2025-10-10,Size Issue,504.53
6993,56146,2026-01-06,Customer Changed Mind,57.05
6994,56158,2025-02-23,Wrong Item,485.11
6995,56187,2025-10-09,Poor Quality,246.76
6996,56193,2025-04-29,Customer Changed Mind,131.2
6997,56195,2026-01-23,Size Issue,666.25
6998,56203,2025-12-22,Size Issue,25.36
6999,56213,2024-10-21,Late Delivery,230.49
7000,56228,2025-09-22,Damaged,232.53
7001,56238,2025-12-26,Poor Quality,98.41
7002,56242,2024-04-18,Wrong Item,507.09
7003,56243,2025-05-22,Customer Changed Mind,602.84
7004,56259,2024-08-26,Wrong Item,322.29
7005,56260,2025-12-29,Customer Changed Mind,125.41
7006,56266,2024-12-18,Poor Quality,476.64
7007,56282,2025-12-09,Customer Changed Mind,171.44
7008,56285,2025-10-14,Wrong Item,142.66
7009,56301,2024-02-23,Poor Quality,31.44
7010,56322,2025-06-10,Poor Quality,294.37
7011,56327,2025-01-29,Customer Changed Mind,22.85
7012,56330,2024-02-29,Wrong Item,339.92
7013,56331,2025-05-08,Size Issue,60.37
7014,56343,2025-08-30,Damaged,256.3
7015,56353,2024-03-05,Late Delivery,211.34
7016,56358,2024-12-04,Damaged,619.97
7017,56373,2025-07-24,Customer Changed Mind,28.35
7018,56384,2024-09-14,Size Issue,323.95
7019,56388,2024-07-08,Damaged,189.97
7020,56389,2025-10-24,Wrong Item,470.43
7021,56403,2025-12-29,Customer Changed Mind,35.58
7022,56435,2025-06-16,Late Delivery,81.61
7023,56437,2026-01-02,Size Issue,273.96
7024,56441,2025-02-26,Damaged,122.74
7025,56453,2024-11-29,Damaged,241.54
7026,56471,2025-03-26,Late Delivery,810.23
7027,56483,2025-12-04,Late Delivery,101.69
7028,56494,2024-01-08,Damaged,42.21
7029,56496,2025-04-05,Wrong Item,384.57
7030,56508,2025-01-01,Wrong Item,38.85
7031,56511,2025-04-05,Customer Changed Mind,278.35
7032,56515,2025-12-07,Poor Quality,458.6
7033,56526,2026-01-08,Wrong Item,21.31
7034,56532,2025-08-08,Wrong Item,144.78
7035,56551,2025-04-20,Wrong Item,70.24
7036,56570,2025-11-08,Damaged,60.25
7037,56573,2023-05-22,Damaged,261.72
7038,56579,2025-08-13,Customer Changed Mind,249.5
7039,56588,2024-11-12,Damaged,437.19
7040,56594,2025-11-04,Size Issue,113.74
7041,56602,2025-07-05,Poor Quality,83.56
7042,56605,2024-02-18,Customer Changed Mind,57.3
7043,56608,2025-04-18,Poor Quality,157.71
7044,56618,2024-06-04,Damaged,420.24
7045,56637,2024-10-08,Wrong Item,179.11
7046,56644,2025-03-29,Late Delivery,79.29
7047,56646,2024-11-21,Damaged,698.85
7048,56653,2024-01-14,Wrong Item,223.45
7049,56663,2025-06-21,Damaged,315.32
7050,56664,2025-06-25,Damaged,29.56
7051,56665,2026-01-29,Late Delivery,98.37
7052,56684,2025-11-09,Poor Quality,852.2
7053,56696,2025-08-18,Late Delivery,102.0
7054,56702,2025-06-24,Late Delivery,313.41
7055,56712,2023-08-23,Late Delivery,166.59
7056,56719,2025-12-19,Late Delivery,175.27
7057,56721,2024-06-29,Customer Changed Mind,271.52
7058,56722,2024-03-23,Customer Changed Mind,186.45
7059,56746,2025-09-05,Poor Quality,13.87
7060,56756,2023-11-06,Damaged,332.97
7061,56758,2025-01-15,Wrong Item,229.07
7062,56768,2024-01-26,Size Issue,222.69
7063,56770,2026-01-07,Poor Quality,409.14
7064,56772,2024-12-17,Poor Quality,48.51
7065,56779,2025-10-12,Size Issue,590.92
7066,56788,2025-01-18,Late Delivery,611.87
7067,56789,2024-07-21,Wrong Item,21.69
7068,56790,2024-11-26,Size Issue,240.04
7069,56791,2024-03-30,Wrong Item,44.9
7070,56798,2026-01-20,Size Issue,99.2
7071,56803,2025-12-04,Customer Changed Mind,171.42
7072,56809,2026-01-07,Damaged,171.39
7073,56851,2025-06-23,Wrong Item,78.68
7074,56854,2025-05-19,Poor Quality,175.38
7075,56859,2024-08-28,Wrong Item,622.98
7076,56882,2025-07-23,Poor Quality,160.34
7077,56883,2025-01-27,Wrong Item,37.76
7078,56884,2025-07-15,Wrong Item,587.99
7079,56894,2026-01-25,Wrong Item,76.12
7080,56904,2024-12-20,Wrong Item,40.23
7081,56907,2025-02-24,Damaged,52.08
7082,56926,2023-12-04,Poor Quality,9.43
7083,56929,2025-10-16,Poor Quality,62.53
7084,56932,2024-06-07,Damaged,69.26
7085,56937,2025-12-28,Size Issue,82.5
7086,56949,2025-12-17,Customer Changed Mind,472.89
7087,56967,2025-10-23,Damaged,68.95
7088,57015,2025-08-10,Customer Changed Mind,80.48
7089,57017,2023-09-04,Customer Changed Mind,98.47
7090,57018,2025-06-01,Customer Changed Mind,134.54
7091,57019,2025-04-12,wrong item,252.42
7092,57032,2024-09-26,Late Delivery,60.27
7093,57044,2023-12-20,Size Issue,415.6
7094,57048,2024-12-30,Customer Changed Mind,264.1
7095,57079,2025-09-26,Late Delivery,249.63
7096,57090,2024-07-23,Damaged,512.39
7097,57092,2025-12-29,Late Delivery,66.59
7098,57103,2024-04-09,Customer Changed Mind,20.9
7099,57117,2025-09-20,Size Issue,34.99
7100,57121,2025-10-19,Customer Changed Mind,25.86
7101,57122,2026-01-24,Customer Changed Mind,225.46
7102,57144,2025-10-28,Late Delivery,117.81
7103,57145,2025-02-22,Poor Quality,284.37
7104,57148,2024-10-20,Damaged,626.23
7105,57151,2025-09-01,Customer Changed Mind,27.89
7106,57157,2024-12-04,Late Delivery,269.95
7107,57173,2025-11-24,Poor Quality,224.23
7108,57184,2025-11-22,Poor Quality,158.51
7109,57189,2025-02-03,Customer Changed Mind,119.23
7110,57193,2025-01-12,Size Issue,50.15
7111,57195,2024-05-07,Wrong Item,387.56
7112,57203,2026-01-25,Customer Changed Mind,284.37
7113,57216,2025-10-23,Damaged,263.91
7114,57219,2025-12-23,Damaged,582.08
7115,57235,2024-03-11,Size Issue,61.06
7116,57253,2025-12-05,Customer Changed Mind,228.64
7117,57267,2025-02-03,Damaged,295.09
7118,57273,2024-10-05,Damaged,302.19
7119,57293,2023-12-11,Damaged,86.45
7120,57298,2025-01-28,Damaged,130.29
7121,57327,2024-01-28,Damaged,177.11
7122,57330,2025-06-19,Wrong Item,132.58
7123,57337,2023-05-12,Damaged,254.48
7124,57350,2025-10-25,Poor Quality,192.73
7125,57359,2025-03-04,Size Issue,432.62
7126,57375,2025-07-31,Customer Changed Mind,283.36
7127,57395,2025-06-04,Damaged,185.92
7128,57409,2024-05-31,Customer Changed Mind,114.21
7129,57411,2025-03-27,Size Issue,61.87
7130,57416,2025-04-15,Size Issue,10.82
7131,57419,2026-01-13,Damaged,359.9
7132,57431,2024-11-20,Wrong Item,190.53
7133,57435,2025-08-20,late delivery,120.46
7134,57437,2026-01-01,Wrong Item,28.53
7135,57438,2024-05-04,Poor Quality,119.81
7136,57453,2024-02-01,Late Delivery,35.5
7137,57462,2025-11-09,Customer Changed Mind,228.93
7138,57463,2024-05-02,Size Issue,151.05
7139,57464,2025-11-06,Poor Quality,151.45
7140,57483,2023-06-11,Damaged,17.93
7141,57497,2025-04-05,Customer Changed Mind,392.64
7142,57500,2024-08-01,Wrong Item,51.77
7143,57502,2025-11-13,Poor Quality,218.76
7144,57504,2024-10-04,Customer Changed Mind,50.86
7145,57510,2025-04-23,Size Issue,449.46
7146,57521,2023-11-27,Size Issue,123.13
7147,57522,2025-04-03,Late Delivery,176.39
7148,57541,2026-01-14,Wrong Item,228.71
7149,57549,2026-01-17,Size Issue,201.64
7150,57552,2025-06-11,Late Delivery,190.95
7151,57559,2025-01-25,Customer Changed Mind,53.32
7152,57573,2025-01-02,Customer Changed Mind,188.66
7153,57590,2025-12-10,Wrong Item,111.39
7154,57595,2025-12-31,Wrong Item,569.47
7155,57620,2025-11-16,Wrong Item,61.33
7156,57621,2025-12-22,Late Delivery,1019.75
7157,57630,2023-08-09,Size Issue,261.24
7158,57636,2025-07-05,Wrong Item,172.05
7159,57637,2023-12-26,Late Delivery,123.39
7160,57649,2025-12-29,Size Issue,67.57
7161,57650,2026-01-22,Wrong Item,501.94
7162,57663,2025-04-15,Late Delivery,193.01
7163,57677,2025-10-02,Damaged,480.71
7164,57685,2025-01-06,Poor Quality,414.99
7165,57686,2025-03-04,Size Issue,15.06
7166,57687,2023-10-05,Customer Changed Mind,144.55
7167,57688,2024-12-13,Damaged,478.12
7168,57693,2026-01-18,Damaged,176.33
7169,57697,2025-02-24,Size Issue,316.87
7170,57702,2024-02-12,Size Issue,557.3
7171,57703,2025-11-07,Damaged,265.63
7172,57706,2025-06-26,Size Issue,52.9
7173,57713,2025-05-15,Late Delivery,154.43
7174,57718,2025-06-20,Size Issue,70.6
7175,57720,2026-01-15,Size Issue,41.32
7176,57730,2024-03-26,Damaged,245.61
7177,57735,2025-02-14,Damaged,379.28
7178,57745,2025-09-28,Late Delivery,74.56
7179,57746,2025-08-28,Wrong Item,108.83
7180,57749,2025-08-08,Customer Changed Mind,140.88
7181,57750,2024-07-26,Wrong Item,206.02
7182,57757,2025-07-24,Size Issue,115.11
7183,57758,2026-01-19,Damaged,121.27
7184,57764,2025-10-29,Customer Changed Mind,700.9
7185,57768,2025-06-21,Wrong Item,269.72
7186,57780,2025-06-22,Size Issue,174.7
7187,57782,2025-12-14,Size Issue,105.98
7188,57785,2025-08-20,Size Issue,231.36
7189,57787,2025-02-03,Size Issue,858.58
7190,57792,2024-11-06,Damaged,25.85
7191,57794,2025-04-19,Size Issue,471.88
7192,57807,2025-10-28,Damaged,429.49
7193,57808,2023-07-19,Damaged,47.04
7194,57810,2025-12-06,Wrong Item,377.03
7195,57815,2025-10-31,Customer Changed Mind,233.38
7196,57819,2025-05-19,Wrong Item,353.37
7197,57832,2024-10-04,Damaged,156.46
7198,57836,2025-08-09,Size Issue,24.73
7199,57840,2024-12-16,Wrong Item,802.84
7200,57842,2025-11-01,Damaged,207.01
7201,57843,2025-01-21,Late Delivery,166.28
7202,57864,2025-06-06,Customer Changed Mind,111.38
7203,57868,2025-02-22,Size Issue,105.17
7204,57870,2024-05-15,Wrong Item,509.44
7205,57871,2026-01-01,Late Delivery,116.69
7206,57874,2025-04-25,Customer Changed Mind,149.52
7207,57911,2025-04-13,Size Issue,19.21
7208,57921,2026-01-07,Damaged,86.61
7209,57944,2025-09-06,Late Delivery,331.43
7210,57948,2025-12-16,Late Delivery,37.92
7211,57957,2024-05-04,Size Issue,60.43
7212,57978,2026-01-08,Late Delivery,231.35
7213,57979,2024-03-25,Wrong Item,206.67
7214,57993,2024-09-02,Size Issue,517.56
7215,57999,2026-01-21,Late Delivery,107.22
7216,58004,2025-09-29,Customer Changed Mind,389.5
7217,58018,2025-12-16,Customer Changed Mind,28.79
7218,58019,2025-06-19,Damaged,506.92
7219,58039,2026-01-07,Damaged,833.63
7220,58045,2025-12-18,Wrong Item,38.3
7221,58047,2025-07-02,Poor Quality,28.75
7222,58050,2025-09-18,Size Issue,24.52
7223,58057,2024-11-05,Poor Quality,358.48
7224,58062,2024-11-09,Size Issue,267.11
7225,58082,2025-02-22,Customer Changed Mind,357.86
7226,58093,2024-01-17,Customer Changed Mind,552.15
7227,58095,2024-09-06,Size Issue,209.74
7228,58124,2025-06-11,Late Delivery,39.56
7229,58128,2024-12-30,Size Issue,104.31
7230,58135,2025-09-28,Size Issue,524.53
7231,58140,2025-10-29,Wrong Item,247.7
7232,58145,2025-03-12,Customer Changed Mind,33.85
7233,58162,2025-01-23,Wrong Item,843.68
7234,58164,2025-06-19,Customer Changed Mind,154.05
7235,58168,2025-09-29,Wrong Item,147.11
7236,58179,2025-04-08,Poor Quality,132.78
7237,58184,2025-06-10,Damaged,516.42
7238,58190,2025-07-26,Wrong Item,86.73
7239,58193,2024-05-12,Damaged,17.21
7240,58200,2024-12-16,Late Delivery,10.43
7241,58214,2026-01-05,Poor Quality,80.52
7242,58230,2025-03-09,Damaged,412.03
7243,58231,2025-07-29,Size Issue,70.53
7244,58236,2024-05-12,Size Issue,346.18
7245,58242,2023-09-15,Wrong Item,228.26
7246,58245,2024-08-16,Customer Changed Mind,205.47
7247,58254,2025-12-25,Size Issue,233.31
7248,58258,2026-01-16,Damaged,85.87
7249,58261,2025-11-05,Size Issue,470.66
7250,58274,2025-02-05,Damaged,73.42
7251,58275,2025-01-08,Size Issue,210.81
7252,58298,2024-03-18,Wrong Item,134.68
7253,58303,2024-04-06,Late Delivery,96.06
7254,58305,2025-06-04,Wrong Item,142.47
7255,58310,2025-02-05,Poor Quality,121.72
7256,58339,2024-07-07,Poor Quality,134.53
7257,58341,2024-07-01,Wrong Item,382.77
7258,58342,2025-10-13,Customer Changed Mind,86.09
7259,58343,2024-01-04,Customer Changed Mind,41.65
7260,58357,2025-10-23,Late Delivery,129.34
7261,58358,2025-12-04,Damaged,493.01
7262,58359,2025-10-21,Poor Quality,213.93
7263,58372,2025-06-20,Size Issue,364.54
7264,58375,2025-08-08,Size Issue,320.94
7265,58376,2025-10-28,Late Delivery,366.57
7266,58377,2025-11-04,late delivery,315.38
7267,58378,2024-01-04,Wrong Item,108.04
7268,58380,2025-11-07,Poor Quality,611.73
7269,58388,2025-05-06,Customer Changed Mind,56.03
7270,58389,2025-04-25,Size Issue,327.08
7271,58390,2026-01-15,Damaged,252.75
7272,58392,2025-12-27,Size Issue,663.91
7273,58398,2024-12-02,Wrong Item,22.83
7274,58428,2025-08-28,Customer Changed Mind,297.1
7275,58431,2025-08-19,Damaged,443.39
7276,58446,2024-12-27,Late Delivery,49.77
7277,58452,2025-12-23,Poor Quality,495.02
7278,58455,2025-08-05,Damaged,277.83
7279,58460,2024-03-23,Size Issue,361.99
7280,58462,2024-01-31,Size Issue,210.28
7281,58463,2024-12-09,Damaged,926.72
7282,58473,2025-12-09,Size Issue,344.14
7283,58491,2025-01-18,Damaged,91.84
7284,58502,2025-02-20,Size Issue,186.04
7285,58507,2025-02-07,Wrong Item,621.98
7286,58515,2024-11-12,Customer Changed Mind,40.92
7287,58520,2025-01-25,Damaged,263.15
7288,58522,2026-01-05,Size Issue,579.81
7289,58546,2025-03-31,Size Issue,85.27
7290,58548,2024-09-10,Size Issue,289.1
7291,58552,2025-10-26,Damaged,103.32
7292,58563,2025-10-11,Damaged,91.13
7293,58585,2025-04-01,Customer Changed Mind,154.16
7294,58592,2024-12-13,Wrong Item,317.4
7295,58606,2025-01-18,Customer Changed Mind,179.83
7296,58608,2025-06-30,Late Delivery,122.3
7297,58621,2025-08-11,Late Delivery,147.61
7298,58622,2025-11-16,Customer Changed Mind,105.77
7299,58643,2025-02-05,Size Issue,142.93
7300,58644,2025-09-05,Poor Quality,429.47
7301,58659,2024-04-19,Damaged,401.09
7302,58682,2026-01-22,Damaged,68.25
7303,58686,2024-03-10,Poor Quality,374.2
7304,58689,2024-07-20,Size Issue,78.82
7305,58693,2024-10-08,Late Delivery,644.79
7306,58699,2025-01-13,Damaged,50.96
7307,58702,2024-04-02,Late Delivery,119.77
7308,58709,2024-11-30,Size Issue,628.08
7309,58712,2025-06-16,Size Issue,156.3
7310,58723,2024-12-26,Size Issue,106.31
7311,58725,2025-05-09,Damaged,478.37
7312,58728,2023-12-18,Customer Changed Mind,121.39
7313,58741,2024-10-16,Wrong Item,183.28
7314,58749,2025-05-09,Customer Changed Mind,535.08
7315,58753,2025-11-15,Size Issue,246.84
7316,58757,2025-04-27,Wrong Item,60.47
7317,58759,2025-10-15,Poor Quality,172.49
7318,58770,2025-08-04,Customer Changed Mind,278.38
7319,58776,2025-02-03,Late Delivery,102.32
7320,58780,2026-01-25,Damaged,130.78
7321,58786,2025-10-14,Size Issue,230.56
7322,58790,2026-01-17,Customer Changed Mind,824.88
7323,58792,2026-01-07,Poor Quality,437.1
7324,58809,2025-08-19,Customer Changed Mind,239.59
7325,58812,2024-08-17,Damaged,221.91
7326,58813,2024-06-17,Size Issue,245.56
7327,58834,2023-10-25,Customer Changed Mind,189.67
7328,58847,2025-06-05,Customer Changed Mind,54.97
7329,58862,2024-11-25,Poor Quality,18.15
7330,58867,2025-08-09,Late Delivery,57.78
7331,58887,2025-08-04,Poor Quality,864.2
7332,58907,2024-09-09,Customer Changed Mind,34.41
7333,58909,2025-02-16,Wrong Item,278.28
7334,58916,2025-10-27,Size Issue,463.72
7335,58922,2024-09-21,Size Issue,20.78
7336,58924,2025-06-14,Size Issue,211.67
7337,58926,2025-07-08,Late Delivery,332.66
7338,58931,2025-01-07,Damaged,192.69
7339,58938,2025-10-26,Size Issue,201.72
7340,58947,2025-10-14,Poor Quality,172.67
7341,58951,2025-03-25,Size Issue,435.65
7342,58954,2025-03-16,Damaged,871.52
7343,58960,2024-01-09,Wrong Item,40.24
7344,58971,2024-09-24,Late Delivery,266.89
7345,58975,2025-12-10,Late Delivery,28.5
7346,58979,2024-06-16,Late Delivery,51.6
7347,58982,2024-08-12,Poor Quality,761.26
7348,59010,2025-05-05,Damaged,179.04
7349,59014,2023-05-09,Damaged,369.88
7350,59046,2024-12-11,Size Issue,668.73
7351,59052,2026-01-08,Poor Quality,165.11
7352,59078,2025-06-29,Poor Quality,63.6
7353,59083,2025-03-27,Size Issue,275.39
7354,59086,2025-09-09,Size Issue,643.89
7355,59103,2024-10-13,Poor Quality,193.4
7356,59114,2025-11-23,Poor Quality,265.79
7357,59122,2024-08-25,Wrong Item,402.75
7358,59124,2024-12-26,Wrong Item,364.46
7359,59139,2025-10-24,Late Delivery,478.44
7360,59150,2026-01-11,Wrong Item,30.86
7361,59155,2026-01-03,Late Delivery,411.87
7362,59157,2023-11-30,Size Issue,706.48
7363,59171,2025-12-21,Wrong Item,34.56
7364,59172,2025-08-30,Damaged,337.07
7365,59175,2024-04-11,Size Issue,190.73
7366,59179,2025-02-22,Size Issue,153.74
7367,59183,2025-03-09,Customer Changed Mind,394.91
7368,59190,2025-05-28,Wrong Item,30.26
7369,59202,2026-01-22,Size Issue,31.87
7370,59205,2025-04-28,Size Issue,718.37
7371,59210,2025-11-17,Damaged,296.5
7372,59211,2025-07-06,Damaged,118.55
7373,59215,2024-07-17,Poor Quality,197.7
7374,59216,2025-10-06,Size Issue,97.3
7375,59223,2025-01-10,Damaged,406.04
7376,59228,2025-08-20,Wrong Item,734.75
7377,59233,2026-01-09,Damaged,486.84
7378,59242,2025-09-02,Customer Changed Mind,28.7
7379,59248,2024-02-08,Damaged,31.69
7380,59270,2025-10-26,Size Issue,83.83
7381,59280,2024-06-17,Poor Quality,231.35
7382,59284,2025-10-10,Wrong Item,97.77
7383,59289,2025-01-01,Size Issue,916.86
7384,59304,2025-10-15,Poor Quality,47.19
7385,59309,2025-08-27,Damaged,587.67
7386,59321,2025-09-28,Damaged,219.81
7387,59327,2024-09-18,Poor Quality,81.12
7388,59330,2024-08-29,Poor Quality,67.25
7389,59344,2025-11-17,Damaged,63.96
7390,59348,2026-01-06,Damaged,72.14
7391,59352,2025-10-02,Size Issue,535.11
7392,59353,2025-01-26,Wrong Item,603.48
7393,59365,2025-08-12,Wrong Item,277.62
7394,59375,2025-03-15,Size Issue,112.55
7395,59382,2025-09-04,Size Issue,36.83
7396,59384,2025-08-27,Size Issue,105.07
7397,59411,2025-10-19,Size Issue,239.18
7398,59413,2026-01-20,Customer Changed Mind,73.02
7399,59423,2025-07-30,Poor Quality,297.88
7400,59438,2025-07-23,Damaged,101.98
7401,59444,2024-05-22,Damaged,887.81
7402,59452,2024-06-04,Size Issue,84.87
7403,59453,2025-10-09,Late Delivery,255.71
7404,59461,2026-01-21,Poor Quality,213.37
7405,59469,2025-09-23,Late Delivery,42.16
7406,59474,2026-01-07,Size Issue,602.79
7407,59484,2025-07-22,Late Delivery,256.72
7408,59489,2025-10-09,Wrong Item,23.29
7409,59503,2025-06-06,Size Issue,110.82
7410,59504,2026-01-21,Late Delivery,675.93
7411,59522,2024-03-08,Wrong Item,86.62
7412,59531,2025-09-01,Late Delivery,77.69
7413,59555,2024-12-31,Wrong Item,1118.83
7414,59560,2025-04-29,Damaged,590.97
7415,59569,2025-03-08,Size Issue,339.05
7416,59582,2025-06-09,Wrong Item,170.17
7417,59590,2025-07-15,Size Issue,192.7
7418,59606,2025-05-08,Size Issue,76.33
7419,59613,2025-08-03,Customer Changed Mind,145.01
7420,59629,2023-12-06,Damaged,52.45
7421,59631,2025-08-20,Wrong Item,357.76
7422,59635,2025-09-22,Customer Changed Mind,33.14
7423,59636,2025-11-27,Late Delivery,72.2
7424,59640,2025-06-03,Late Delivery,196.2
7425,59641,2025-09-03,Wrong Item,499.03
7426,59654,2025-09-23,Late Delivery,137.61
7427,59656,2026-01-08,Late Delivery,165.38
7428,59657,2023-11-02,Late Delivery,488.01
7429,59671,2026-01-11,Late Delivery,70.7
7430,59676,2024-11-24,Poor Quality,43.6
7431,59685,2026-01-10,Poor Quality,333.28
7432,59686,2025-11-26,Late Delivery,161.5
7433,59688,2024-02-05,Damaged,345.51
7434,59694,2025-05-01,Wrong Item,12.55
7435,59714,2025-10-07,Size Issue,132.86
7436,59717,2024-03-29,Late Delivery,500.33
7437,59726,2026-01-20,Damaged,223.79
7438,59736,2025-12-26,Damaged,272.26
7439,59739,2025-05-24,Wrong Item,18.62
7440,59747,2024-04-29,Size Issue,78.64
7441,59752,2025-03-25,Damaged,39.58
7442,59759,2024-02-22,Wrong Item,168.19
7443,59767,2025-05-16,Size Issue,231.58
7444,59769,2025-11-12,Customer Changed Mind,36.81
7445,59773,2024-11-30,Poor Quality,283.14
7446,59798,2025-09-15,Damaged,195.36
7447,59804,2026-01-14,Wrong Item,11.46
7448,59821,2023-10-19,Customer Changed Mind,168.71
7449,59838,2026-01-17,Size Issue,540.26
7450,59859,2024-06-23,Late Delivery,144.16
7451,59876,2025-12-15,Customer Changed Mind,168.27
7452,59885,2025-12-19,Damaged,570.07
7453,59892,2025-01-17,Late Delivery,132.38
7454,59894,2024-12-30,Poor Quality,126.72
7455,59914,2024-06-26,Poor Quality,514.15
7456,59915,2025-09-18,Customer Changed Mind,183.18
7457,59924,2023-12-31,Wrong Item,41.35
7458,59928,2024-12-14,Late Delivery,41.11
7459,59930,2025-04-16,Damaged,164.72
7460,59933,2026-01-04,Late Delivery,749.38
7461,59938,2025-02-26,Wrong Item,238.77
7462,59943,2024-06-27,Size Issue,409.78
7463,59958,2026-01-16,Late Delivery,863.74
7464,59961,2024-05-10,Wrong Item,8.54
7465,59978,2025-12-13,Late Delivery,881.76
7466,59980,2025-04-13,Damaged,738.12
7467,59993,2025-01-04,Wrong Item,22.51
7468,60000,2025-11-01,Late Delivery,145.75
7469,60046,2025-07-09,Poor Quality,121.89
7470,60050,2024-08-11,Customer Changed Mind,605.31
7471,60056,2025-02-11,Size Issue,793.75
7472,60063,2024-08-28,Size Issue,131.5
7473,60064,2025-09-28,Size Issue,36.83
7474,60071,2025-12-27,Wrong Item,233.32
7475,60072,2026-01-24,Size Issue,286.26
7476,60076,2025-07-03,Poor Quality,76.51
7477,60080,2023-12-23,Damaged,203.09
7478,60086,2024-01-19,wrong item,174.7
7479,60087,2025-11-15,Customer Changed Mind,26.92
7480,60088,2025-02-07,Customer Changed Mind,173.6
7481,60104,2025-12-27,Damaged,677.86
7482,60110,2025-09-27,Damaged,70.1
7483,60120,2025-03-20,Poor Quality,610.58
7484,60125,2025-09-17,Customer Changed Mind,106.7
7485,60137,2025-04-22,Late Delivery,235.55
7486,60139,2025-01-07,Late Delivery,24.33
7487,60157,2025-12-16,Size Issue,370.59
7488,60178,2025-05-18,size issue,84.29
7489,60196,2024-11-22,Poor Quality,186.2
7490,60198,2024-08-03,Wrong Item,169.42
7491,60207,2024-05-30,Damaged,32.77
7492,60211,2025-10-26,Late Delivery,87.99
7493,60213,2025-01-22,Wrong Item,1327.33
7494,60215,2025-09-07,Size Issue,299.16
7495,60225,2025-07-07,Size Issue,198.89
7496,60228,2025-01-04,Late Delivery,38.81
7497,60229,2024-05-27,Wrong Item,50.9
7498,60231,2025-11-06,Wrong Item,131.3
7499,60233,2025-03-30,Damaged,254.39
7500,60244,2025-03-15,Size Issue,942.61
7501,60245,2024-07-13,Customer Changed Mind,9.53
7502,60252,2025-10-15,Size Issue,695.41
7503,60258,2025-02-22,Poor Quality,101.74
7504,60259,2025-03-16,Customer Changed Mind,11.37
7505,60265,2025-06-05,Late Delivery,318.58
7506,60273,2026-01-21,Customer Changed Mind,22.87
7507,60283,2024-11-19,Damaged,451.9
7508,60305,2026-01-12,Late Delivery,53.49
7509,60306,2025-12-13,Damaged,24.1
7510,60311,2023-08-22,Size Issue,385.03
7511,60319,2025-02-07,Poor Quality,521.6
7512,60321,2024-01-14,Damaged,256.21
7513,60329,2025-01-01,Poor Quality,145.06
7514,60331,2024-11-25,Damaged,123.55
7515,60341,2025-10-01,Damaged,493.14
7516,60343,2024-04-03,Size Issue,417.56
7517,60344,2024-12-05,Poor Quality,575.37
7518,60345,2025-04-06,Damaged,510.4
7519,60346,2026-01-03,Poor Quality,215.7
7520,60351,2023-05-12,Poor Quality,62.33
7521,60366,2026-01-17,Damaged,377.25
7522,60377,2026-01-07,Damaged,14.25
7523,60383,2025-05-20,Size Issue,175.38
7524,60387,2024-09-10,Poor Quality,492.96
7525,60404,2025-07-15,Late Delivery,247.13
7526,60411,2026-01-06,Size Issue,33.75
7527,60414,2025-04-10,Wrong Item,342.08
7528,60438,2025-03-25,Size Issue,25.59
7529,60446,2025-01-23,Wrong Item,155.13
7530,60455,2024-12-13,Customer Changed Mind,530.11
7531,60456,2025-01-29,Late Delivery,168.03
7532,60470,2025-09-20,Late Delivery,18.02
7533,60478,2026-01-23,Damaged,415.5
7534,60500,2025-11-22,Poor Quality,27.51
7535,60507,2025-06-29,Poor Quality,153.49
7536,60508,2025-11-16,Late Delivery,388.37
7537,60519,2025-08-14,Poor Quality,93.2
7538,60520,2026-01-29,Damaged,44.74
7539,60524,2024-03-29,Damaged,95.88
7540,60530,2024-02-10,Size Issue,34.92
7541,60531,2025-06-30,Late Delivery,383.07
7542,60534,2025-06-20,Poor Quality,42.57
7543,60537,2025-05-09,Damaged,50.06
7544,60541,2025-12-08,Size Issue,168.27
7545,60548,2023-06-22,Late Delivery,683.06
7546,60558,2026-01-07,Damaged,200.95
7547,60559,2025-11-28,Late Delivery,51.26
7548,60571,2025-11-10,Size Issue,114.02
7549,60575,2025-01-07,Poor Quality,208.72
7550,60598,2026-01-06,Late Delivery,57.5
7551,60605,2025-09-13,Damaged,100.32
7552,60620,2025-09-12,Damaged,85.11
7553,60638,2025-11-17,Poor Quality,139.46
7554,60639,2025-03-06,Customer Changed Mind,70.75
7555,60642,2025-11-12,Poor Quality,71.51
7556,60644,2025-04-17,Late Delivery,89.64
7557,60657,2024-08-05,Size Issue,69.75
7558,60660,2025-10-10,Size Issue,564.77
7559,60666,2025-07-03,Size Issue,165.49
7560,60670,2024-07-18,Size Issue,76.08
7561,60690,2025-08-07,Wrong Item,41.67
7562,60693,2024-03-24,Damaged,85.52
7563,60695,2025-12-03,Late Delivery,68.01
7564,60708,2025-06-06,Customer Changed Mind,36.0
7565,60711,2024-09-06,Customer Changed Mind,62.95
7566,60717,2026-01-03,Customer Changed Mind,56.34
7567,60725,2025-10-31,Late Delivery,49.41
7568,60726,2026-01-20,Size Issue,377.05
7569,60730,2025-11-29,Size Issue,187.13
7570,60732,2024-12-25,Poor Quality,95.95
7571,60734,2024-02-17,Wrong Item,236.8
7572,60739,2026-01-03,Size Issue,757.13
7573,60742,2025-09-03,Customer Changed Mind,264.35
7574,60749,2024-11-18,Late Delivery,95.28
7575,60751,2025-05-13,Damaged,217.88
7576,60756,2023-12-13,Customer Changed Mind,221.84
7577,60768,2025-04-06,Size Issue,201.85
7578,60770,2026-01-10,Poor Quality,604.84
7579,60785,2025-04-14,Size Issue,115.2
7580,60788,2026-01-06,customer changed mind,43.43
7581,60792,2023-11-30,Poor Quality,63.5
7582,60800,2025-05-09,Customer Changed Mind,58.73
7583,60801,2025-07-23,Size Issue,432.5
7584,60803,2024-02-15,Wrong Item,526.01
7585,60805,2025-09-11,Damaged,166.28
7586,60809,2023-07-22,Late Delivery,354.17
7587,60810,2024-07-18,Damaged,40.28
7588,60812,2023-03-07,Poor Quality,98.16
7589,60813,2025-08-23,Size Issue,298.68
7590,60830,2025-12-15,Size Issue,529.68
7591,60831,2024-12-09,Late Delivery,35.79
7592,60837,2025-10-19,Customer Changed Mind,332.02
7593,60851,2025-04-12,Customer Changed Mind,74.04
7594,60861,2025-04-30,Wrong Item,737.08
7595,60864,2025-08-20,Poor Quality,77.67
7596,60866,2025-10-12,Late Delivery,41.82
7597,60872,2026-01-16,Wrong Item,62.45
7598,60878,2024-11-18,Poor Quality,93.9
7599,60899,2025-09-27,Size Issue,42.87
7600,60906,2024-12-29,Poor Quality,497.11
7601,60929,2025-08-16,Customer Changed Mind,328.48
7602,60930,2024-06-07,Customer Changed Mind,30.5
7603,60936,2024-10-31,Late Delivery,273.16
7604,60941,2026-01-21,Size Issue,685.52
7605,60967,2025-12-02,Poor Quality,41.37
7606,60978,2024-12-19,Customer Changed Mind,116.73
7607,60979,2025-08-12,Size Issue,68.71
7608,60982,2025-04-04,Damaged,623.71
7609,60988,2024-12-02,Wrong Item,185.46
7610,60990,2023-12-13,Late Delivery,197.05
7611,60996,2025-12-30,Size Issue,87.29
7612,60998,2025-09-08,Customer Changed Mind,82.33
7613,61003,2025-11-03,Size Issue,401.49
7614,61008,2023-12-10,Poor Quality,51.25
7615,61011,2024-09-07,Size Issue,31.49
7616,61014,2025-06-04,Size Issue,391.14
7617,61019,2025-05-21,Customer Changed Mind,145.42
7618,61033,2024-06-21,Poor Quality,388.59
7619,61035,2024-12-10,Damaged,390.44
7620,61037,2025-11-21,Poor Quality,608.56
7621,61065,2025-06-21,Late Delivery,12.96
7622,61070,2025-10-29,Damaged,166.23
7623,61076,2025-07-13,Wrong Item,105.68
7624,61084,2024-10-30,Size Issue,152.28
7625,61085,2025-10-19,Late Delivery,38.49
7626,61120,2025-07-07,Damaged,155.43
7627,61130,2025-11-06,Late Delivery,254.96
7628,61135,2026-01-15,Size Issue,840.91
7629,61137,2024-11-10,Damaged,101.4
7630,61138,2025-10-09,Size Issue,201.98
7631,61149,2025-11-09,Wrong Item,132.46
7632,61154,2024-04-24,Customer Changed Mind,48.35
7633,61155,2025-04-14,Size Issue,192.57
7634,61158,2025-06-18,Size Issue,117.39
7635,61161,2025-10-29,Size Issue,147.0
7636,61184,2025-01-27,Late Delivery,233.17
7637,61200,2025-12-03,Damaged,17.61
7638,61255,2024-10-10,Size Issue,156.0
7639,61257,2025-08-23,Size Issue,222.83
7640,61269,2026-01-02,Damaged,511.45
7641,61280,2025-05-17,Size Issue,455.4
7642,61287,2024-08-04,Poor Quality,676.4
7643,61291,2025-12-05,Wrong Item,74.18
7644,61313,2025-08-07,Damaged,263.86
7645,61320,2025-06-13,Customer Changed Mind,292.77
7646,61321,2025-06-19,Size Issue,126.01
7647,61328,2025-07-23,Size Issue,518.61
7648,61331,2024-07-10,Customer Changed Mind,84.29
7649,61353,2023-11-21,Damaged,27.43
7650,61358,2026-01-03,Size Issue,126.5
7651,61360,2025-11-21,Size Issue,595.54
7652,61361,2026-01-02,Size Issue,267.09
7653,61362,2025-11-07,Late Delivery,38.34
7654,61366,2025-08-22,Wrong Item,337.68
7655,61376,2023-07-10,Late Delivery,365.2
7656,61380,2026-01-19,Size Issue,102.99
7657,61384,2025-08-14,Poor Quality,131.24
7658,61385,2025-07-04,Poor Quality,981.02
7659,61387,2024-03-10,Poor Quality,165.13
7660,61407,2024-06-23,Size Issue,459.51
7661,61410,2024-02-24,Damaged,528.09
7662,61424,2025-12-27,Size Issue,101.46
7663,61435,2023-11-05,Size Issue,203.67
7664,61459,2023-10-06,Poor Quality,217.04
7665,61462,2026-01-07,Damaged,43.21
7666,61465,2025-08-23,Customer Changed Mind,92.25
7667,61469,2025-09-04,Late Delivery,19.28
7668,61479,2025-12-04,Late Delivery,1002.56
7669,61485,2024-02-06,Wrong Item,120.27
7670,61487,2025-10-16,Wrong Item,142.81
7671,61500,2024-07-18,Customer Changed Mind,25.11
7672,61501,2026-01-27,Customer Changed Mind,109.22
7673,61520,2025-04-17,Poor Quality,49.15
7674,61522,2025-08-09,Size Issue,102.87
7675,61526,2025-04-18,Customer Changed Mind,115.24
7676,61530,2025-07-22,Damaged,961.27
7677,61539,2026-01-10,Poor Quality,154.74
7678,61550,2024-05-05,Poor Quality,249.46
7679,61552,2025-01-23,Size Issue,408.5
7680,61558,2024-02-14,Poor Quality,12.26
7681,61567,2024-12-07,Damaged,78.09
7682,61576,2024-10-22,Late Delivery,92.03
7683,61577,2025-07-26,Damaged,252.38
7684,61583,2024-11-23,Damaged,669.55
7685,61586,2024-02-24,Wrong Item,83.56
7686,61590,2026-01-11,Size Issue,231.19
7687,61599,2024-07-17,Late Delivery,352.68
7688,61619,2023-04-03,Size Issue,90.37
7689,61622,2025-06-23,Poor Quality,347.47
7690,61627,2026-01-12,Size Issue,194.15
7691,61632,2025-12-12,Customer Changed Mind,47.29
7692,61636,2025-06-17,Poor Quality,49.81
7693,61642,2025-10-20,Wrong Item,70.17
7694,61645,2024-11-25,Damaged,51.53
7695,61648,2024-04-18,Size Issue,396.86
7696,61664,2024-03-22,Customer Changed Mind,206.08
7697,61683,2023-12-29,Damaged,130.69
7698,61688,2025-03-01,Size Issue,85.07
7699,61695,2025-09-24,Customer Changed Mind,22.2
7700,61696,2025-06-27,Poor Quality,172.01
7701,61702,2025-11-28,Customer Changed Mind,41.46
7702,61704,2024-08-26,Size Issue,379.34
7703,61709,2025-04-25,Customer Changed Mind,163.21
7704,61713,2025-07-04,Customer Changed Mind,24.52
7705,61714,2025-07-31,Size Issue,80.86
7706,61717,2025-07-17,Poor Quality,264.2
7707,61721,2023-11-30,Damaged,278.82
7708,61722,2025-09-18,Damaged,1129.58
7709,61728,2025-08-23,Size Issue,229.31
7710,61755,2025-02-23,Customer Changed Mind,100.68
7711,61756,2025-10-21,Late Delivery,37.15
7712,61757,2025-10-04,Late Delivery,16.5
7713,61766,2025-04-12,Customer Changed Mind,170.81
7714,61767,2025-07-12,Wrong Item,61.86
7715,61771,2026-01-01,Poor Quality,104.36
7716,61774,2025-11-28,Size Issue,58.27
7717,61779,2025-09-10,Late Delivery,188.62
7718,61780,2024-06-17,Size Issue,693.82
7719,61783,2024-11-23,Late Delivery,58.47
7720,61787,2026-01-17,Size Issue,178.21
7721,61805,2025-08-21,Poor Quality,166.84
7722,61809,2026-01-07,Poor Quality,20.76
7723,61822,2023-12-20,Size Issue,19.13
7724,61841,2026-01-13,Late Delivery,308.04
7725,61848,2024-03-07,Damaged,179.47
7726,61852,2025-05-31,Wrong Item,271.58
7727,61861,2023-07-31,Damaged,636.1
7728,61863,2024-10-19,Poor Quality,487.49
7729,61874,2025-11-14,Wrong Item,102.87
7730,61878,2024-03-03,Damaged,321.21
7731,61880,2025-08-19,Wrong Item,247.21
7732,61883,2026-01-13,Customer Changed Mind,74.51
7733,61884,2025-11-27,Size Issue,52.69
7734,61908,2026-01-26,Damaged,95.66
7735,61925,2026-01-13,Poor Quality,48.37
7736,61936,2026-01-16,Poor Quality,39.92
7737,61940,2025-07-08,Size Issue,214.22
7738,61941,2026-01-29,Damaged,669.25
7739,61956,2024-09-09,Size Issue,13.45
7740,61962,2025-09-25,Size Issue,363.99
7741,61968,2025-03-02,Customer Changed Mind,166.18
7742,61973,2024-11-01,Customer Changed Mind,14.8
7743,61986,2025-12-30,Size Issue,252.2
7744,61987,2025-10-05,Damaged,374.64
7745,61991,2025-11-28,Size Issue,499.0
7746,62002,2023-05-29,Size Issue,12.83
7747,62005,2025-10-08,Size Issue,350.43
7748,62009,2024-05-26,Customer Changed Mind,69.62
7749,62043,2023-09-11,Damaged,43.96
7750,62047,2025-02-21,Customer Changed Mind,63.53
7751,62049,2025-04-13,Wrong Item,101.99
7752,62052,2024-06-04,Customer Changed Mind,141.82
7753,62057,2025-10-26,Size Issue,92.03
7754,62062,2025-04-18,Damaged,235.71
7755,62074,2024-07-28,Poor Quality,13.54
7756,62080,2024-03-03,Late Delivery,30.13
7757,62087,2023-12-05,Damaged,1586.11
7758,62100,2023-09-01,Late Delivery,268.87
7759,62103,2023-08-03,Poor Quality,144.94
7760,62112,2025-08-16,Size Issue,244.01
7761,62114,2025-05-16,Size Issue,48.47
7762,62122,2023-11-03,Customer Changed Mind,290.69
7763,62133,2024-12-30,Size Issue,408.31
7764,62150,2024-06-23,Poor Quality,179.58
7765,62164,2024-12-29,Late Delivery,82.61
7766,62165,2025-08-19,Wrong Item,483.73
7767,62187,2025-10-31,Customer Changed Mind,53.21
7768,62194,2025-12-11,Late Delivery,245.27
7769,62205,2025-05-26,Size Issue,37.58
7770,62214,2026-01-02,Damaged,163.09
7771,62219,2025-11-05,Damaged,128.95
7772,62236,2024-12-19,Wrong Item,62.08
7773,62240,2025-08-06,Size Issue,44.34
7774,62244,2026-01-01,Poor Quality,71.45
7775,62245,2025-01-07,Poor Quality,147.18
7776,62258,2026-01-21,Customer Changed Mind,31.43
7777,62264,2023-09-20,Poor Quality,126.5
7778,62271,2025-09-08,Customer Changed Mind,53.44
7779,62274,2025-10-30,Late Delivery,19.88
7780,62281,2026-01-19,Wrong Item,344.58
7781,62289,2025-11-05,Damaged,97.37
7782,62298,2024-08-16,Wrong Item,306.66
7783,62302,2025-06-27,Poor Quality,120.87
7784,62311,2025-02-02,Customer Changed Mind,326.97
7785,62330,2025-08-10,Damaged,137.13
7786,62333,2025-09-23,Damaged,413.63
7787,62341,2025-12-04,Wrong Item,36.09
7788,62349,2024-05-08,Poor Quality,51.18
7789,62352,2024-12-26,Wrong Item,213.18
7790,62363,2025-07-02,Poor Quality,41.98
7791,62366,2025-07-19,Poor Quality,514.64
7792,62367,2025-06-05,Poor Quality,486.9
7793,62402,2024-01-08,Poor Quality,184.69
7794,62408,2025-09-18,Size Issue,79.87
7795,62421,2026-01-16,Customer Changed Mind,681.61
7796,62422,2025-10-19,Wrong Item,40.52
7797,62429,2025-03-04,Late Delivery,152.11
7798,62450,2025-04-02,Late Delivery,104.76
7799,62453,2024-03-29,Damaged,67.1
7800,62454,2023-05-23,Poor Quality,318.45
7801,62465,2026-01-20,Customer Changed Mind,36.35
7802,62476,2025-09-02,Late Delivery,360.74
7803,62479,2025-09-07,size issue,82.13
7804,62489,2025-03-24,Wrong Item,1448.88
7805,62491,2024-03-08,Customer Changed Mind,31.05
7806,62492,2025-12-13,Customer Changed Mind,287.58
7807,62498,2025-08-25,Damaged,26.77
7808,62505,2025-02-22,Customer Changed Mind,164.77
7809,62517,2024-10-04,Damaged,128.21
7810,62518,2026-01-13,size issue,207.71
7811,62520,2025-11-13,Wrong Item,37.81
7812,62521,2025-11-13,Size Issue,168.73
7813,62522,2025-06-09,Customer Changed Mind,335.67
7814,62547,2025-11-20,Poor Quality,310.69
7815,62563,2025-11-24,Customer Changed Mind,85.59
7816,62565,2025-09-11,Size Issue,18.35
7817,62568,2024-09-02,Poor Quality,111.4
7818,62572,2024-02-28,Wrong Item,78.04
7819,62589,2025-01-10,Damaged,195.7
7820,62593,2025-10-30,Damaged,46.09
7821,62603,2024-12-25,Late Delivery,68.78
7822,62611,2025-07-30,Late Delivery,165.46
7823,62613,2025-12-27,Wrong Item,41.05
7824,62627,2025-10-19,Wrong Item,122.85
7825,62632,2025-09-11,Damaged,333.15
7826,62642,2025-01-17,Size Issue,349.78
7827,62663,2025-11-20,Size Issue,109.11
7828,62664,2024-06-27,Damaged,214.42
7829,62669,2025-08-16,Size Issue,195.57
7830,62671,2025-01-31,Poor Quality,209.14
7831,62685,2025-01-29,Poor Quality,37.37
7832,62687,2026-01-04,Customer Changed Mind,26.7
7833,62688,2024-12-08,Customer Changed Mind,173.38
7834,62689,2024-11-04,Wrong Item,62.96
7835,62695,2025-05-21,Wrong Item,117.35
7836,62709,2023-10-26,Size Issue,22.14
7837,62711,2025-01-05,Damaged,424.66
7838,62714,2025-07-21,Size Issue,58.43
7839,62722,2023-08-01,Damaged,243.35
7840,62760,2025-01-14,Late Delivery,58.58
7841,62763,2023-10-10,Late Delivery,191.04
7842,62783,2025-04-03,Customer Changed Mind,485.98
7843,62790,2025-10-23,Poor Quality,274.55
7844,62793,2025-10-03,Wrong Item,235.37
7845,62795,2024-12-14,Wrong Item,32.39
7846,62797,2025-11-29,Size Issue,78.72
7847,62805,2025-12-27,Damaged,277.95
7848,62809,2025-11-23,Customer Changed Mind,293.52
7849,62814,2024-11-26,Damaged,464.76
7850,62816,2024-07-18,Size Issue,40.6
7851,62822,2025-12-22,Damaged,54.37
7852,62828,2025-02-24,Customer Changed Mind,98.58
7853,62842,2025-12-14,Late Delivery,106.3
7854,62846,2025-12-30,Late Delivery,930.36
7855,62857,2025-12-12,Poor Quality,433.0
7856,62862,2025-07-28,Size Issue,153.86
7857,62865,2025-11-21,Poor Quality,220.54
7858,62887,2025-06-21,Damaged,58.24
7859,62889,2024-06-19,Poor Quality,149.46
7860,62895,2025-05-15,Wrong Item,140.45
7861,62899,2025-08-10,Late Delivery,37.76
7862,62911,2025-08-08,Customer Changed Mind,340.99
7863,62918,2025-10-20,Size Issue,541.41
7864,62921,2025-03-09,Customer Changed Mind,376.19
7865,62926,2025-07-09,Late Delivery,167.1
7866,62930,2024-10-24,Late Delivery,359.25
7867,62934,2025-12-28,Size Issue,87.2
7868,62938,2025-06-25,Poor Quality,92.46
7869,62947,2025-07-10,Damaged,110.46
7870,62965,2025-06-04,Size Issue,259.59
7871,62970,2024-07-30,Poor Quality,567.95
7872,62975,2025-11-15,Size Issue,369.92
7873,62981,2025-08-01,Size Issue,63.49
7874,62994,2025-12-30,Size Issue,297.88
7875,62998,2024-04-20,Size Issue,141.43
7876,63001,2025-06-22,Wrong Item,65.24
7877,63006,2025-08-16,Size Issue,72.35
7878,63008,2025-07-22,Customer Changed Mind,23.17
7879,63018,2024-11-30,Size Issue,326.38
7880,63019,2024-11-01,size issue,99.0
7881,63027,2024-08-26,Damaged,200.07
7882,63040,2025-07-09,Wrong Item,222.2
7883,63041,2025-02-01,Size Issue,71.05
7884,63043,2024-05-18,Size Issue,152.35
7885,63047,2025-05-21,Damaged,253.79
7886,63061,2025-07-22,Poor Quality,98.24
7887,63077,2023-09-13,Wrong Item,126.33
7888,63080,2025-08-26,Late Delivery,314.78
7889,63083,2024-10-15,Damaged,229.94
7890,63084,2025-01-08,Damaged,122.76
7891,63098,2025-07-30,Poor Quality,126.41
7892,63104,2025-04-09,Size Issue,158.71
7893,63105,2023-09-26,Wrong Item,436.8
7894,63128,2025-11-22,Damaged,46.7
7895,63129,2023-06-10,Damaged,515.58
7896,63133,2025-01-08,Damaged,1037.76
7897,63134,2025-11-01,Wrong Item,552.49
7898,63147,2025-12-11,Size Issue,49.0
7899,63160,2024-12-18,Size Issue,91.26
7900,63163,2024-07-14,Poor Quality,80.0
7901,63170,2025-06-08,Damaged,394.03
7902,63174,2025-12-02,Size Issue,416.83
7903,63182,2025-05-24,Late Delivery,103.75
7904,63225,2025-06-30,Poor Quality,143.58
7905,63226,2026-01-11,Size Issue,76.0
7906,63230,2026-01-11,Customer Changed Mind,105.3
7907,63235,2024-10-24,Poor Quality,1029.11
7908,63241,2025-09-03,Customer Changed Mind,303.68
7909,63242,2025-10-20,Late Delivery,404.09
7910,63260,2023-12-31,Size Issue,535.67
7911,63263,2025-05-29,Wrong Item,903.03
7912,63264,2025-04-27,Late Delivery,125.3
7913,63274,2025-03-11,Size Issue,638.14
7914,63275,2025-10-06,Damaged,525.74
7915,63279,2025-07-08,Damaged,80.32
7916,63281,2024-06-10,Poor Quality,166.76
7917,63294,2026-01-21,Poor Quality,149.87
7918,63295,2025-09-25,Customer Changed Mind,296.21
7919,63296,2026-01-25,Damaged,319.53
7920,63298,2025-11-19,Customer Changed Mind,599.43
7921,63300,2025-09-13,Wrong Item,182.28
7922,63306,2025-12-21,Damaged,115.85
7923,63310,2025-08-21,Late Delivery,229.51
7924,63322,2025-06-29,Poor Quality,223.62
7925,63325,2025-12-08,Wrong Item,12.02
7926,63330,2024-02-23,Size Issue,163.14
7927,63331,2023-11-01,Poor Quality,234.88
7928,63336,2024-09-21,Damaged,770.43
7929,63345,2023-11-28,Late Delivery,7.7
7930,63349,2024-09-04,Poor Quality,105.63
7931,63350,2025-04-11,Poor Quality,522.98
7932,63357,2025-09-16,Damaged,39.05
7933,63368,2025-12-15,Wrong Item,66.56
7934,63383,2024-07-04,Wrong Item,76.13
7935,63388,2025-08-09,Size Issue,220.73
7936,63391,2025-10-20,Poor Quality,560.04
7937,63394,2024-07-15,Damaged,141.23
7938,63397,2025-12-30,Wrong Item,64.42
7939,63398,2025-06-28,Damaged,144.43
7940,63401,2025-11-02,Late Delivery,88.06
7941,63404,2024-05-15,Late Delivery,104.18
7942,63433,2025-07-03,Size Issue,279.81
7943,63434,2024-02-26,Damaged,145.95
7944,63454,2025-11-09,Damaged,336.28
7945,63471,2025-05-12,Wrong Item,102.53
7946,63479,2024-12-21,Poor Quality,35.66
7947,63503,2025-08-07,Poor Quality,18.49
7948,63507,2025-12-14,Late Delivery,272.1
7949,63508,2025-08-06,Size Issue,124.8
7950,63514,2025-12-26,Customer Changed Mind,315.78
7951,63519,2025-12-07,Customer Changed Mind,28.76
7952,63525,2024-08-08,Size Issue,171.23
7953,63535,2025-02-12,Late Delivery,63.01
7954,63571,2025-10-06,Customer Changed Mind,121.92
7955,63583,2024-11-23,Damaged,464.6
7956,63588,2025-12-10,Damaged,81.09
7957,63597,2025-08-23,Wrong Item,37.09
7958,63610,2025-12-05,Size Issue,140.24
7959,63627,2024-07-18,Late Delivery,55.97
7960,63630,2024-08-05,Late Delivery,118.83
7961,63636,2025-11-09,Size Issue,115.14
7962,63653,2025-01-25,Size Issue,29.5
7963,63659,2025-08-28,Poor Quality,110.6
7964,63677,2024-03-10,Size Issue,88.29
7965,63678,2024-05-31,Customer Changed Mind,23.78
7966,63701,2025-12-20,Customer Changed Mind,799.78
7967,63702,2025-11-09,Late Delivery,595.47
7968,63703,2025-07-15,Poor Quality,422.87
7969,63713,2025-09-12,Poor Quality,156.0
7970,63716,2025-06-21,Late Delivery,641.38
7971,63718,2025-10-10,Customer Changed Mind,156.77
7972,63722,2025-06-28,Customer Changed Mind,118.85
7973,63740,2025-03-28,Wrong Item,109.07
7974,63744,2023-09-16,Late Delivery,150.49
7975,63748,2025-12-07,Size Issue,9.81
7976,63763,2025-11-18,Customer Changed Mind,500.94
7977,63779,2026-01-01,Size Issue,61.73
7978,63781,2026-01-03,Size Issue,269.88
7979,63797,2025-10-31,Wrong Item,305.67
7980,63816,2025-11-30,Late Delivery,781.6
7981,63836,2025-04-21,size issue,105.59
7982,63844,2026-01-07,Late Delivery,173.7
7983,63852,2025-02-18,Size Issue,218.45
7984,63855,2024-06-21,Poor Quality,94.83
7985,63859,2024-02-03,Wrong Item,922.97
7986,63872,2025-05-17,Damaged,565.12
7987,63874,2023-10-29,Wrong Item,51.47
7988,63910,2025-04-18,Damaged,60.87
7989,63926,2024-11-15,Late Delivery,242.6
7990,63937,2025-05-03,Late Delivery,114.09
7991,63943,2026-01-23,customer changed mind,387.87
7992,63950,2025-07-09,Size Issue,358.98
7993,63974,2025-11-29,Wrong Item,20.17
7994,63982,2024-11-20,Size Issue,276.77
7995,63985,2024-04-29,Size Issue,440.0
7996,63992,2026-01-11,Size Issue,92.86
7997,63998,2026-01-02,Customer Changed Mind,579.33
7998,64015,2023-10-04,Damaged,82.8
7999,64018,2025-09-25,Late Delivery,553.87
8000,64026,2024-01-23,Poor Quality,19.34
8001,64028,2024-10-06,Size Issue,39.67
8002,64042,2025-04-19,Poor Quality,80.01
8003,64050,2025-01-11,Customer Changed Mind,223.89
8004,64054,2024-05-31,Wrong Item,338.24
8005,64068,2025-04-19,Wrong Item,136.64
8006,64070,2023-03-31,Poor Quality,55.45
8007,64074,2023-05-18,Poor Quality,188.96
8008,64083,2025-05-14,customer changed mind,119.71
8009,64087,2026-01-07,Damaged,37.55
8010,64097,2025-05-27,Damaged,224.8
8011,64098,2023-11-25,Customer Changed Mind,96.92
8012,64104,2024-11-24,Poor Quality,485.45
8013,64105,2025-10-15,Customer Changed Mind,64.43
8014,64118,2023-10-13,Damaged,97.19
8015,64125,2024-09-28,Size Issue,118.78
8016,64143,2025-07-04,Damaged,205.24
8017,64171,2024-07-11,Customer Changed Mind,11.93
8018,64173,2024-06-14,Late Delivery,107.82
8019,64192,2025-05-11,Customer Changed Mind,42.76
8020,64213,2025-12-10,Customer Changed Mind,472.45
8021,64215,2024-11-08,Wrong Item,29.25
8022,64217,2025-08-19,Size Issue,32.89
8023,64218,2025-12-28,Customer Changed Mind,118.27
8024,64233,2024-07-05,Damaged,61.23
8025,64235,2025-08-27,Size Issue,810.75
8026,64260,2025-05-10,Late Delivery,85.43
8027,64268,2025-12-10,Damaged,177.13
8028,64270,2025-12-22,Poor Quality,101.32
8029,64271,2025-10-06,Poor Quality,169.9
8030,64273,2025-10-30,Wrong Item,233.31
8031,64276,2025-04-28,Poor Quality,516.68
8032,64279,2025-03-21,Wrong Item,886.2
8033,64308,2025-09-27,Damaged,291.51
8034,64317,2026-01-21,Late Delivery,262.89
8035,64327,2024-08-17,Size Issue,156.6
8036,64328,2023-11-25,Size Issue,15.23
8037,64334,2025-05-13,Damaged,132.51
8038,64346,2025-12-03,Customer Changed Mind,214.06
8039,64365,2025-12-09,Late Delivery,78.3
8040,64377,2025-10-10,Poor Quality,109.28
8041,64389,2024-07-11,Size Issue,100.73
8042,64390,2025-05-30,Customer Changed Mind,138.09
8043,64391,2025-06-02,Late Delivery,94.56
8044,64400,2025-06-29,Poor Quality,193.65
8045,64403,2025-11-30,Customer Changed Mind,395.34
8046,64408,2025-06-03,Customer Changed Mind,29.52
8047,64411,2024-05-30,Poor Quality,647.36
8048,64412,2025-07-01,Late Delivery,538.0
8049,64433,2025-03-17,Wrong Item,489.49
8050,64434,2025-11-30,Wrong Item,182.45
8051,64448,2025-07-09,Damaged,123.16
8052,64451,2024-05-12,Poor Quality,86.87
8053,64454,2025-04-22,Poor Quality,118.59
8054,64459,2023-12-16,Poor Quality,655.11
8055,64470,2026-01-02,Late Delivery,156.47
8056,64486,2024-11-05,Late Delivery,361.65
8057,64499,2025-05-12,Poor Quality,324.63
8058,64513,2024-11-24,Size Issue,78.79
8059,64524,2025-03-23,Wrong Item,453.71
8060,64546,2025-06-23,Size Issue,394.77
8061,64557,2025-06-07,Wrong Item,301.38
8062,64563,2023-10-29,Wrong Item,1020.84
8063,64569,2024-08-28,customer changed mind,464.94
8064,64573,2023-10-18,Size Issue,232.14
8065,64578,2025-07-13,Poor Quality,406.12
8066,64580,2025-09-11,Late Delivery,170.62
8067,64604,2024-09-30,Damaged,126.94
8068,64617,2025-08-13,Size Issue,18.67
8069,64618,2025-10-09,Late Delivery,605.28
8070,64619,2026-01-27,Damaged,664.61
8071,64627,2025-12-05,Damaged,406.83
8072,64650,2025-11-06,Damaged,55.66
8073,64666,2024-07-23,Wrong Item,281.78
8074,64691,2025-10-12,Late Delivery,510.21
8075,64700,2024-08-22,damaged,157.76
8076,64706,2025-09-26,Size Issue,122.06
8077,64718,2025-04-11,Damaged,37.08
8078,64724,2025-08-18,Late Delivery,91.98
8079,64727,2025-10-24,Damaged,371.15
8080,64748,2024-02-08,poor quality,458.93
8081,64749,2024-08-18,Damaged,490.12
8082,64754,2024-05-25,Poor Quality,32.0
8083,64760,2025-05-18,Damaged,223.05
8084,64762,2025-11-08,Size Issue,393.33
8085,64780,2025-01-17,Size Issue,272.78
8086,64794,2025-03-23,Size Issue,499.79
8087,64820,2026-01-22,Damaged,493.77
8088,64821,2025-09-20,Poor Quality,62.5
8089,64823,2025-04-03,Wrong Item,131.23
8090,64824,2025-05-15,Late Delivery,45.74
8091,64835,2024-10-30,Size Issue,48.81
8092,64839,2024-06-24,Late Delivery,145.1
8093,64843,2025-06-20,Damaged,300.1
8094,64846,2024-03-08,Poor Quality,199.62
8095,64847,2026-01-08,Late Delivery,32.49
8096,64852,2024-10-01,Wrong Item,644.12
8097,64862,2025-12-13,Poor Quality,373.1
8098,64882,2025-08-08,Poor Quality,695.01
8099,64890,2025-10-25,Customer Changed Mind,492.64
8100,64910,2024-06-15,Size Issue,129.53
8101,64911,2025-11-13,Wrong Item,210.91
8102,64913,2025-05-25,Wrong Item,306.26
8103,64915,2025-05-08,Customer Changed Mind,241.03
8104,64918,2023-12-31,Poor Quality,590.18
8105,64920,2025-07-10,Size Issue,254.27
8106,64921,2023-09-19,Poor Quality,82.16
8107,64926,2024-12-06,Wrong Item,108.84
8108,64927,2026-01-09,Damaged,203.91
8109,64943,2025-10-04,Customer Changed Mind,27.71
8110,64945,2024-01-26,Damaged,78.1
8111,64949,2024-07-19,Damaged,54.41
8112,64966,2024-07-16,Customer Changed Mind,44.32
8113,64979,2024-12-29,Size Issue,53.42
8114,64996,2024-09-14,Customer Changed Mind,43.8
8115,65008,2025-03-16,Damaged,101.08
8116,65012,2025-08-06,Late Delivery,99.94
8117,65015,2025-03-26,Size Issue,38.67
8118,65029,2025-07-12,Size Issue,130.72
8119,65032,2025-12-20,Poor Quality,752.62
8120,65046,2025-11-27,Late Delivery,346.53
8121,65049,2025-11-17,Customer Changed Mind,18.19
8122,65058,2025-12-05,Damaged,134.88
8123,65063,2025-03-28,Late Delivery,76.68
8124,65068,2025-08-09,Poor Quality,200.47
8125,65076,2025-08-29,Size Issue,509.18
8126,65078,2023-12-04,Late Delivery,58.28
8127,65085,2025-12-08,Damaged,243.98
8128,65087,2026-01-05,Damaged,281.19
8129,65092,2025-03-02,Damaged,255.36
8130,65096,2026-01-14,Poor Quality,37.54
8131,65097,2025-06-15,Customer Changed Mind,186.84
8132,65103,2025-06-13,Size Issue,153.35
8133,65125,2025-10-10,Size Issue,217.95
8134,65132,2025-11-27,Customer Changed Mind,385.91
8135,65146,2024-07-21,Customer Changed Mind,105.25
8136,65153,2025-08-20,Size Issue,273.69
8137,65161,2026-01-07,Late Delivery,31.68
8138,65171,2025-01-06,Size Issue,117.13
8139,65172,2025-12-26,Damaged,518.59
8140,65176,2026-01-27,Customer Changed Mind,125.66
8141,65182,2025-01-19,Damaged,667.06
8142,65198,2024-11-06,Poor Quality,357.79
8143,65207,2025-05-30,Poor Quality,183.7
8144,65218,2025-10-03,Damaged,355.35
8145,65245,2025-10-24,Late Delivery,586.89
8146,65248,2024-12-02,Damaged,72.07
8147,65252,2025-06-20,Customer Changed Mind,285.77
8148,65257,2025-02-08,Damaged,33.07
8149,65259,2025-11-23,Size Issue,13.69
8150,65263,2024-12-22,Late Delivery,106.08
8151,65266,2024-04-30,Size Issue,344.35
8152,65278,2025-02-18,Poor Quality,410.17
8153,65299,2024-02-01,Wrong Item,840.46
8154,65313,2024-10-16,Poor Quality,86.53
8155,65314,2025-04-14,Wrong Item,197.16
8156,65315,2025-04-06,Size Issue,519.01
8157,65322,2024-08-03,Wrong Item,42.07
8158,65328,2025-02-02,Size Issue,143.65
8159,65349,2025-06-08,wrong item,69.24
8160,65356,2025-05-18,Damaged,114.96
8161,65366,2025-12-01,Damaged,112.6
8162,65376,2025-08-20,Size Issue,657.06
8163,65384,2025-03-18,Customer Changed Mind,46.19
8164,65390,2026-01-06,Size Issue,51.8
8165,65398,2025-06-08,Customer Changed Mind,92.35
8166,65405,2025-06-29,poor quality,442.01
8167,65412,2025-03-10,Poor Quality,86.45
8168,65413,2024-12-06,Late Delivery,35.13
8169,65422,2024-03-26,Poor Quality,168.51
8170,65432,2026-01-11,Damaged,26.0
8171,65437,2024-02-14,Poor Quality,254.61
8172,65442,2025-03-01,Size Issue,21.44
8173,65443,2026-01-23,Wrong Item,309.74
8174,65446,2024-08-29,Late Delivery,329.55
8175,65450,2026-01-03,Poor Quality,58.08
8176,65451,2024-08-23,Customer Changed Mind,124.42
8177,65455,2026-01-18,Size Issue,139.58
8178,65460,2024-04-12,Wrong Item,257.82
8179,65463,2024-11-25,Damaged,43.96
8180,65471,2025-02-01,Damaged,235.85
8181,65544,2025-03-07,Late Delivery,116.21
8182,65554,2024-03-06,Poor Quality,348.61
8183,65557,2025-12-16,Wrong Item,248.83
8184,65561,2025-05-03,Late Delivery,310.89
8185,65566,2025-11-23,Customer Changed Mind,324.67
8186,65569,2025-10-29,Late Delivery,682.12
8187,65576,2025-06-27,Size Issue,120.37
8188,65582,2025-12-18,Size Issue,122.33
8189,65599,2026-01-03,Late Delivery,437.29
8190,65604,2024-08-12,Customer Changed Mind,297.38
8191,65654,2025-11-26,Damaged,100.06
8192,65656,2025-10-02,Wrong Item,53.9
8193,65657,2025-03-06,Damaged,15.5
8194,65661,2025-12-03,Size Issue,123.74
8195,65667,2024-04-21,Wrong Item,122.06
8196,65682,2026-01-13,Damaged,433.33
8197,65694,2025-06-02,Customer Changed Mind,141.51
8198,65699,2024-12-17,Late Delivery,308.87
8199,65703,2025-12-02,Wrong Item,661.0
8200,65705,2026-01-12,Damaged,39.32
8201,65732,2024-06-08,Wrong Item,92.31
8202,65733,2025-07-01,Customer Changed Mind,162.58
8203,65737,2025-08-01,Size Issue,16.07
8204,65740,2023-09-23,Size Issue,219.83
8205,65751,2026-01-04,Late Delivery,38.1
8206,65754,2024-11-14,Poor Quality,155.41
8207,65759,2026-01-05,Customer Changed Mind,76.14
8208,65761,2024-04-28,Size Issue,299.14
8209,65768,2025-05-04,Damaged,109.71
8210,65769,2025-06-11,Poor Quality,121.21
8211,65770,2025-10-27,Damaged,193.7
8212,65771,2025-06-28,Wrong Item,55.64
8213,65781,2023-12-16,Size Issue,125.25
8214,65783,2025-08-23,Size Issue,435.53
8215,65794,2024-07-18,Customer Changed Mind,91.84
8216,65850,2024-04-30,Wrong Item,108.26
8217,65853,2026-01-07,Wrong Item,538.57
8218,65856,2023-08-21,Poor Quality,226.24
8219,65868,2025-11-10,Damaged,26.65
8220,65872,2025-03-09,Poor Quality,341.33
8221,65882,2024-01-14,Size Issue,47.26
8222,65887,2024-05-08,Size Issue,524.96
8223,65895,2024-12-23,Damaged,241.6
8224,65898,2024-08-28,Size Issue,74.86
8225,65903,2024-04-14,Size Issue,230.89
8226,65911,2024-04-03,Customer Changed Mind,591.01
8227,65925,2025-09-11,Wrong Item,85.94
8228,65926,2026-01-07,Size Issue,78.06
8229,65929,2025-06-26,wrong item,179.65
8230,65941,2025-09-10,Wrong Item,495.58
8231,65963,2026-01-16,Poor Quality,209.9
8232,65966,2025-05-09,Customer Changed Mind,83.47
8233,65977,2025-03-14,Customer Changed Mind,1381.13
8234,65981,2025-01-27,Damaged,344.05
8235,65997,2026-01-18,Damaged,263.56
8236,65999,2026-01-20,Poor Quality,174.92
8237,66002,2025-01-28,Size Issue,26.31
8238,66005,2026-01-28,Size Issue,222.22
8239,66013,2025-04-09,Customer Changed Mind,28.66
8240,66026,2025-07-26,Wrong Item,107.15
8241,66030,2024-03-03,Damaged,432.81
8242,66031,2026-01-14,Wrong Item,64.96
8243,66048,2023-11-13,Poor Quality,327.77
8244,66051,2025-09-13,Size Issue,384.94
8245,66055,2025-08-06,Wrong Item,154.3
8246,66068,2025-09-06,Wrong Item,115.64
8247,66081,2025-05-21,Poor Quality,689.12
8248,66082,2023-12-25,Customer Changed Mind,54.56
8249,66091,2025-09-22,Size Issue,18.25
8250,66117,2025-06-05,Damaged,634.6
8251,66127,2025-12-15,Damaged,56.2
8252,66129,2023-10-19,Late Delivery,117.65
8253,66132,2025-12-22,Size Issue,305.16
8254,66134,2025-04-18,Wrong Item,553.39
8255,66141,2025-06-07,Wrong Item,34.72
8256,66171,2025-12-10,Wrong Item,59.1
8257,66176,2024-08-27,Size Issue,473.06
8258,66177,2024-11-15,Customer Changed Mind,152.48
8259,66179,2025-06-30,Damaged,186.91
8260,66191,2025-02-24,Size Issue,61.36
8261,66209,2025-01-15,Size Issue,140.92
8262,66212,2025-08-07,Customer Changed Mind,118.23
8263,66214,2024-05-06,Late Delivery,428.96
8264,66217,2024-10-13,Poor Quality,15.61
8265,66221,2025-10-28,Size Issue,116.62
8266,66231,2025-03-22,Wrong Item,156.58
8267,66232,2025-05-14,Size Issue,817.2
8268,66238,2025-04-21,Size Issue,913.75
8269,66239,2024-11-01,Late Delivery,396.45
8270,66241,2026-01-24,Customer Changed Mind,486.54
8271,66246,2026-01-07,Size Issue,755.64
8272,66268,2024-12-27,Wrong Item,330.39
8273,66269,2024-11-11,Poor Quality,96.23
8274,66279,2025-12-28,Size Issue,10.36
8275,66293,2025-03-08,Size Issue,98.14
8276,66299,2025-03-28,Wrong Item,417.95
8277,66301,2025-12-06,Customer Changed Mind,316.39
8278,66303,2024-12-13,Late Delivery,447.42
8279,66304,2025-04-24,Size Issue,152.06
8280,66305,2024-10-17,Poor Quality,490.97
8281,66314,2024-11-06,Wrong Item,589.74
8282,66319,2025-06-21,Damaged,460.08
8283,66342,2025-05-19,Wrong Item,468.24
8284,66355,2025-09-14,Size Issue,317.11
8285,66358,2025-01-03,Damaged,232.41
8286,66359,2025-05-23,Size Issue,140.16
8287,66360,2024-09-20,Size Issue,17.21
8288,66372,2025-09-03,Wrong Item,91.73
8289,66380,2024-05-16,Late Delivery,36.24
8290,66382,2025-12-19,Customer Changed Mind,110.22
8291,66395,2025-04-22,Late Delivery,581.87
8292,66397,2024-02-06,Damaged,181.17
8293,66400,2025-12-17,Late Delivery,291.26
8294,66414,2025-06-18,Late Delivery,294.09
8295,66422,2025-04-26,Customer Changed Mind,163.36
8296,66427,2024-02-11,Customer Changed Mind,148.97
8297,66433,2025-04-14,Customer Changed Mind,29.93
8298,66436,2024-07-15,Customer Changed Mind,124.29
8299,66444,2026-01-17,Damaged,426.95
8300,66446,2025-01-17,Poor Quality,46.18
8301,66457,2025-03-30,Late Delivery,490.91
8302,66507,2024-11-21,Damaged,39.93
8303,66509,2025-02-14,Customer Changed Mind,97.69
8304,66512,2026-01-27,Size Issue,606.98
8305,66518,2024-11-04,Customer Changed Mind,265.86
8306,66520,2025-10-27,Size Issue,104.98
8307,66554,2025-02-25,Customer Changed Mind,55.46
8308,66558,2026-01-15,Late Delivery,214.63
8309,66560,2025-07-03,Size Issue,25.48
8310,66568,2023-11-27,Size Issue,33.29
8311,66573,2023-11-22,Size Issue,417.4
8312,66577,2025-11-25,Wrong Item,565.67
8313,66583,2024-03-07,Poor Quality,656.59
8314,66586,2025-11-02,Late Delivery,50.88
8315,66593,2026-01-03,Customer Changed Mind,119.3
8316,66606,2025-06-11,Damaged,473.97
8317,66609,2025-07-11,Customer Changed Mind,196.62
8318,66611,2024-08-01,Poor Quality,258.07
8319,66615,2025-11-28,Late Delivery,329.47
8320,66619,2023-11-29,Customer Changed Mind,197.8
8321,66620,2025-09-06,Wrong Item,253.32
8322,66622,2025-11-07,Wrong Item,369.14
8323,66631,2025-01-04,Poor Quality,141.19
8324,66638,2025-10-10,Wrong Item,100.79
8325,66639,2026-01-23,Wrong Item,49.46
8326,66642,2025-08-16,Damaged,148.51
8327,66651,2025-05-13,Damaged,456.0
8328,66653,2025-05-28,Wrong Item,71.73
8329,66660,2025-05-05,Size Issue,528.41
8330,66661,2024-05-16,Size Issue,76.77
8331,66678,2026-01-17,Wrong Item,66.77
8332,66684,2024-03-31,Size Issue,207.76
8333,66693,2025-06-28,Size Issue,197.99
8334,66698,2025-11-29,Late Delivery,21.16
8335,66702,2025-11-25,Damaged,41.9
8336,66708,2025-11-01,Size Issue,518.26
8337,66710,2024-02-08,Damaged,76.76
8338,66712,2025-01-24,Size Issue,575.12
8339,66721,2025-12-31,Size Issue,57.91
8340,66726,2025-08-16,Damaged,125.5
8341,66727,2024-08-04,Size Issue,167.12
8342,66735,2024-09-11,Customer Changed Mind,373.55
8343,66736,2024-04-14,Poor Quality,70.15
8344,66738,2025-06-04,Size Issue,31.16
8345,66742,2025-02-05,Damaged,28.22
8346,66751,2024-02-14,Size Issue,108.71
8347,66756,2026-01-19,Late Delivery,126.69
8348,66769,2024-09-12,Customer Changed Mind,298.81
8349,66772,2024-12-20,Wrong Item,234.94
8350,66779,2024-12-29,Late Delivery,531.01
8351,66793,2025-03-03,Late Delivery,166.61
8352,66798,2024-09-06,Poor Quality,493.58
8353,66802,2024-12-19,Size Issue,112.91
8354,66810,2024-05-20,Size Issue,305.76
8355,66811,2023-11-07,Late Delivery,29.9
8356,66813,2025-10-19,Size Issue,176.96
8357,66824,2025-10-13,Damaged,305.18
8358,66827,2024-06-07,Late Delivery,98.79
8359,66833,2025-08-08,Damaged,31.14
8360,66837,2024-12-15,Customer Changed Mind,45.47
8361,66838,2025-12-05,Wrong Item,75.49
8362,66853,2024-07-07,Poor Quality,97.58
8363,66860,2025-08-29,Late Delivery,148.98
8364,66873,2025-08-22,Poor Quality,190.91
8365,66878,2025-02-03,Customer Changed Mind,211.66
8366,66882,2024-05-21,Size Issue,446.57
8367,66886,2026-01-03,Late Delivery,108.68
8368,66904,2025-05-15,Damaged,677.34
8369,66915,2025-06-16,Damaged,108.18
8370,66956,2025-12-17,Damaged,89.59
8371,66962,2025-08-07,Size Issue,10.92
8372,66967,2025-05-23,Poor Quality,202.38
8373,66975,2024-10-02,Customer Changed Mind,72.68
8374,66981,2025-01-01,Customer Changed Mind,54.99
8375,66990,2025-03-11,Size Issue,19.23
8376,66991,2025-12-18,Customer Changed Mind,254.07
8377,66993,2025-12-05,Poor Quality,1097.39
8378,67017,2024-09-09,Poor Quality,36.56
8379,67033,2024-07-13,Poor Quality,149.46
8380,67034,2025-05-16,Size Issue,486.62
8381,67050,2024-10-25,Customer Changed Mind,452.11
8382,67052,2024-08-01,Wrong Item,22.09
8383,67055,2025-10-01,Size Issue,548.24
8384,67056,2024-07-26,Customer Changed Mind,24.88
8385,67058,2024-08-29,Late Delivery,317.81
8386,67078,2023-11-04,Poor Quality,82.14
8387,67079,2026-01-08,Size Issue,258.07
8388,67080,2025-09-28,Poor Quality,175.9
8389,67081,2025-10-17,Poor Quality,473.77
8390,67085,2024-03-05,Size Issue,637.34
8391,67087,2024-05-28,Wrong Item,110.96
8392,67090,2024-03-06,Damaged,330.36
8393,67095,2025-04-08,Wrong Item,61.0
8394,67116,2024-03-17,Customer Changed Mind,91.53
8395,67117,2025-06-17,Poor Quality,311.84
8396,67118,2025-11-05,Size Issue,11.04
8397,67126,2024-08-18,Late Delivery,214.98
8398,67139,2025-10-28,Wrong Item,131.35
8399,67141,2024-08-28,Damaged,566.92
8400,67147,2025-08-10,Size Issue,427.3
8401,67151,2025-12-20,Size Issue,78.36
8402,67153,2024-07-02,Poor Quality,235.94
8403,67155,2023-12-25,Damaged,812.62
8404,67161,2025-03-16,Wrong Item,288.68
8405,67164,2025-12-03,Size Issue,109.12
8406,67169,2024-10-09,Wrong Item,71.31
8407,67181,2025-04-10,Wrong Item,158.09
8408,67185,2023-10-20,Size Issue,54.97
8409,67186,2025-01-07,Damaged,462.9
8410,67187,2024-03-15,Damaged,61.57
8411,67193,2025-01-03,Customer Changed Mind,204.22
8412,67196,2024-06-29,Poor Quality,300.21
8413,67201,2025-04-13,Late Delivery,37.25
8414,67225,2025-04-27,Wrong Item,314.23
8415,67226,2024-12-26,Size Issue,908.64
8416,67227,2026-01-23,Poor Quality,142.2
8417,67239,2024-12-19,Wrong Item,152.12
8418,67240,2024-03-28,Wrong Item,349.31
8419,67252,2023-04-09,Wrong Item,117.53
8420,67256,2025-10-07,Wrong Item,141.99
8421,67265,2025-12-24,Damaged,75.44
8422,67273,2026-01-02,Damaged,95.54
8423,67293,2025-12-05,Poor Quality,188.3
8424,67294,2025-12-16,Late Delivery,326.83
8425,67297,2025-10-12,Late Delivery,92.12
8426,67305,2025-03-31,Poor Quality,39.86
8427,67308,2025-01-08,Poor Quality,232.1
8428,67317,2024-09-25,Late Delivery,177.59
8429,67331,2024-03-31,Damaged,317.96
8430,67343,2025-10-11,Size Issue,297.75
8431,67347,2025-12-24,Size Issue,187.01
8432,67353,2026-01-07,Wrong Item,66.03
8433,67356,2025-08-21,Size Issue,153.76
8434,67360,2025-12-19,Poor Quality,40.7
8435,67363,2025-06-06,Poor Quality,458.38
8436,67383,2023-09-03,Customer Changed Mind,13.23
8437,67386,2024-12-06,Customer Changed Mind,199.88
8438,67391,2025-04-29,Wrong Item,131.68
8439,67395,2025-09-27,Poor Quality,14.67
8440,67405,2025-02-27,Customer Changed Mind,409.44
8441,67414,2024-11-20,Late Delivery,334.8
8442,67416,2026-01-09,Size Issue,164.78
8443,67426,2025-02-11,Size Issue,237.2
8444,67429,2025-05-18,Poor Quality,372.35
8445,67430,2024-11-30,Damaged,124.71
8446,67436,2025-02-23,Size Issue,89.85
8447,67444,2025-08-16,Poor Quality,270.01
8448,67447,2026-01-05,Size Issue,164.51
8449,67459,2024-06-23,Poor Quality,263.07
8450,67466,2024-10-07,Size Issue,188.83
8451,67480,2025-08-21,Wrong Item,278.73
8452,67508,2025-07-29,Damaged,224.48
8453,67516,2025-12-18,Damaged,161.43
8454,67559,2025-07-05,Poor Quality,149.17
8455,67564,2023-04-05,Late Delivery,199.25
8456,67573,2025-12-05,Size Issue,45.76
8457,67574,2024-07-09,Damaged,13.8
8458,67575,2024-01-20,Size Issue,67.41
8459,67587,2025-07-02,Customer Changed Mind,119.28
8460,67591,2024-11-15,Damaged,231.55
8461,67601,2024-08-30,Size Issue,301.43
8462,67612,2025-11-27,Wrong Item,272.52
8463,67616,2026-01-22,Customer Changed Mind,60.06
8464,67636,2026-01-02,Size Issue,50.47
8465,67638,2025-06-04,Customer Changed Mind,40.8
8466,67639,2025-11-30,Wrong Item,223.21
8467,67643,2025-12-25,Wrong Item,57.44
8468,67656,2025-12-13,Customer Changed Mind,43.67
8469,67663,2024-02-23,Damaged,202.2
8470,67669,2025-02-02,Wrong Item,316.34
8471,67671,2025-01-26,Size Issue,45.71
8472,67678,2025-10-09,Wrong Item,286.11
8473,67697,2024-03-13,Wrong Item,205.16
8474,67705,2025-12-16,Damaged,129.78
8475,67715,2025-09-19,Customer Changed Mind,170.31
8476,67724,2024-06-20,Wrong Item,74.62
8477,67727,2025-12-29,Customer Changed Mind,108.61
8478,67736,2023-10-10,Size Issue,44.67
8479,67737,2025-08-04,Damaged,326.21
8480,67738,2025-09-30,Wrong Item,111.43
8481,67740,2024-02-02,Poor Quality,478.95
8482,67747,2025-12-10,Late Delivery,389.62
8483,67756,2025-10-25,Size Issue,289.07
8484,67767,2025-09-10,Size Issue,206.28
8485,67771,2025-04-20,Late Delivery,131.86
8486,67776,2025-08-25,late delivery,205.76
8487,67778,2024-01-20,Size Issue,48.01
8488,67798,2023-09-27,Wrong Item,244.95
8489,67805,2023-06-05,Damaged,195.42
8490,67808,2024-02-24,Damaged,358.23
8491,67826,2023-04-10,Customer Changed Mind,43.15
8492,67844,2025-04-15,Poor Quality,111.09
8493,67845,2024-06-18,Damaged,269.64
8494,67846,2026-01-10,Customer Changed Mind,110.24
8495,67848,2026-01-22,Late Delivery,662.18
8496,67853,2025-09-01,Size Issue,311.49
8497,67872,2023-06-29,Late Delivery,944.23
8498,67874,2025-07-30,Wrong Item,42.3
8499,67895,2024-08-18,Wrong Item,260.57
8500,67899,2025-09-21,Poor Quality,342.24
8501,67906,2023-11-17,Late Delivery,172.97
8502,67911,2025-04-28,Damaged,118.64
8503,67917,2025-09-05,Damaged,1011.94
8504,67919,2025-01-08,Damaged,135.16
8505,67937,2026-01-11,Size Issue,97.02
8506,67944,2025-03-17,Size Issue,174.91
8507,67958,2024-10-28,Size Issue,235.6
8508,67960,2025-11-21,Wrong Item,53.4
8509,67966,2025-04-03,Late Delivery,67.5
8510,67967,2025-05-29,Poor Quality,87.45
8511,67975,2025-01-16,Wrong Item,368.24
8512,68016,2025-09-07,Customer Changed Mind,300.77
8513,68019,2025-05-22,Size Issue,91.35
8514,68030,2024-12-28,Late Delivery,305.3
8515,68037,2025-12-11,Late Delivery,493.07
8516,68042,2025-12-18,Poor Quality,345.87
8517,68044,2025-11-15,Wrong Item,79.94
8518,68047,2025-01-16,Poor Quality,67.2
8519,68049,2024-10-30,Damaged,363.98
8520,68055,2025-02-19,Size Issue,74.31
8521,68059,2025-10-12,Damaged,32.99
8522,68061,2025-11-27,Size Issue,141.46
8523,68079,2025-12-27,Wrong Item,373.69
8524,68084,2025-01-03,Poor Quality,133.69
8525,68090,2025-11-03,Damaged,463.66
8526,68091,2026-01-23,Customer Changed Mind,35.58
8527,68093,2023-06-27,Wrong Item,581.47
8528,68102,2025-10-23,Size Issue,497.07
8529,68115,2025-06-14,Size Issue,303.7
8530,68118,2025-12-17,Late Delivery,369.02
8531,68121,2025-02-21,Damaged,164.81
8532,68157,2025-03-30,Damaged,46.9
8533,68167,2026-01-27,Size Issue,30.21
8534,68169,2025-07-14,Late Delivery,287.32
8535,68170,2025-10-25,Customer Changed Mind,92.07
8536,68171,2024-06-30,Customer Changed Mind,144.92
8537,68173,2025-08-12,Late Delivery,310.18
8538,68175,2025-07-13,Size Issue,155.68
8539,68191,2026-01-05,Poor Quality,149.23
8540,68210,2026-01-08,Customer Changed Mind,129.69
8541,68220,2024-10-04,Wrong Item,235.47
8542,68226,2025-10-28,Wrong Item,65.74
8543,68247,2023-04-07,Customer Changed Mind,208.38
8544,68263,2025-11-13,Customer Changed Mind,153.42
8545,68273,2024-02-27,Damaged,187.14
8546,68291,2024-05-20,Damaged,314.61
8547,68293,2026-01-11,Size Issue,184.01
8548,68302,2025-04-02,Size Issue,253.19
8549,68307,2025-08-08,Size Issue,103.08
8550,68313,2026-01-04,Late Delivery,441.35
8551,68314,2025-10-25,Late Delivery,243.37
8552,68321,2025-07-25,Customer Changed Mind,179.43
8553,68323,2024-10-12,Size Issue,211.61
8554,68333,2026-01-29,Poor Quality,23.91
8555,68338,2025-06-19,Size Issue,1003.86
8556,68344,2023-03-21,Damaged,175.23
8557,68349,2024-03-20,Damaged,173.72
8558,68357,2024-12-30,Wrong Item,63.01
8559,68359,2025-12-14,Late Delivery,183.43
8560,68361,2025-03-27,Size Issue,304.23
8561,68371,2024-03-02,Size Issue,18.89
8562,68373,2025-10-12,Poor Quality,413.72
8563,68392,2025-02-22,Poor Quality,40.71
8564,68410,2024-01-10,Customer Changed Mind,296.75
8565,68415,2024-12-28,Late Delivery,362.87
8566,68434,2025-05-24,Damaged,511.7
8567,68439,2026-01-17,Poor Quality,171.53
8568,68447,2025-11-18,Wrong Item,79.28
8569,68451,2025-02-13,Wrong Item,36.53
8570,68501,2024-07-16,Wrong Item,19.23
8571,68529,2025-02-26,Wrong Item,186.54
8572,68565,2024-11-13,Poor Quality,226.21
8573,68569,2025-12-08,Damaged,563.91
8574,68578,2026-01-06,Wrong Item,46.9
8575,68584,2025-03-09,Poor Quality,401.57
8576,68589,2025-02-19,Damaged,129.35
8577,68596,2026-01-17,Size Issue,146.6
8578,68600,2025-09-29,Customer Changed Mind,96.95
8579,68612,2025-12-12,Customer Changed Mind,73.87
8580,68623,2025-06-18,Poor Quality,458.18
8581,68624,2025-12-08,Size Issue,554.54
8582,68629,2025-08-15,Wrong Item,60.35
8583,68639,2024-11-20,Late Delivery,286.87
8584,68655,2025-05-28,Poor Quality,81.37
8585,68671,2025-08-09,Customer Changed Mind,712.22
8586,68673,2025-06-05,Size Issue,80.62
8587,68693,2024-07-08,Late Delivery,173.55
8588,68697,2025-10-27,Poor Quality,46.37
8589,68711,2025-11-15,Damaged,651.79
8590,68716,2025-02-12,Wrong Item,290.63
8591,68732,2025-04-25,Customer Changed Mind,498.18
8592,68735,2025-02-18,Wrong Item,237.58
8593,68739,2023-10-22,Damaged,227.3
8594,68744,2025-07-10,Wrong Item,393.67
8595,68749,2026-01-23,Poor Quality,18.37
8596,68756,2025-06-26,Customer Changed Mind,632.22
8597,68757,2024-11-11,Late Delivery,109.27
8598,68758,2024-02-11,Wrong Item,62.45
8599,68760,2025-11-08,Customer Changed Mind,23.01
8600,68761,2025-05-02,Size Issue,321.9
8601,68763,2025-07-23,Late Delivery,166.59
8602,68771,2025-02-20,Late Delivery,260.37
8603,68778,2024-09-11,Poor Quality,26.26
8604,68782,2026-01-23,Customer Changed Mind,113.74
8605,68785,2026-01-06,Customer Changed Mind,551.62
8606,68792,2025-07-04,Customer Changed Mind,372.8
8607,68801,2024-08-12,Poor Quality,129.17
8608,68807,2025-07-04,Customer Changed Mind,118.99
8609,68816,2025-11-19,Damaged,492.74
8610,68840,2025-12-16,Damaged,459.1
8611,68855,2025-12-05,size issue,215.83
8612,68876,2025-11-11,Wrong Item,138.4
8613,68892,2024-10-23,Late Delivery,146.3
8614,68898,2025-12-29,Customer Changed Mind,205.86
8615,68910,2025-10-17,Wrong Item,560.44
8616,68912,2026-01-23,Size Issue,40.03
8617,68926,2024-02-23,Size Issue,42.76
8618,68927,2024-12-26,Customer Changed Mind,67.94
8619,68929,2025-03-04,Damaged,409.19
8620,68931,2025-01-23,Damaged,295.43
8621,68934,2025-01-21,Late Delivery,408.22
8622,68965,2025-07-10,Wrong Item,30.59
8623,68972,2026-01-15,Damaged,277.4
8624,68976,2023-11-02,Customer Changed Mind,81.44
8625,68997,2025-08-24,Damaged,186.3
8626,69010,2024-02-08,Customer Changed Mind,8.97
8627,69040,2024-06-17,Damaged,411.59
8628,69044,2025-10-25,Customer Changed Mind,79.28
8629,69047,2024-11-29,Poor Quality,492.02
8630,69055,2024-10-18,Wrong Item,31.75
8631,69059,2024-10-18,Size Issue,37.23
8632,69083,2025-12-14,Size Issue,103.29
8633,69086,2025-05-07,Wrong Item,163.59
8634,69093,2024-12-14,Customer Changed Mind,489.04
8635,69098,2024-07-16,Late Delivery,68.79
8636,69106,2024-11-26,Damaged,249.61
8637,69116,2025-08-08,Late Delivery,62.09
8638,69118,2025-05-21,Customer Changed Mind,63.19
8639,69127,2025-06-26,Customer Changed Mind,95.93
8640,69147,2024-07-16,Wrong Item,30.17
8641,69152,2025-04-18,Customer Changed Mind,48.7
8642,69158,2025-08-10,Poor Quality,179.86
8643,69164,2026-01-15,Wrong Item,447.95
8644,69168,2025-08-31,Wrong Item,87.04
8645,69173,2025-05-12,Poor Quality,236.25
8646,69185,2025-09-03,customer changed mind,10.24
8647,69194,2025-12-03,Poor Quality,152.01
8648,69198,2024-07-12,Customer Changed Mind,147.86
8649,69199,2024-11-17,Damaged,154.69
8650,69220,2025-12-08,Late Delivery,331.66
8651,69226,2025-03-24,Damaged,234.28
8652,69230,2024-06-03,Size Issue,452.44
8653,69237,2024-12-08,Customer Changed Mind,141.67
8654,69246,2024-11-17,Size Issue,72.3
8655,69247,2026-01-04,Customer Changed Mind,121.19
8656,69298,2025-12-28,Poor Quality,508.55
8657,69300,2024-05-26,Damaged,229.58
8658,69304,2025-08-03,Customer Changed Mind,197.03
8659,69310,2025-10-04,Size Issue,143.58
8660,69314,2025-05-22,Damaged,192.11
8661,69329,2025-05-25,Wrong Item,268.08
8662,69330,2025-06-11,Damaged,203.45
8663,69337,2026-01-23,Late Delivery,64.05
8664,69352,2025-12-19,Customer Changed Mind,64.86
8665,69353,2023-10-30,Customer Changed Mind,90.9
8666,69367,2024-09-24,Late Delivery,500.38
8667,69384,2024-11-21,Damaged,171.57
8668,69388,2023-11-14,Size Issue,35.28
8669,69395,2025-01-21,Wrong Item,12.69
8670,69401,2025-05-24,Size Issue,108.55
8671,69414,2025-12-10,Size Issue,36.85
8672,69416,2025-12-01,Late Delivery,445.53
8673,69419,2026-01-27,Customer Changed Mind,18.36
8674,69422,2025-11-20,Size Issue,542.06
8675,69437,2024-04-01,Damaged,97.96
8676,69460,2025-07-14,Poor Quality,197.04
8677,69463,2026-01-25,Customer Changed Mind,836.57
8678,69468,2024-07-29,Size Issue,10.44
8679,69480,2025-08-28,Poor Quality,403.04
8680,69495,2025-01-15,Late Delivery,169.49
8681,69497,2025-07-12,Damaged,530.19
8682,69513,2025-08-22,Wrong Item,734.29
8683,69521,2025-06-19,Customer Changed Mind,82.16
8684,69527,2024-11-23,Customer Changed Mind,135.79
8685,69537,2024-12-05,Late Delivery,102.23
8686,69540,2023-05-21,Size Issue,33.58
8687,69545,2025-12-17,Poor Quality,530.44
8688,69554,2025-12-08,Wrong Item,134.79
8689,69566,2024-09-18,Customer Changed Mind,554.42
8690,69593,2023-05-10,Damaged,41.0
8691,69604,2025-04-17,Customer Changed Mind,24.62
8692,69605,2024-12-27,Damaged,274.03
8693,69613,2026-01-05,Size Issue,79.71
8694,69625,2025-02-27,Size Issue,122.12
8695,69643,2026-01-26,Customer Changed Mind,16.36
8696,69701,2025-08-13,Customer Changed Mind,21.09
8697,69710,2026-01-29,Wrong Item,347.45
8698,69713,2026-01-11,Customer Changed Mind,197.01
8699,69714,2025-11-18,Poor Quality,147.0
8700,69728,2025-02-24,Poor Quality,393.53
8701,69741,2026-01-06,Size Issue,172.29
8702,69744,2024-04-29,Size Issue,156.17
8703,69746,2025-05-13,Size Issue,224.48
8704,69754,2025-03-30,Customer Changed Mind,25.03
8705,69756,2024-06-22,Late Delivery,159.47
8706,69761,2025-10-14,Late Delivery,65.74
8707,69770,2024-11-21,Wrong Item,128.46
8708,69778,2025-10-16,Wrong Item,54.6
8709,69789,2025-08-10,Damaged,734.49
8710,69793,2025-02-09,Size Issue,172.49
8711,69794,2024-04-20,Wrong Item,143.32
8712,69796,2025-10-22,Wrong Item,359.18
8713,69806,2025-11-28,Size Issue,313.52
8714,69824,2025-02-02,Late Delivery,560.91
8715,69835,2024-01-20,Poor Quality,24.46
8716,69843,2025-02-10,Damaged,144.25
8717,69852,2025-04-18,Wrong Item,123.32
8718,69880,2025-04-02,Poor Quality,34.51
8719,69891,2024-01-30,Late Delivery,179.63
8720,69908,2024-04-03,Damaged,323.51
8721,69925,2024-07-08,Damaged,225.51
8722,69926,2026-01-09,Customer Changed Mind,303.22
8723,69940,2025-02-06,Late Delivery,138.3
8724,69943,2025-10-27,Damaged,610.16
8725,69949,2024-07-07,Size Issue,607.62
8726,69955,2024-08-15,Customer Changed Mind,19.79
8727,69959,2025-04-18,Size Issue,92.07
8728,69962,2025-10-15,Damaged,416.72
8729,69995,2025-12-26,Late Delivery,105.86
8730,70008,2024-08-07,Damaged,102.5
8731,70012,2023-11-28,Size Issue,69.13
8732,70020,2025-09-08,size issue,239.73
8733,70024,2025-10-09,Damaged,136.71
8734,70033,2025-11-06,Size Issue,137.17
8735,70039,2024-07-08,Customer Changed Mind,173.92
8736,70047,2026-01-02,Customer Changed Mind,169.78
8737,70053,2024-03-05,Size Issue,199.75
8738,70064,2023-04-25,Poor Quality,34.51
8739,70069,2023-03-09,Damaged,647.06
8740,70075,2023-11-07,Wrong Item,281.46
8741,70081,2025-04-20,Damaged,235.31
8742,70085,2025-03-12,Wrong Item,74.83
8743,70086,2024-11-20,size issue,101.68
8744,70087,2025-10-13,Customer Changed Mind,92.25
8745,70088,2025-11-19,Damaged,385.42
8746,70094,2025-05-05,Size Issue,69.48
8747,70097,2024-07-16,Late Delivery,27.63
8748,70098,2025-07-17,Wrong Item,371.63
8749,70107,2026-01-27,Wrong Item,32.37
8750,70118,2025-12-09,Size Issue,8.96
8751,70139,2023-12-28,Wrong Item,420.85
8752,70153,2025-12-05,Wrong Item,147.21
8753,70169,2025-06-17,Customer Changed Mind,118.05
8754,70170,2025-12-17,Late Delivery,465.49
8755,70173,2024-10-20,Size Issue,125.74
8756,70192,2024-06-28,Damaged,923.63
8757,70206,2026-01-13,Poor Quality,142.28
8758,70215,2023-11-12,Wrong Item,245.54
8759,70229,2024-06-04,Size Issue,93.13
8760,70237,2025-05-07,Customer Changed Mind,24.11
8761,70240,2025-07-03,Damaged,731.59
8762,70245,2026-01-09,Late Delivery,383.28
8763,70257,2025-12-12,Size Issue,460.52
8764,70262,2025-10-24,Late Delivery,15.67
8765,70268,2025-11-10,Customer Changed Mind,472.0
8766,70275,2024-03-31,Size Issue,781.04
8767,70305,2025-07-24,Size Issue,125.11
8768,70321,2024-01-04,Customer Changed Mind,231.84
8769,70330,2025-12-16,Damaged,327.04
8770,70338,2025-09-13,Poor Quality,76.14
8771,70342,2025-06-16,Size Issue,194.86
8772,70345,2025-10-23,Damaged,307.39
8773,70354,2024-02-03,Poor Quality,272.28
8774,70366,2024-12-14,Late Delivery,11.98
8775,70367,2024-10-08,Late Delivery,18.98
8776,70368,2025-06-08,Poor Quality,129.53
8777,70388,2025-11-04,Damaged,104.6
8778,70398,2025-06-19,Size Issue,44.16
8779,70404,2026-01-26,Customer Changed Mind,83.69
8780,70415,2025-11-12,Damaged,48.86
8781,70416,2025-10-30,Damaged,12.24
8782,70429,2025-11-26,Wrong Item,200.14
8783,70432,2024-12-17,Poor Quality,160.8
8784,70442,2024-06-29,Poor Quality,137.36
8785,70444,2025-04-11,Wrong Item,164.03
8786,70447,2025-01-07,Damaged,213.95
8787,70454,2025-08-02,Damaged,712.91
8788,70459,2025-05-18,Poor Quality,137.49
8789,70468,2024-02-07,Wrong Item,332.58
8790,70471,2025-04-22,Customer Changed Mind,175.29
8791,70478,2025-12-03,Size Issue,180.78
8792,70479,2025-01-13,Customer Changed Mind,119.45
8793,70480,2023-06-26,Size Issue,724.7
8794,70481,2024-10-29,damaged,216.06
8795,70490,2024-03-21,Poor Quality,104.03
8796,70497,2025-10-25,Customer Changed Mind,50.95
8797,70499,2024-11-07,Poor Quality,626.17
8798,70501,2025-10-30,Size Issue,104.53
8799,70513,2025-12-29,Size Issue,18.49
8800,70515,2025-01-17,Size Issue,12.9
8801,70522,2026-01-05,Late Delivery,81.74
8802,70529,2024-06-21,Late Delivery,54.17
8803,70532,2026-01-01,Poor Quality,101.85
8804,70538,2025-12-11,Late Delivery,100.96
8805,70546,2025-06-09,Damaged,52.23
8806,70553,2025-09-16,Size Issue,243.19
8807,70560,2026-01-19,Size Issue,295.58
8808,70564,2025-09-06,Poor Quality,933.92
8809,70577,2024-06-12,Damaged,65.61
8810,70578,2025-01-29,Damaged,99.94
8811,70598,2024-10-03,Damaged,77.09
8812,70611,2024-10-29,Poor Quality,279.12
8813,70620,2026-01-22,Damaged,212.8
8814,70632,2025-12-02,Wrong Item,104.94
8815,70687,2024-05-30,Late Delivery,274.59
8816,70699,2024-04-20,Customer Changed Mind,142.75
8817,70701,2025-09-16,Customer Changed Mind,343.62
8818,70718,2025-01-06,Damaged,148.03
8819,70724,2025-11-27,Damaged,99.45
8820,70739,2025-10-23,Damaged,476.91
8821,70745,2025-12-12,Customer Changed Mind,23.65
8822,70769,2024-06-21,Wrong Item,253.23
8823,70771,2025-12-14,Customer Changed Mind,262.9
8824,70790,2024-09-22,Late Delivery,173.06
8825,70811,2025-06-09,Size Issue,399.68
8826,70820,2024-02-24,Wrong Item,163.39
8827,70823,2025-05-06,Late Delivery,554.74
8828,70826,2025-07-20,Wrong Item,153.23
8829,70827,2024-07-17,Size Issue,386.43
8830,70829,2025-03-01,Size Issue,110.12
8831,70835,2025-11-12,Size Issue,84.39
8832,70844,2025-02-20,Poor Quality,126.08
8833,70846,2025-12-14,Late Delivery,148.18
8834,70849,2025-03-22,Size Issue,113.33
8835,70850,2023-08-15,Late Delivery,93.54
8836,70856,2025-11-26,Late Delivery,154.76
8837,70874,2024-06-28,Wrong Item,499.01
8838,70878,2025-11-08,Late Delivery,594.98
8839,70880,2025-09-11,Customer Changed Mind,102.79
8840,70885,2024-12-06,Wrong Item,66.23
8841,70886,2025-12-05,Late Delivery,57.14
8842,70893,2024-10-24,Size Issue,284.05
8843,70895,2024-03-11,Size Issue,266.05
8844,70905,2025-04-27,Poor Quality,197.76
8845,70917,2025-03-09,Size Issue,383.96
8846,70927,2025-12-06,Customer Changed Mind,39.96
8847,70935,2023-11-14,Size Issue,241.07
8848,70938,2025-12-10,Late Delivery,214.96
8849,70941,2025-07-21,Poor Quality,70.88
8850,70943,2025-07-13,Wrong Item,446.37
8851,70959,2025-12-28,Size Issue,32.02
8852,70965,2026-01-13,Size Issue,267.29
8853,70966,2025-11-11,Customer Changed Mind,388.33
8854,70985,2025-11-18,Size Issue,301.43
8855,70995,2025-01-11,Size Issue,162.51
8856,70996,2025-04-04,Customer Changed Mind,89.13
8857,71014,2024-12-08,Customer Changed Mind,120.64
8858,71016,2025-02-25,Wrong Item,154.79
8859,71025,2025-10-20,Customer Changed Mind,99.36
8860,71029,2025-05-04,Damaged,167.35
8861,71031,2025-07-30,Damaged,221.11
8862,71034,2025-02-05,Size Issue,38.96
8863,71043,2024-09-29,Damaged,341.84
8864,71046,2025-08-24,Damaged,95.57
8865,71059,2025-07-09,Customer Changed Mind,61.5
8866,71066,2024-06-22,Late Delivery,526.18
8867,71071,2023-06-21,Customer Changed Mind,362.41
8868,71079,2025-11-04,Size Issue,216.26
8869,71085,2024-07-31,Customer Changed Mind,37.26
8870,71091,2025-03-01,Size Issue,1066.6
8871,71092,2025-05-19,Late Delivery,279.4
8872,71100,2025-10-18,Size Issue,251.32
8873,71107,2025-02-04,Size Issue,343.48
8874,71121,2025-10-13,Late Delivery,105.34
8875,71123,2024-11-26,Customer Changed Mind,206.01
8876,71125,2025-07-30,Wrong Item,39.82
8877,71129,2025-07-18,Poor Quality,113.82
8878,71130,2025-03-25,Wrong Item,158.27
8879,71138,2024-03-25,Size Issue,45.34
8880,71145,2024-12-08,Size Issue,44.25
8881,71165,2024-07-09,Size Issue,33.9
8882,71172,2025-08-25,Size Issue,1097.05
8883,71198,2024-11-11,Size Issue,100.14
8884,71199,2025-10-15,Wrong Item,79.02
8885,71203,2024-05-18,Poor Quality,230.28
8886,71204,2024-07-22,Size Issue,79.27
8887,71209,2024-05-15,Size Issue,542.68
8888,71222,2025-10-27,Size Issue,116.23
8889,71224,2025-09-13,Damaged,104.87
8890,71228,2024-12-02,Size Issue,218.74
8891,71235,2023-12-05,Wrong Item,28.24
8892,71238,2023-07-09,Size Issue,339.53
8893,71239,2024-05-30,Damaged,413.14
8894,71254,2025-05-05,Size Issue,227.26
8895,71258,2025-10-20,Wrong Item,81.4
8896,71259,2025-02-23,Wrong Item,606.19
8897,71260,2026-01-16,Size Issue,30.51
8898,71263,2025-07-29,Size Issue,108.53
8899,71264,2025-09-13,Size Issue,541.6
8900,71278,2026-01-13,Damaged,136.62
8901,71290,2024-04-23,Wrong Item,172.06
8902,71292,2024-05-19,Customer Changed Mind,427.49
8903,71296,2025-04-10,Late Delivery,83.62
8904,71303,2023-10-11,Poor Quality,225.86
8905,71312,2025-05-30,Late Delivery,193.58
8906,71323,2025-11-09,Customer Changed Mind,17.86
8907,71329,2025-01-08,Damaged,84.66
8908,71335,2025-04-27,Damaged,75.21
8909,71337,2024-12-05,Size Issue,22.54
8910,71344,2025-11-17,Poor Quality,334.9
8911,71349,2024-06-24,Late Delivery,34.97
8912,71363,2024-11-29,Poor Quality,130.89
8913,71366,2025-09-25,Size Issue,349.62
8914,71370,2024-01-12,Size Issue,30.79
8915,71376,2025-10-02,Poor Quality,600.88
8916,71380,2025-01-31,Damaged,49.33
8917,71382,2024-12-23,Late Delivery,423.09
8918,71394,2025-09-15,Poor Quality,136.17
8919,71396,2025-05-05,Damaged,222.9
8920,71397,2025-01-04,Damaged,243.62
8921,71408,2025-12-19,Wrong Item,382.38
8922,71424,2024-09-22,Size Issue,448.06
8923,71431,2024-09-02,Size Issue,361.16
8924,71432,2025-12-25,Size Issue,10.81
8925,71435,2024-12-16,Poor Quality,150.93
8926,71441,2025-04-18,Customer Changed Mind,136.0
8927,71450,2024-07-15,Wrong Item,266.04
8928,71478,2025-03-26,Size Issue,226.78
8929,71486,2024-05-30,Customer Changed Mind,60.77
8930,71489,2025-03-24,Customer Changed Mind,591.53
8931,71490,2025-03-29,Late Delivery,56.03
8932,71511,2026-01-03,Poor Quality,13.63
8933,71548,2025-03-19,Poor Quality,146.62
8934,71551,2024-07-19,Size Issue,87.97
8935,71569,2025-04-13,Customer Changed Mind,171.7
8936,71572,2024-08-24,Customer Changed Mind,26.9
8937,71576,2024-01-19,Poor Quality,198.5
8938,71579,2025-12-10,Size Issue,19.79
8939,71609,2025-01-28,Damaged,31.95
8940,71615,2025-12-24,Poor Quality,79.11
8941,71672,2024-12-16,Wrong Item,471.72
8942,71690,2025-09-19,Customer Changed Mind,28.27
8943,71702,2024-04-06,Damaged,179.34
8944,71706,2024-05-02,Size Issue,506.93
8945,71710,2025-06-03,Size Issue,309.82
8946,71713,2025-10-26,Wrong Item,188.65
8947,71719,2025-05-16,Size Issue,113.03
8948,71720,2025-01-26,Poor Quality,133.86
8949,71721,2025-10-07,Wrong Item,182.56
8950,71727,2025-11-22,Wrong Item,42.6
8951,71734,2024-12-20,Damaged,562.69
8952,71757,2026-01-29,Size Issue,224.2
8953,71759,2025-12-25,Size Issue,198.3
8954,71770,2025-04-13,Customer Changed Mind,52.73
8955,71778,2025-06-27,Customer Changed Mind,22.89
8956,71781,2024-05-29,Customer Changed Mind,29.77
8957,71791,2025-09-14,Wrong Item,28.39
8958,71794,2025-11-14,Wrong Item,22.26
8959,71819,2025-07-26,Late Delivery,213.6
8960,71823,2025-02-08,Damaged,99.88
8961,71832,2025-06-27,Size Issue,26.94
8962,71849,2026-01-08,Customer Changed Mind,69.72
8963,71851,2024-04-07,Size Issue,289.25
8964,71852,2025-02-26,Size Issue,28.9
8965,71861,2025-06-29,Wrong Item,251.6
8966,71862,2025-05-27,Size Issue,30.66
8967,71869,2024-05-31,Poor Quality,232.42
8968,71878,2025-05-06,Damaged,42.07
8969,71879,2024-12-13,Size Issue,428.78
8970,71884,2024-08-21,Damaged,206.56
8971,71885,2025-08-21,Late Delivery,115.54
8972,71891,2025-07-03,Wrong Item,90.03
8973,71899,2025-05-29,Customer Changed Mind,254.61
8974,71901,2024-12-07,Size Issue,141.5
8975,71909,2025-04-17,Poor Quality,375.3
8976,71915,2025-08-24,Wrong Item,189.76
8977,71917,2023-11-25,Size Issue,571.56
8978,71928,2025-01-27,Damaged,41.04
8979,71930,2025-11-15,Poor Quality,320.42
8980,71935,2025-12-10,Late Delivery,148.41
8981,71936,2024-11-20,Late Delivery,108.49
8982,71964,2025-11-26,Wrong Item,208.16
8983,71967,2026-01-29,Damaged,583.79
8984,71977,2025-03-22,Poor Quality,47.24
8985,71978,2024-11-01,Damaged,150.44
8986,71980,2026-01-08,Damaged,136.29
8987,72005,2025-11-06,Poor Quality,753.88
8988,72037,2024-04-20,Damaged,691.17
8989,72048,2025-08-22,Late Delivery,165.62
8990,72060,2024-07-08,Customer Changed Mind,31.68
8991,72079,2024-09-01,Size Issue,27.3
8992,72082,2025-01-14,Wrong Item,251.74
8993,72090,2025-06-02,Wrong Item,177.04
8994,72092,2025-09-19,Customer Changed Mind,134.01
8995,72102,2025-12-15,Damaged,72.27
8996,72104,2024-12-11,Late Delivery,610.32
8997,72105,2025-09-29,Size Issue,476.69
8998,72122,2025-09-03,Size Issue,252.09
8999,72128,2024-12-03,Late Delivery,281.69
9000,72148,2023-09-29,Wrong Item,524.48
9001,72154,2025-03-29,Size Issue,470.07
9002,72162,2025-09-29,Customer Changed Mind,85.63
9003,72168,2024-10-10,Late Delivery,11.58
9004,72176,2024-03-12,Late Delivery,157.19
9005,72178,2025-01-03,Late Delivery,581.05
9006,72183,2025-08-12,Wrong Item,332.47
9007,72185,2025-07-19,Damaged,180.41
9008,72193,2024-06-21,Late Delivery,87.99
9009,72201,2025-12-25,Damaged,81.77
9010,72208,2025-04-04,Size Issue,166.59
9011,72209,2024-08-22,Poor Quality,401.29
9012,72210,2025-06-21,Damaged,63.2
9013,72211,2025-12-03,Poor Quality,104.41
9014,72213,2024-05-21,Size Issue,47.78
9015,72216,2025-08-27,Poor Quality,195.92
9016,72228,2025-11-15,Customer Changed Mind,13.08
9017,72276,2025-08-23,Poor Quality,246.27
9018,72284,2024-11-09,Wrong Item,125.14
9019,72310,2025-01-01,Poor Quality,215.16
9020,72318,2025-09-05,Size Issue,232.8
9021,72341,2025-05-12,Customer Changed Mind,234.06
9022,72361,2025-12-17,Customer Changed Mind,56.04
9023,72364,2025-04-05,Late Delivery,46.32
9024,72366,2025-07-26,Customer Changed Mind,320.83
9025,72372,2025-11-18,Late Delivery,382.87
9026,72383,2024-12-24,Damaged,91.92
9027,72384,2026-01-15,Damaged,463.95
9028,72401,2024-05-16,Customer Changed Mind,407.39
9029,72408,2025-02-28,Customer Changed Mind,316.1
9030,72413,2025-07-18,Damaged,660.4
9031,72419,2026-01-03,Wrong Item,74.96
9032,72424,2023-01-24,Poor Quality,426.82
9033,72427,2024-07-17,Size Issue,108.05
9034,72428,2025-04-02,Size Issue,237.77
9035,72438,2025-04-21,Size Issue,388.37
9036,72448,2024-01-12,Wrong Item,910.17
9037,72451,2025-06-10,Wrong Item,396.81
9038,72455,2025-12-08,Size Issue,176.53
9039,72459,2025-12-09,Late Delivery,562.97
9040,72469,2025-09-04,Damaged,165.31
9041,72471,2025-10-25,Customer Changed Mind,78.02
9042,72489,2024-02-08,Damaged,109.12
9043,72491,2025-11-29,Size Issue,58.69
9044,72495,2026-01-06,Size Issue,423.87
9045,72498,2024-07-30,Poor Quality,171.69
9046,72503,2024-11-03,Size Issue,46.37
9047,72504,2025-12-31,Customer Changed Mind,11.99
9048,72505,2025-07-06,Wrong Item,1062.59
9049,72510,2025-11-04,Size Issue,91.64
9050,72514,2024-01-18,Customer Changed Mind,15.67
9051,72524,2026-01-28,Poor Quality,54.42
9052,72540,2025-01-21,Late Delivery,26.38
9053,72542,2024-10-18,Customer Changed Mind,129.7
9054,72543,2025-10-08,Wrong Item,119.02
9055,72549,2025-08-29,Late Delivery,394.08
9056,72561,2025-09-26,Wrong Item,185.82
9057,72568,2023-12-28,Poor Quality,91.46
9058,72570,2025-07-31,poor quality,79.73
9059,72586,2025-06-15,Size Issue,131.96
9060,72594,2024-07-06,Size Issue,282.83
9061,72598,2025-10-15,Late Delivery,506.29
9062,72624,2024-09-14,Size Issue,507.6
9063,72627,2023-12-20,Poor Quality,355.85
9064,72630,2023-08-28,Size Issue,379.28
9065,72631,2025-12-02,Size Issue,673.84
9066,72640,2024-10-24,Wrong Item,45.34
9067,72651,2025-06-30,Poor Quality,67.93
9068,72657,2026-01-23,Size Issue,135.82
9069,72660,2024-02-11,Poor Quality,431.25
9070,72678,2024-11-06,Damaged,85.84
9071,72682,2025-05-16,Wrong Item,581.61
9072,72693,2024-01-18,Customer Changed Mind,395.41
9073,72704,2024-11-13,Size Issue,312.54
9074,72721,2025-05-06,Size Issue,180.71
9075,72732,2024-12-26,Damaged,354.07
9076,72733,2025-12-17,Customer Changed Mind,22.58
9077,72739,2025-05-01,Damaged,30.97
9078,72748,2025-02-04,Size Issue,141.08
9079,72750,2024-03-12,Poor Quality,235.58
9080,72752,2025-10-24,Customer Changed Mind,59.25
9081,72756,2025-05-02,Customer Changed Mind,739.03
9082,72762,2026-01-24,Late Delivery,314.38
9083,72763,2024-03-21,Wrong Item,67.63
9084,72765,2026-01-21,Late Delivery,680.01
9085,72770,2025-09-30,Damaged,228.58
9086,72774,2023-08-23,Wrong Item,20.95
9087,72779,2025-10-10,Size Issue,159.04
9088,72782,2025-05-16,Wrong Item,64.15
9089,72802,2026-01-12,Customer Changed Mind,379.93
9090,72804,2025-12-21,Wrong Item,465.32
9091,72812,2026-01-05,Customer Changed Mind,42.4
9092,72835,2024-05-13,Late Delivery,814.15
9093,72840,2024-11-11,Size Issue,151.13
9094,72849,2023-08-02,Size Issue,64.01
9095,72859,2025-03-23,Size Issue,665.75
9096,72871,2024-01-23,Poor Quality,98.04
9097,72887,2026-01-06,Size Issue,265.71
9098,72889,2026-01-04,Wrong Item,20.08
9099,72905,2025-09-07,Customer Changed Mind,91.46
9100,72932,2026-01-05,Size Issue,514.78
9101,72940,2025-06-30,Customer Changed Mind,119.71
9102,72952,2025-09-12,Wrong Item,342.3
9103,72953,2024-07-06,Size Issue,149.56
9104,72954,2025-05-30,Wrong Item,105.56
9105,72962,2023-07-08,Size Issue,141.28
9106,72969,2024-07-30,Late Delivery,314.81
9107,72972,2025-12-10,Customer Changed Mind,105.64
9108,72980,2024-02-15,Late Delivery,506.04
9109,72982,2024-12-11,Late Delivery,50.6
9110,72986,2025-09-21,Size Issue,135.11
9111,72994,2025-10-23,Late Delivery,225.4
9112,72999,2025-09-10,Poor Quality,37.95
9113,73024,2026-01-06,Customer Changed Mind,286.83
9114,73027,2026-01-12,Wrong Item,111.86
9115,73039,2026-01-29,Customer Changed Mind,150.43
9116,73042,2025-08-14,Late Delivery,119.18
9117,73046,2024-10-02,Late Delivery,35.59
9118,73049,2025-06-06,Customer Changed Mind,96.93
9119,73061,2024-08-15,Late Delivery,253.81
9120,73064,2023-11-14,Damaged,31.69
9121,73067,2025-03-10,Customer Changed Mind,421.94
9122,73068,2025-12-03,Damaged,433.48
9123,73069,2024-08-27,customer changed mind,524.6
9124,73079,2025-03-30,Size Issue,271.67
9125,73086,2024-06-04,Poor Quality,75.73
9126,73092,2024-12-11,Poor Quality,872.0
9127,73105,2025-05-23,Late Delivery,524.4
9128,73111,2023-06-13,Damaged,80.99
9129,73116,2024-12-25,Wrong Item,372.3
9130,73117,2023-03-30,Damaged,529.15
9131,73120,2025-11-25,Size Issue,111.83
9132,73129,2025-09-14,Damaged,182.67
9133,73132,2025-02-24,Damaged,426.25
9134,73150,2025-03-24,Size Issue,119.99
9135,73157,2023-11-18,Customer Changed Mind,129.98
9136,73163,2025-06-10,Damaged,377.54
9137,73164,2025-12-23,Customer Changed Mind,10.78
9138,73169,2023-11-09,Late Delivery,22.0
9139,73175,2025-04-12,Customer Changed Mind,117.87
9140,73178,2024-04-19,Wrong Item,743.02
9141,73184,2023-10-06,Damaged,115.95
9142,73187,2025-10-11,Size Issue,59.61
9143,73196,2025-06-23,Wrong Item,36.84
9144,73202,2025-11-24,Customer Changed Mind,34.59
9145,73205,2025-09-20,Customer Changed Mind,207.41
9146,73207,2025-09-11,Poor Quality,150.41
9147,73211,2026-01-13,Size Issue,205.81
9148,73226,2025-10-31,Late Delivery,276.44
9149,73234,2025-06-18,Late Delivery,39.79
9150,73236,2024-12-04,Size Issue,92.13
9151,73247,2025-12-13,Poor Quality,443.65
9152,73253,2025-01-18,Customer Changed Mind,43.32
9153,73258,2025-12-25,Customer Changed Mind,192.61
9154,73272,2025-07-04,Wrong Item,408.59
9155,73273,2025-12-29,Late Delivery,35.75
9156,73278,2025-04-26,Wrong Item,287.13
9157,73289,2025-01-04,Poor Quality,218.58
9158,73299,2025-04-23,Size Issue,137.73
9159,73306,2025-10-24,Customer Changed Mind,166.46
9160,73308,2026-01-05,Late Delivery,486.61
9161,73311,2023-06-07,Damaged,135.71
9162,73316,2024-10-10,Wrong Item,208.14
9163,73317,2024-07-09,Customer Changed Mind,166.94
9164,73328,2023-12-27,Damaged,657.32
9165,73330,2025-04-17,Poor Quality,102.87
9166,73332,2025-01-23,Damaged,490.04
9167,73350,2025-08-25,Size Issue,848.64
9168,73351,2025-12-01,Damaged,69.97
9169,73360,2026-01-03,Customer Changed Mind,502.95
9170,73362,2026-01-15,Poor Quality,136.69
9171,73366,2026-01-13,Damaged,189.56
9172,73385,2025-12-23,Customer Changed Mind,120.3
9173,73398,2025-05-02,Poor Quality,97.42
9174,73418,2024-09-07,Size Issue,785.77
9175,73423,2025-09-03,Size Issue,650.49
9176,73424,2025-04-09,Customer Changed Mind,170.97
9177,73428,2025-03-18,Wrong Item,157.27
9178,73444,2023-08-09,Late Delivery,379.71
9179,73452,2025-12-18,Damaged,412.63
9180,73466,2025-12-12,Size Issue,109.43
9181,73482,2025-07-16,Damaged,367.69
9182,73483,2023-06-20,Size Issue,99.39
9183,73484,2025-12-03,Late Delivery,13.84
9184,73505,2024-12-19,Size Issue,391.07
9185,73528,2025-05-21,Poor Quality,159.98
9186,73541,2024-12-20,Poor Quality,44.92
9187,73543,2025-11-20,Poor Quality,381.96
9188,73545,2025-12-22,Damaged,613.33
9189,73568,2024-11-09,Poor Quality,166.95
9190,73577,2025-04-05,Customer Changed Mind,141.83
9191,73580,2024-03-30,Wrong Item,599.22
9192,73581,2025-08-04,Damaged,271.27
9193,73584,2025-04-03,Customer Changed Mind,152.92
9194,73585,2025-11-02,Late Delivery,132.78
9195,73587,2025-06-27,Size Issue,156.91
9196,73588,2026-01-19,Wrong Item,423.41
9197,73596,2026-01-23,Late Delivery,328.66
9198,73601,2025-01-17,Customer Changed Mind,53.91
9199,73603,2024-03-01,Damaged,107.3
9200,73615,2025-11-07,Customer Changed Mind,241.73
9201,73621,2024-08-12,Wrong Item,111.52
9202,73627,2026-01-10,Damaged,210.98
9203,73631,2024-01-19,Damaged,321.96
9204,73640,2025-08-19,Size Issue,355.33
9205,73646,2026-01-09,Size Issue,49.01
9206,73647,2026-01-18,Poor Quality,625.11
9207,73650,2025-11-22,Late Delivery,492.96
9208,73659,2024-03-19,Damaged,38.34
9209,73692,2025-07-01,Customer Changed Mind,181.78
9210,73708,2025-08-22,Customer Changed Mind,34.13
9211,73715,2023-10-21,Late Delivery,12.39
9212,73728,2024-03-30,Customer Changed Mind,89.09
9213,73732,2025-05-08,Poor Quality,118.57
9214,73737,2026-01-17,Damaged,409.9
9215,73751,2025-11-16,Damaged,10.27
9216,73752,2025-12-01,Damaged,346.52
9217,73762,2025-08-22,Wrong Item,82.81
9218,73768,2026-01-06,Size Issue,410.9
9219,73770,2023-08-12,Damaged,199.93
9220,73789,2025-07-06,Customer Changed Mind,360.44
9221,73795,2025-06-21,Wrong Item,130.02
9222,73804,2023-07-14,Size Issue,24.87
9223,73809,2023-08-13,Damaged,263.14
9224,73813,2025-04-20,Wrong Item,44.28
9225,73816,2025-12-27,Late Delivery,239.97
9226,73835,2024-11-13,Customer Changed Mind,50.68
9227,73841,2025-06-13,Size Issue,104.39
9228,73843,2024-12-28,Size Issue,285.83
9229,73848,2025-07-14,Wrong Item,254.57
9230,73854,2025-01-31,Late Delivery,78.15
9231,73878,2025-02-13,Damaged,257.66
9232,73882,2025-10-04,Customer Changed Mind,68.55
9233,73885,2025-09-18,Size Issue,144.39
9234,73895,2025-01-20,Damaged,265.41
9235,73903,2024-03-31,Customer Changed Mind,51.59
9236,73909,2024-10-03,Poor Quality,377.24
9237,73921,2026-01-24,Size Issue,101.2
9238,73934,2025-12-24,Damaged,45.44
9239,73935,2024-11-02,Poor Quality,384.07
9240,73945,2025-12-26,Late Delivery,115.24
9241,73953,2023-10-17,Size Issue,296.92
9242,73954,2025-12-03,Size Issue,517.87
9243,73956,2025-09-14,Damaged,231.67
9244,73973,2024-05-12,Size Issue,38.33
9245,73976,2025-02-16,Late Delivery,490.86
9246,73977,2025-11-10,Customer Changed Mind,141.51
9247,73983,2025-12-01,Wrong Item,38.87
9248,73984,2024-11-04,Size Issue,464.7
9249,73986,2025-06-05,Damaged,43.98
9250,74000,2024-06-04,Poor Quality,39.18
9251,74007,2024-12-15,Late Delivery,378.78
9252,74027,2025-10-15,Wrong Item,71.74
9253,74042,2025-11-26,Wrong Item,189.37
9254,74052,2026-01-09,Size Issue,667.03
9255,74062,2024-03-02,Size Issue,30.68
9256,74069,2025-09-10,Wrong Item,597.42
9257,74089,2026-01-12,Poor Quality,93.57
9258,74091,2024-02-06,Wrong Item,87.29
9259,74102,2025-12-14,Size Issue,47.64
9260,74142,2026-01-14,Wrong Item,243.34
9261,74150,2025-01-12,Poor Quality,200.74
9262,74159,2025-07-06,Damaged,536.22
9263,74163,2024-12-03,Customer Changed Mind,417.1
9264,74173,2025-04-18,Poor Quality,668.4
9265,74177,2025-09-17,Wrong Item,71.3
9266,74181,2023-07-01,Wrong Item,74.37
9267,74182,2023-08-07,Customer Changed Mind,53.73
9268,74191,2025-03-13,Late Delivery,439.12
9269,74193,2025-11-13,Size Issue,156.32
9270,74197,2025-03-24,Late Delivery,170.78
9271,74198,2025-01-06,Damaged,174.76
9272,74201,2024-06-13,Poor Quality,125.63
9273,74207,2025-11-29,Size Issue,63.43
9274,74209,2025-11-13,Late Delivery,81.48
9275,74213,2026-01-14,Wrong Item,155.78
9276,74215,2025-01-19,Customer Changed Mind,27.05
9277,74233,2025-10-17,Customer Changed Mind,156.94
9278,74235,2024-01-23,Customer Changed Mind,75.77
9279,74236,2025-02-24,Poor Quality,600.37
9280,74238,2024-01-18,Customer Changed Mind,32.12
9281,74243,2025-06-30,Damaged,61.57
9282,74246,2024-06-05,Poor Quality,210.19
9283,74267,2025-11-09,Poor Quality,107.13
9284,74289,2025-03-05,Poor Quality,71.06
9285,74298,2025-10-19,Late Delivery,489.47
9286,74329,2025-11-23,Poor Quality,313.49
9287,74333,2025-08-04,Size Issue,269.74
9288,74334,2026-01-13,Poor Quality,581.73
9289,74338,2024-12-17,Poor Quality,280.84
9290,74351,2025-09-30,Wrong Item,484.99
9291,74355,2025-09-25,Size Issue,249.0
9292,74358,2025-12-29,Damaged,20.0
9293,74377,2025-05-21,Size Issue,136.24
9294,74379,2026-01-05,Damaged,473.63
9295,74382,2025-07-21,Customer Changed Mind,443.78
9296,74385,2025-08-16,Size Issue,106.18
9297,74392,2025-11-22,Size Issue,277.66
9298,74416,2024-07-08,Wrong Item,293.39
9299,74417,2025-10-31,Wrong Item,249.98
9300,74419,2025-01-25,Late Delivery,62.12
9301,74457,2024-03-23,Size Issue,257.84
9302,74466,2026-01-16,Size Issue,83.62
9303,74471,2024-07-29,Damaged,357.09
9304,74484,2025-06-14,Damaged,18.17
9305,74500,2024-12-13,Size Issue,770.35
9306,74506,2025-09-20,Damaged,47.4
9307,74523,2025-08-22,Size Issue,116.47
9308,74527,2024-11-28,Size Issue,290.02
9309,74532,2025-12-19,Late Delivery,265.39
9310,74542,2026-01-22,Late Delivery,272.21
9311,74560,2024-09-10,Poor Quality,475.13
9312,74579,2025-06-13,Poor Quality,525.43
9313,74583,2025-09-10,Late Delivery,182.37
9314,74586,2025-09-13,Customer Changed Mind,114.68
9315,74588,2025-07-03,Size Issue,328.44
9316,74602,2025-07-18,Damaged,366.03
9317,74614,2025-09-28,Customer Changed Mind,194.76
9318,74623,2025-09-16,Size Issue,484.02
9319,74627,2024-11-12,Customer Changed Mind,164.54
9320,74628,2025-07-15,Wrong Item,107.77
9321,74633,2023-03-19,Damaged,334.06
9322,74634,2025-08-15,Damaged,34.43
9323,74641,2025-05-14,Wrong Item,137.52
9324,74659,2025-03-30,Poor Quality,54.0
9325,74672,2025-08-27,Poor Quality,222.44
9326,74682,2024-10-27,Late Delivery,258.42
9327,74684,2024-12-01,Customer Changed Mind,204.58
9328,74687,2024-12-12,Poor Quality,46.29
9329,74704,2024-10-21,Damaged,80.65
9330,74718,2025-12-09,Late Delivery,308.46
9331,74723,2025-11-09,Poor Quality,114.73
9332,74726,2024-09-16,Size Issue,188.98
9333,74755,2024-12-06,Customer Changed Mind,172.66
9334,74757,2025-04-01,Wrong Item,127.72
9335,74763,2025-10-26,Poor Quality,684.01
9336,74772,2025-10-22,Customer Changed Mind,171.37
9337,74774,2025-02-15,Damaged,61.76
9338,74791,2025-12-22,Customer Changed Mind,46.9
9339,74792,2025-07-22,Poor Quality,29.06
9340,74793,2025-12-08,Customer Changed Mind,524.98
9341,74794,2024-10-30,Wrong Item,419.05
9342,74798,2025-03-05,Wrong Item,106.01
9343,74799,2025-06-07,Wrong Item,392.96
9344,74800,2024-08-27,Late Delivery,385.61
9345,74805,2026-01-05,Wrong Item,90.32
9346,74833,2025-11-16,Customer Changed Mind,219.83
9347,74837,2025-10-26,Poor Quality,605.83
9348,74845,2024-11-20,Size Issue,520.49
9349,74852,2025-09-17,Poor Quality,197.36
9350,74853,2024-09-13,Customer Changed Mind,291.22
9351,74858,2025-12-20,Customer Changed Mind,220.02
9352,74861,2025-12-15,Poor Quality,28.55
9353,74865,2024-07-11,Damaged,102.22
9354,74871,2025-07-13,Late Delivery,58.6
9355,74884,2024-08-11,Customer Changed Mind,23.24
9356,74887,2025-01-08,Customer Changed Mind,160.9
9357,74903,2025-01-27,Size Issue,73.86
9358,74911,2025-04-21,Poor Quality,258.85
9359,74928,2026-01-13,Wrong Item,104.43
9360,74929,2024-04-16,Size Issue,72.95
9361,74933,2026-01-07,Customer Changed Mind,86.12
9362,74938,2025-11-02,Damaged,325.92
9363,74941,2025-10-05,Late Delivery,252.72
9364,74945,2024-08-31,Size Issue,557.67
9365,74950,2024-04-21,Wrong Item,80.38
9366,74975,2025-06-24,Size Issue,203.1
9367,74976,2025-07-25,Damaged,67.81
9368,74982,2025-10-09,Size Issue,734.65
9369,75004,2025-12-24,Size Issue,440.16
9370,75010,2025-10-16,Size Issue,74.73
9371,75017,2025-01-27,Customer Changed Mind,248.71
9372,75030,2024-04-23,Wrong Item,495.92
9373,75031,2025-03-11,Size Issue,74.51
9374,75045,2025-04-19,Wrong Item,455.1
9375,75073,2024-12-19,Damaged,100.14
9376,75078,2024-12-19,Late Delivery,117.86
9377,75079,2025-12-08,Size Issue,17.98
9378,75085,2025-06-01,Late Delivery,104.03
9379,75086,2025-08-10,Customer Changed Mind,171.32
9380,75090,2023-03-11,Damaged,82.95
9381,75092,2024-11-29,Poor Quality,273.75
9382,75093,2026-01-05,Damaged,73.95
9383,75097,2025-12-29,Damaged,78.7
9384,75102,2026-01-03,Customer Changed Mind,302.53
9385,75118,2026-01-18,Poor Quality,421.91
9386,75119,2025-07-27,Poor Quality,309.39
9387,75131,2025-07-21,Size Issue,105.96
9388,75136,2025-12-04,Customer Changed Mind,155.42
9389,75138,2025-07-17,Size Issue,509.69
9390,75143,2025-12-13,Size Issue,546.11
9391,75144,2025-04-29,Damaged,646.33
9392,75153,2025-10-22,Size Issue,709.15
9393,75159,2025-02-22,Late Delivery,174.27
9394,75161,2025-10-12,Late Delivery,236.03
9395,75171,2025-02-18,Late Delivery,109.34
9396,75177,2025-04-26,Damaged,1004.54
9397,75183,2026-01-17,Size Issue,486.25
9398,75186,2026-01-22,Poor Quality,556.28
9399,75199,2024-11-07,Wrong Item,358.32
9400,75203,2026-01-28,Late Delivery,636.05
9401,75212,2024-09-07,Customer Changed Mind,45.69
9402,75219,2025-10-24,Poor Quality,252.95
9403,75232,2025-09-19,Late Delivery,200.72
9404,75236,2026-01-22,Customer Changed Mind,101.35
9405,75241,2024-04-29,Customer Changed Mind,307.35
9406,75242,2025-03-11,poor quality,227.59
9407,75243,2024-05-03,Damaged,106.85
9408,75260,2025-08-21,Customer Changed Mind,244.07
9409,75262,2024-08-07,Customer Changed Mind,158.6
9410,75270,2024-12-02,Damaged,739.08
9411,75274,2025-06-30,Late Delivery,35.24
9412,75302,2026-01-19,Poor Quality,104.72
9413,75304,2024-10-22,wrong item,255.75
9414,75310,2024-05-19,Poor Quality,210.88
9415,75312,2024-05-10,Late Delivery,105.48
9416,75322,2025-01-05,Poor Quality,22.06
9417,75323,2024-11-02,Customer Changed Mind,149.36
9418,75327,2024-03-27,Poor Quality,155.51
9419,75334,2024-02-24,Poor Quality,221.04
9420,75344,2025-03-14,Late Delivery,81.65
9421,75350,2025-04-05,Size Issue,1033.5
9422,75354,2024-07-11,Damaged,387.62
9423,75359,2025-02-01,Late Delivery,35.82
9424,75387,2025-09-20,Size Issue,319.14
9425,75396,2024-07-10,Late Delivery,911.86
9426,75405,2025-08-08,Wrong Item,78.75
9427,75407,2024-10-20,Customer Changed Mind,50.38
9428,75420,2025-05-08,Wrong Item,113.81
9429,75431,2026-01-05,Poor Quality,670.24
9430,75433,2026-01-27,Late Delivery,239.33
9431,75434,2024-12-13,Customer Changed Mind,63.67
9432,75439,2025-04-24,Size Issue,124.6
9433,75444,2025-12-17,Wrong Item,97.89
9434,75448,2025-05-06,Late Delivery,8.27
9435,75451,2025-03-29,Size Issue,24.53
9436,75456,2025-08-05,Size Issue,95.49
9437,75482,2026-01-02,Poor Quality,265.32
9438,75489,2026-01-01,Customer Changed Mind,142.27
9439,75494,2025-11-01,Wrong Item,405.89
9440,75501,2025-07-21,Customer Changed Mind,65.41
9441,75510,2023-10-10,Late Delivery,58.51
9442,75519,2023-07-18,Customer Changed Mind,128.91
9443,75520,2026-01-20,Size Issue,450.05
9444,75534,2026-01-10,Size Issue,50.01
9445,75535,2025-12-08,Wrong Item,31.05
9446,75544,2023-08-17,Wrong Item,138.07
9447,75545,2024-12-26,Late Delivery,63.27
9448,75556,2024-12-02,Late Delivery,279.27
9449,75559,2025-07-25,Damaged,65.75
9450,75562,2024-11-13,Damaged,232.66
9451,75563,2025-01-05,Wrong Item,208.98
9452,75568,2025-06-15,Poor Quality,75.72
9453,75581,2025-05-16,Poor Quality,207.75
9454,75582,2024-01-29,Damaged,472.76
9455,75590,2025-06-04,Wrong Item,13.7
9456,75594,2025-11-27,Poor Quality,178.77
9457,75621,2026-01-06,Late Delivery,166.1
9458,75625,2024-09-09,Damaged,573.95
9459,75626,2024-06-19,Damaged,508.19
9460,75631,2025-04-10,Customer Changed Mind,57.33
9461,75632,2024-11-03,Poor Quality,339.06
9462,75641,2025-06-20,Late Delivery,395.91
9463,75649,2025-02-21,Damaged,106.15
9464,75652,2025-11-08,Damaged,369.48
9465,75655,2025-10-13,Damaged,320.2
9466,75663,2025-07-15,Late Delivery,309.5
9467,75671,2024-06-15,Damaged,287.15
9468,75674,2024-09-17,Late Delivery,162.5
9469,75676,2025-07-23,Late Delivery,452.26
9470,75681,2025-01-06,Wrong Item,33.92
9471,75685,2024-04-11,Customer Changed Mind,393.01
9472,75694,2025-03-07,Customer Changed Mind,98.12
9473,75711,2025-05-15,Size Issue,440.66
9474,75715,2025-12-25,Customer Changed Mind,70.54
9475,75718,2023-11-20,Damaged,895.58
9476,75719,2025-06-10,Wrong Item,604.17
9477,75722,2024-09-07,Late Delivery,492.04
9478,75724,2024-07-10,Poor Quality,160.63
9479,75739,2025-03-09,Wrong Item,97.94
9480,75756,2025-10-01,Damaged,184.44
9481,75757,2024-04-02,Poor Quality,668.88
9482,75758,2024-02-01,Poor Quality,242.41
9483,75771,2023-10-09,Size Issue,187.97
9484,75773,2024-10-29,Customer Changed Mind,21.49
9485,75786,2025-09-21,Wrong Item,110.63
9486,75789,2025-10-18,Size Issue,134.24
9487,75797,2024-09-20,Late Delivery,195.23
9488,75801,2025-08-28,Customer Changed Mind,101.08
9489,75832,2025-10-05,Customer Changed Mind,62.71
9490,75841,2025-12-09,Size Issue,265.32
9491,75856,2024-08-03,Customer Changed Mind,420.05
9492,75862,2024-10-10,Size Issue,151.87
9493,75880,2024-12-25,Late Delivery,18.19
9494,75890,2023-12-27,Size Issue,63.68
9495,75892,2025-05-25,Damaged,169.31
9496,75898,2025-11-23,Size Issue,225.29
9497,75929,2026-01-26,Damaged,564.09
9498,75933,2024-10-26,Customer Changed Mind,238.59
9499,75948,2024-04-14,Customer Changed Mind,174.9
9500,75951,2026-01-25,Size Issue,116.15
9501,75957,2024-12-15,Poor Quality,272.06
9502,75965,2024-06-04,Customer Changed Mind,98.66
9503,75972,2024-11-16,Damaged,341.04
9504,75988,2025-03-08,Late Delivery,279.47
9505,75995,2023-08-04,Wrong Item,41.12
9506,76000,2024-12-29,Size Issue,34.69
9507,76038,2025-12-28,Wrong Item,231.4
9508,76043,2025-03-02,Wrong Item,211.69
9509,76047,2025-08-02,Size Issue,12.2
9510,76053,2025-12-03,Size Issue,139.32
9511,76054,2025-05-25,Size Issue,475.3
9512,76056,2025-09-19,Wrong Item,206.8
9513,76063,2025-11-15,Size Issue,140.89
9514,76067,2025-12-27,Late Delivery,184.28
9515,76084,2025-05-31,Wrong Item,34.03
9516,76085,2025-11-01,Poor Quality,584.36
9517,76102,2025-12-10,Size Issue,90.35
9518,76106,2025-02-25,Size Issue,281.88
9519,76108,2025-03-01,Wrong Item,27.06
9520,76116,2025-10-17,Damaged,232.22
9521,76128,2024-12-01,Size Issue,36.3
9522,76133,2024-10-21,Poor Quality,11.8
9523,76149,2025-05-16,Damaged,79.21
9524,76156,2025-08-27,Wrong Item,32.26
9525,76172,2025-01-28,Late Delivery,47.88
9526,76175,2023-12-23,Customer Changed Mind,83.77
9527,76181,2025-04-18,Damaged,139.18
9528,76194,2026-01-12,Size Issue,49.55
9529,76206,2024-06-10,Customer Changed Mind,256.48
9530,76211,2023-10-10,Size Issue,8.11
9531,76215,2025-11-12,Poor Quality,886.33
9532,76221,2026-01-12,Wrong Item,48.63
9533,76222,2025-08-10,Late Delivery,58.77
9534,76223,2025-10-19,Wrong Item,73.9
9535,76226,2023-09-13,Damaged,314.02
9536,76230,2026-01-25,Damaged,241.5
9537,76243,2025-01-06,Size Issue,886.17
9538,76244,2023-12-14,Customer Changed Mind,13.74
9539,76250,2024-10-03,Customer Changed Mind,90.97
9540,76266,2025-01-18,late delivery,1099.53
9541,76269,2025-02-21,Size Issue,106.69
9542,76276,2025-04-01,poor quality,221.91
9543,76277,2025-02-18,Size Issue,42.97
9544,76280,2026-01-11,Late Delivery,580.22
9545,76290,2025-10-20,Poor Quality,33.64
9546,76309,2025-08-30,Damaged,59.86
9547,76340,2024-01-18,Wrong Item,117.03
9548,76353,2024-06-09,Late Delivery,260.85
9549,76361,2024-12-26,Late Delivery,12.2
9550,76364,2025-02-01,Wrong Item,204.28
9551,76375,2025-08-06,Customer Changed Mind,71.36
9552,76383,2025-10-11,Damaged,1031.38
9553,76388,2025-12-12,Poor Quality,897.24
9554,76389,2025-05-25,Late Delivery,433.79
9555,76391,2024-10-30,Wrong Item,89.04
9556,76405,2024-11-18,Damaged,830.52
9557,76427,2025-02-21,Size Issue,147.72
9558,76434,2025-08-31,Poor Quality,184.41
9559,76435,2025-04-05,Size Issue,79.81
9560,76445,2025-10-20,Poor Quality,32.98
9561,76451,2024-11-13,Size Issue,32.55
9562,76454,2024-08-12,Customer Changed Mind,47.76
9563,76456,2024-05-01,Wrong Item,274.72
9564,76519,2025-09-15,Late Delivery,67.06
9565,76532,2024-12-17,Late Delivery,324.26
9566,76552,2026-01-11,Late Delivery,17.28
9567,76556,2024-12-23,Poor Quality,739.74
9568,76560,2025-09-19,Customer Changed Mind,426.65
9569,76561,2025-03-18,Size Issue,56.52
9570,76562,2025-07-03,Size Issue,66.88
9571,76566,2026-01-02,Customer Changed Mind,18.55
9572,76597,2024-03-23,Size Issue,148.62
9573,76603,2025-08-21,Poor Quality,118.77
9574,76607,2025-04-15,Size Issue,77.3
9575,76618,2025-01-30,Size Issue,138.76
9576,76620,2025-12-13,Customer Changed Mind,106.12
9577,76627,2024-03-22,Size Issue,699.82
9578,76629,2025-04-16,Size Issue,319.32
9579,76632,2026-01-05,Size Issue,204.13
9580,76639,2025-08-21,Damaged,103.79
9581,76642,2026-01-22,Customer Changed Mind,68.68
9582,76646,2024-10-29,Poor Quality,197.8
9583,76653,2025-12-04,Customer Changed Mind,62.87
9584,76654,2025-10-04,Size Issue,18.71
9585,76682,2025-12-01,Size Issue,250.92
9586,76697,2025-12-03,Late Delivery,21.94
9587,76699,2025-10-06,Wrong Item,58.81
9588,76700,2025-04-04,Late Delivery,308.16
9589,76715,2025-09-08,Wrong Item,15.92
9590,76719,2026-01-29,Customer Changed Mind,69.49
9591,76720,2025-11-28,Damaged,235.04
9592,76721,2025-03-22,Damaged,233.07
9593,76724,2025-08-31,Late Delivery,511.45
9594,76728,2025-06-14,Size Issue,100.48
9595,76729,2025-09-01,Size Issue,111.85
9596,76732,2024-10-12,Size Issue,145.65
9597,76733,2025-09-18,Poor Quality,46.83
9598,76734,2025-11-23,Customer Changed Mind,61.74
9599,76757,2024-04-01,Customer Changed Mind,19.29
9600,76764,2025-08-13,Wrong Item,149.56
9601,76772,2025-06-24,Poor Quality,276.03
9602,76773,2026-01-25,Size Issue,746.43
9603,76776,2024-05-07,Poor Quality,194.84
9604,76781,2025-08-05,Size Issue,362.07
9605,76788,2024-05-26,Customer Changed Mind,198.88
9606,76790,2025-09-15,Wrong Item,209.11
9607,76803,2026-01-09,Size Issue,274.82
9608,76812,2024-02-29,Size Issue,145.11
9609,76815,2025-01-14,Poor Quality,41.76
9610,76842,2024-08-11,Wrong Item,50.65
9611,76864,2025-05-11,Customer Changed Mind,47.55
9612,76870,2024-07-29,Damaged,58.98
9613,76893,2024-11-25,Size Issue,178.96
9614,76907,2024-05-20,Customer Changed Mind,163.13
9615,76914,2024-07-28,Damaged,232.61
9616,76917,2025-08-15,Damaged,189.72
9617,76934,2025-07-18,Customer Changed Mind,815.82
9618,76941,2024-08-13,Customer Changed Mind,296.17
9619,76966,2025-11-17,Poor Quality,243.39
9620,76967,2025-07-16,Size Issue,127.32
9621,76977,2025-10-05,Wrong Item,527.42
9622,76982,2025-09-13,Damaged,278.17
9623,76984,2025-02-16,Size Issue,103.93
9624,77008,2026-01-13,Size Issue,256.29
9625,77011,2025-03-24,Size Issue,218.39
9626,77017,2023-08-19,Size Issue,750.42
9627,77028,2025-05-19,Wrong Item,28.68
9628,77035,2025-08-19,Damaged,334.1
9629,77040,2025-11-12,Size Issue,463.53
9630,77061,2025-06-20,Wrong Item,103.0
9631,77069,2024-06-04,Late Delivery,732.08
9632,77072,2026-01-06,Poor Quality,119.95
9633,77079,2025-12-24,Damaged,776.47
9634,77092,2025-09-13,Wrong Item,167.18
9635,77094,2025-08-22,Wrong Item,264.54
9636,77112,2025-03-04,Customer Changed Mind,452.74
9637,77116,2024-10-31,Wrong Item,65.54
9638,77121,2025-05-02,Wrong Item,27.92
9639,77125,2024-03-29,Wrong Item,332.9
9640,77138,2025-06-01,Customer Changed Mind,60.49
9641,77152,2025-05-16,Size Issue,226.02
9642,77153,2024-07-19,Late Delivery,287.7
9643,77155,2026-01-24,Wrong Item,252.24
9644,77157,2024-09-15,Customer Changed Mind,117.13
9645,77163,2025-11-20,Late Delivery,16.58
9646,77165,2025-07-30,Size Issue,433.34
9647,77194,2023-09-13,Poor Quality,264.32
9648,77205,2026-01-12,Customer Changed Mind,61.85
9649,77211,2024-06-01,Size Issue,104.53
9650,77215,2025-01-01,Damaged,101.02
9651,77217,2024-05-27,Wrong Item,617.87
9652,77219,2025-11-18,Size Issue,811.04
9653,77229,2024-12-13,Wrong Item,74.06
9654,77236,2025-02-03,Size Issue,219.44
9655,77239,2025-10-24,Wrong Item,160.72
9656,77252,2023-12-17,Size Issue,458.37
9657,77257,2024-03-20,Customer Changed Mind,380.39
9658,77271,2026-01-27,Poor Quality,163.69
9659,77273,2025-08-14,Size Issue,21.79
9660,77291,2026-01-04,Late Delivery,215.16
9661,77294,2025-11-16,Customer Changed Mind,175.91
9662,77302,2025-08-24,Damaged,293.22
9663,77312,2025-01-01,Poor Quality,126.11
9664,77316,2025-08-11,Late Delivery,193.81
9665,77325,2024-12-26,Customer Changed Mind,384.59
9666,77347,2024-10-14,size issue,270.54
9667,77352,2024-06-26,Damaged,149.97
9668,77359,2025-03-26,Customer Changed Mind,49.61
9669,77365,2026-01-15,Size Issue,33.97
9670,77393,2023-10-19,Wrong Item,184.39
9671,77403,2026-01-14,Poor Quality,162.48
9672,77405,2025-11-09,Size Issue,174.32
9673,77409,2025-05-30,Poor Quality,476.99
9674,77412,2025-04-07,Wrong Item,282.26
9675,77425,2025-02-08,Damaged,197.7
9676,77428,2025-09-20,Size Issue,326.87
9677,77433,2024-06-20,Wrong Item,620.34
9678,77445,2025-12-13,Damaged,184.4
9679,77469,2025-11-02,Wrong Item,887.04
9680,77478,2024-01-19,poor quality,120.47
9681,77480,2025-07-22,Size Issue,638.51
9682,77495,2025-10-30,Customer Changed Mind,162.98
9683,77499,2024-11-22,Damaged,176.69
9684,77529,2023-09-27,Customer Changed Mind,112.36
9685,77532,2024-03-09,Size Issue,194.9
9686,77542,2024-01-06,Damaged,628.88
9687,77544,2026-01-07,Wrong Item,98.91
9688,77549,2025-08-10,Size Issue,38.22
9689,77563,2025-08-14,Size Issue,100.47
9690,77567,2026-01-03,Poor Quality,67.66
9691,77570,2025-01-26,Poor Quality,219.63
9692,77579,2025-07-25,Customer Changed Mind,232.01
9693,77585,2025-11-27,Damaged,530.01
9694,77587,2024-07-06,Customer Changed Mind,87.66
9695,77594,2025-10-12,Size Issue,150.56
9696,77599,2025-01-18,Damaged,414.11
9697,77611,2024-07-02,Damaged,171.77
9698,77613,2024-06-27,Poor Quality,46.07
9699,77617,2026-01-17,Wrong Item,228.26
9700,77620,2024-02-18,Customer Changed Mind,548.0
9701,77624,2025-11-15,Size Issue,21.34
9702,77625,2024-11-01,Poor Quality,63.92
9703,77633,2025-09-09,Wrong Item,234.33
9704,77641,2025-11-17,Customer Changed Mind,484.76
9705,77642,2024-02-10,Late Delivery,183.33
9706,77662,2025-08-04,Late Delivery,691.28
9707,77675,2024-09-23,Size Issue,25.69
9708,77682,2024-05-22,Size Issue,502.86
9709,77688,2025-12-03,Poor Quality,116.23
9710,77690,2025-10-08,Late Delivery,281.6
9711,77701,2023-05-10,Poor Quality,87.41
9712,77705,2024-03-02,Poor Quality,40.64
9713,77709,2026-01-13,Size Issue,407.54
9714,77725,2024-08-20,Poor Quality,184.93
9715,77730,2025-08-28,Size Issue,287.53
9716,77731,2025-11-14,Damaged,328.94
9717,77753,2026-01-12,Wrong Item,89.85
9718,77764,2024-05-03,Poor Quality,24.32
9719,77767,2026-01-05,Damaged,145.0
9720,77796,2025-05-17,Late Delivery,77.47
9721,77812,2025-12-09,Wrong Item,116.96
9722,77813,2025-10-10,wrong item,83.88
9723,77814,2025-11-23,Size Issue,214.66
9724,77815,2024-11-18,Damaged,206.63
9725,77826,2025-06-11,Damaged,137.13
9726,77830,2023-11-27,Customer Changed Mind,110.65
9727,77855,2025-09-04,Damaged,87.12
9728,77861,2025-06-18,Poor Quality,40.26
9729,77862,2024-11-29,Customer Changed Mind,428.48
9730,77863,2024-09-15,Damaged,44.28
9731,77871,2025-12-07,Size Issue,213.11
9732,77879,2024-11-24,Customer Changed Mind,66.82
9733,77880,2025-05-24,Wrong Item,370.78
9734,77885,2025-05-26,Late Delivery,117.05
9735,77890,2025-12-18,Damaged,314.24
9736,77892,2025-12-18,Late Delivery,75.54
9737,77904,2025-06-15,Late Delivery,31.61
9738,77913,2024-07-17,Wrong Item,608.57
9739,77918,2025-09-07,Poor Quality,89.6
9740,77924,2024-03-23,Customer Changed Mind,886.62
9741,77926,2025-01-09,Damaged,75.3
9742,77940,2023-04-25,Size Issue,245.5
9743,77942,2025-06-17,Late Delivery,629.45
9744,77949,2025-06-03,Size Issue,501.34
9745,77958,2024-11-30,Size Issue,28.42
9746,77959,2024-06-13,Size Issue,783.97
9747,77978,2025-12-27,Poor Quality,122.19
9748,77989,2024-03-28,Damaged,331.66
9749,77993,2024-10-07,Size Issue,164.16
9750,77995,2024-08-16,Wrong Item,194.23
9751,78000,2025-01-11,Damaged,156.9
9752,78013,2024-12-27,Late Delivery,650.28
9753,78018,2024-10-30,Late Delivery,103.59
9754,78021,2025-08-16,Wrong Item,97.5
9755,78022,2024-05-18,Size Issue,38.34
9756,78044,2026-01-05,Wrong Item,375.56
9757,78054,2024-12-08,Size Issue,238.6
9758,78055,2025-09-10,Wrong Item,33.84
9759,78082,2025-11-02,Damaged,463.57
9760,78087,2024-03-12,Customer Changed Mind,119.25
9761,78088,2026-01-19,Late Delivery,1014.38
9762,78091,2026-01-28,Size Issue,638.65
9763,78094,2024-11-20,Customer Changed Mind,55.44
9764,78103,2024-08-18,Late Delivery,68.42
9765,78115,2025-05-31,Customer Changed Mind,513.88
9766,78116,2025-10-29,Poor Quality,492.38
9767,78121,2023-10-30,Poor Quality,12.12
9768,78122,2024-11-22,Size Issue,256.48
9769,78124,2025-12-19,Customer Changed Mind,77.32
9770,78145,2025-08-20,Damaged,1092.51
9771,78161,2025-09-23,Size Issue,272.8
9772,78171,2025-09-29,Size Issue,388.12
9773,78173,2024-05-16,Damaged,82.42
9774,78192,2025-12-27,Poor Quality,54.72
9775,78211,2025-08-06,Poor Quality,414.45
9776,78213,2025-12-29,Size Issue,92.95
9777,78219,2023-06-27,Wrong Item,260.8
9778,78232,2025-04-28,Customer Changed Mind,400.22
9779,78235,2025-04-16,Customer Changed Mind,21.73
9780,78263,2025-12-20,Late Delivery,665.66
9781,78278,2026-01-08,Customer Changed Mind,14.26
9782,78285,2025-03-16,Poor Quality,666.22
9783,78290,2025-05-06,Damaged,320.12
9784,78300,2026-01-07,Customer Changed Mind,60.52
9785,78305,2025-03-24,Damaged,264.96
9786,78306,2023-11-21,Damaged,82.26
9787,78320,2024-09-04,Customer Changed Mind,446.68
9788,78331,2025-10-11,Damaged,50.68
9789,78337,2023-10-19,Wrong Item,440.35
9790,78344,2023-12-21,Damaged,359.07
9791,78345,2026-01-21,Size Issue,587.53
9792,78346,2026-01-11,Customer Changed Mind,252.63
9793,78350,2026-01-01,Poor Quality,39.41
9794,78362,2025-12-31,Customer Changed Mind,180.82
9795,78367,2025-07-11,Damaged,244.19
9796,78368,2025-12-13,Wrong Item,581.05
9797,78372,2025-03-08,Poor Quality,699.08
9798,78375,2025-05-08,Customer Changed Mind,76.25
9799,78378,2024-06-27,Customer Changed Mind,202.5
9800,78380,2023-06-28,Poor Quality,46.03
9801,78386,2024-01-19,Wrong Item,197.5
9802,78399,2025-06-18,Size Issue,357.34
9803,78412,2024-10-14,Customer Changed Mind,9.86
9804,78433,2025-06-04,Poor Quality,41.81
9805,78445,2026-01-08,Size Issue,663.05
9806,78448,2025-06-26,Poor Quality,503.1
9807,78450,2025-08-25,Late Delivery,422.59
9808,78453,2024-09-13,Damaged,160.71
9809,78469,2025-10-17,Late Delivery,125.6
9810,78473,2025-09-24,Damaged,161.11
9811,78474,2024-09-28,Late Delivery,86.43
9812,78482,2024-11-26,Size Issue,59.69
9813,78497,2023-06-01,Wrong Item,1526.21
9814,78507,2024-08-10,Poor Quality,92.19
9815,78510,2025-03-31,Size Issue,361.29
9816,78528,2024-12-20,Poor Quality,278.78
9817,78539,2025-05-09,Wrong Item,45.02
9818,78540,2026-01-14,Damaged,34.38
9819,78542,2026-01-07,Poor Quality,499.74
9820,78563,2026-01-03,Customer Changed Mind,234.02
9821,78564,2025-08-24,Late Delivery,72.45
9822,78566,2024-12-03,Damaged,97.51
9823,78572,2025-04-19,Size Issue,283.49
9824,78575,2025-11-20,Late Delivery,743.22
9825,78582,2025-01-17,Size Issue,28.23
9826,78584,2024-02-14,Size Issue,98.58
9827,78596,2025-07-01,Late Delivery,81.76
9828,78598,2024-04-27,Damaged,151.12
9829,78601,2025-03-07,Size Issue,68.64
9830,78611,2026-01-17,Size Issue,110.36
9831,78613,2025-03-18,Late Delivery,48.05
9832,78627,2025-06-01,Late Delivery,362.91
9833,78642,2024-10-13,Size Issue,494.06
9834,78643,2025-08-11,Late Delivery,220.01
9835,78649,2025-08-25,Customer Changed Mind,34.42
9836,78658,2025-12-16,Damaged,17.55
9837,78663,2026-01-16,Late Delivery,367.67
9838,78693,2024-12-04,Wrong Item,190.52
9839,78696,2026-01-26,Customer Changed Mind,33.51
9840,78698,2025-12-14,Poor Quality,10.57
9841,78702,2024-08-12,Customer Changed Mind,124.05
9842,78703,2025-11-11,Size Issue,105.12
9843,78706,2024-12-16,Late Delivery,283.89
9844,78709,2026-01-23,Size Issue,93.89
9845,78714,2024-10-27,Wrong Item,92.19
9846,78722,2025-05-04,Wrong Item,141.36
9847,78725,2025-12-21,Size Issue,97.17
9848,78734,2024-07-25,Size Issue,284.23
9849,78737,2024-12-16,Customer Changed Mind,199.69
9850,78743,2025-03-10,Late Delivery,149.55
9851,78768,2025-11-30,Poor Quality,377.17
9852,78771,2025-09-15,Customer Changed Mind,51.9
9853,78777,2025-10-28,Poor Quality,119.78
9854,78785,2024-01-11,Size Issue,391.76
9855,78794,2024-02-12,Poor Quality,453.05
9856,78813,2025-10-02,Size Issue,74.62
9857,78825,2024-10-03,Late Delivery,13.99
9858,78827,2023-12-26,Poor Quality,52.3
9859,78834,2026-01-12,Wrong Item,200.24
9860,78838,2024-11-30,Poor Quality,562.7
9861,78840,2024-12-17,Damaged,71.11
9862,78844,2025-01-26,Size Issue,189.14
9863,78848,2025-10-14,Late Delivery,471.31
9864,78877,2024-07-14,Damaged,104.4
9865,78886,2024-01-08,Late Delivery,642.68
9866,78890,2024-10-08,Poor Quality,78.39
9867,78902,2024-11-22,Size Issue,162.35
9868,78906,2025-09-08,Size Issue,368.86
9869,78909,2024-06-02,Late Delivery,119.7
9870,78916,2025-11-26,Poor Quality,1012.5
9871,78928,2025-03-20,Damaged,612.89
9872,78936,2024-10-05,Size Issue,63.22
9873,78943,2025-03-26,Customer Changed Mind,335.46
9874,78958,2024-11-20,Late Delivery,45.47
9875,78964,2023-06-29,Customer Changed Mind,165.14
9876,78975,2025-03-29,Wrong Item,367.32
9877,78977,2024-10-06,Customer Changed Mind,60.85
9878,78982,2025-06-23,Size Issue,107.29
9879,78987,2026-01-05,Size Issue,736.42
9880,79007,2025-12-16,Customer Changed Mind,11.23
9881,79012,2024-05-02,Poor Quality,104.35
9882,79024,2026-01-22,Damaged,10.66
9883,79047,2025-01-03,Late Delivery,65.71
9884,79056,2024-07-12,Wrong Item,362.59
9885,79059,2024-04-12,Customer Changed Mind,452.53
9886,79071,2025-08-27,Wrong Item,38.94
9887,79080,2026-01-08,Late Delivery,41.75
9888,79087,2025-12-01,Size Issue,44.82
9889,79105,2025-09-29,Customer Changed Mind,116.82
9890,79115,2024-08-17,Late Delivery,158.73
9891,79125,2024-11-09,Size Issue,188.65
9892,79128,2026-01-15,Damaged,441.66
9893,79130,2025-02-09,Customer Changed Mind,61.64
9894,79136,2025-10-12,Size Issue,21.79
9895,79137,2024-06-22,Late Delivery,27.37
9896,79155,2025-01-17,Damaged,469.95
9897,79158,2024-11-17,Wrong Item,181.22
9898,79166,2025-10-24,Size Issue,96.33
9899,79173,2025-11-29,poor quality,573.5
9900,79181,2025-12-17,Customer Changed Mind,17.67
9901,79182,2025-06-13,Customer Changed Mind,102.32
9902,79186,2024-07-04,Wrong Item,572.28
9903,79188,2025-04-23,Damaged,73.08
9904,79189,2025-10-20,Poor Quality,50.83
9905,79192,2024-03-28,Size Issue,374.43
9906,79193,2025-06-01,Size Issue,20.94
9907,79203,2025-12-18,Size Issue,245.68
9908,79230,2025-08-14,Size Issue,587.48
9909,79231,2025-09-25,Poor Quality,499.56
9910,79244,2024-07-08,Customer Changed Mind,15.62
9911,79269,2025-05-10,Poor Quality,120.28
9912,79271,2025-11-24,Size Issue,645.06
9913,79294,2025-03-12,Poor Quality,439.2
9914,79298,2025-03-03,Damaged,222.76
9915,79305,2025-01-14,Wrong Item,113.34
9916,79309,2025-11-06,Damaged,543.9
9917,79311,2024-12-13,Poor Quality,67.43
9918,79333,2025-10-31,Size Issue,17.39
9919,79334,2025-03-31,Poor Quality,160.91
9920,79335,2025-06-21,Late Delivery,94.41
9921,79336,2026-01-07,Late Delivery,117.05
9922,79340,2025-07-06,Wrong Item,490.2
9923,79353,2023-11-15,Late Delivery,483.74
9924,79372,2025-04-26,Size Issue,237.44
9925,79379,2026-01-07,Size Issue,221.98
9926,79397,2025-06-05,Size Issue,575.27
9927,79406,2024-04-17,Size Issue,31.81
9928,79412,2025-12-28,Size Issue,39.79
9929,79418,2024-08-27,Damaged,282.7
9930,79423,2025-12-20,Wrong Item,111.32
9931,79428,2025-04-29,Poor Quality,81.43
9932,79432,2025-04-09,Customer Changed Mind,377.46
9933,79434,2026-01-06,Damaged,437.11
9934,79436,2025-04-18,Customer Changed Mind,116.26
9935,79440,2023-12-06,Customer Changed Mind,79.15
9936,79447,2024-06-13,Late Delivery,428.06
9937,79453,2024-12-05,Poor Quality,1135.46
9938,79479,2026-01-18,Poor Quality,54.39
9939,79509,2024-12-01,Customer Changed Mind,279.7
9940,79515,2024-10-26,Late Delivery,199.35
9941,79522,2025-01-16,Size Issue,418.58
9942,79531,2025-10-25,Damaged,231.22
9943,79534,2024-06-17,Damaged,358.6
9944,79567,2025-02-12,Damaged,199.36
9945,79571,2024-04-09,Damaged,79.46
9946,79572,2025-06-24,Wrong Item,484.16
9947,79577,2023-09-11,Wrong Item,104.09
9948,79578,2024-12-22,Size Issue,45.08
9949,79583,2025-05-11,Poor Quality,451.08
9950,79598,2025-04-26,Size Issue,282.87
9951,79618,2024-12-26,Late Delivery,281.56
9952,79637,2024-11-15,Size Issue,282.55
9953,79644,2025-06-16,Size Issue,99.78
9954,79657,2025-01-09,Late Delivery,630.78
9955,79659,2026-01-24,Size Issue,136.13
9956,79669,2024-12-02,Poor Quality,37.39
9957,79671,2025-03-16,Poor Quality,202.22
9958,79675,2025-11-30,Late Delivery,14.04
9959,79678,2025-10-22,Late Delivery,507.84
9960,79682,2025-09-24,Late Delivery,149.25
9961,79687,2025-05-21,Size Issue,448.4
9962,79696,2023-11-05,Wrong Item,556.63
9963,79700,2025-01-24,Damaged,283.04
9964,79701,2024-12-25,Customer Changed Mind,394.22
9965,79702,2025-02-28,Poor Quality,7.53
9966,79703,2026-01-20,Damaged,817.16
9967,79712,2023-11-06,Poor Quality,1285.11
9968,79729,2024-01-26,Poor Quality,669.78
9969,79730,2025-03-02,Poor Quality,167.38
9970,79737,2025-05-02,Late Delivery,110.46
9971,79747,2024-05-16,Damaged,491.14
9972,79787,2025-09-15,Size Issue,235.24
9973,79800,2024-09-16,Wrong Item,88.98
9974,79812,2024-12-09,Size Issue,542.24
9975,79816,2025-02-11,Size Issue,55.37
9976,79821,2025-06-13,Size Issue,156.66
9977,79829,2024-03-03,Size Issue,78.33
9978,79836,2023-12-15,Damaged,60.88
9979,79842,2024-02-27,Wrong Item,114.77
9980,79844,2025-05-26,Size Issue,72.26
9981,79852,2024-03-20,Customer Changed Mind,16.95
9982,79863,2024-06-11,Late Delivery,44.19
9983,79872,2025-12-19,Wrong Item,412.4
9984,79876,2025-10-14,Size Issue,219.34
9985,79891,2025-06-08,Customer Changed Mind,203.9
9986,79904,2025-01-03,Poor Quality,429.74
9987,79909,2025-06-05,Wrong Item,183.28
9988,79911,2024-08-22,Late Delivery,62.39
9989,79923,2024-02-23,Size Issue,328.75
9990,79928,2025-04-30,Late Delivery,19.68
9991,79931,2025-10-07,Size Issue,308.55
9992,79952,2025-03-04,Poor Quality,24.44
9993,79970,2025-12-12,Late Delivery,25.13
9994,79981,2025-06-20,Size Issue,199.29
9995,79991,2024-01-05,Customer Changed Mind,124.04
9996,80001,2025-11-09,damaged,212.36
9997,80008,2024-05-19,Damaged,87.51
9998,80013,2025-12-01,poor quality,140.74
9999,80025,2025-10-01,Size Issue,21.58
10000,80031,2025-10-21,Size Issue,498.88
10001,80034,2025-09-11,Damaged,475.14
10002,80035,2024-06-11,Late Delivery,325.17
10003,80039,2026-01-24,Customer Changed Mind,652.02
10004,80052,2024-01-08,Customer Changed Mind,64.95
10005,80084,2026-01-14,Late Delivery,35.54
10006,80088,2025-08-21,Size Issue,79.78
10007,80092,2025-03-04,Poor Quality,920.19
10008,80109,2025-12-18,Customer Changed Mind,586.61
10009,80121,2025-05-14,Size Issue,988.3
10010,80133,2023-10-17,Poor Quality,200.16
10011,80137,2025-05-07,Late Delivery,534.72
10012,80143,2025-12-07,Poor Quality,100.72
10013,80153,2025-08-12,Size Issue,12.57
10014,80154,2026-01-11,Size Issue,415.46
10015,80156,2025-08-20,Customer Changed Mind,446.05
10016,80160,2025-03-04,size issue,48.39
10017,80163,2024-09-29,Size Issue,405.14
10018,80193,2024-10-25,Size Issue,633.09
10019,80198,2026-01-06,Poor Quality,202.13
10020,80205,2024-09-05,Wrong Item,302.83
10021,80210,2025-03-20,Size Issue,78.09
10022,80213,2025-05-18,Customer Changed Mind,96.79
10023,80217,2025-08-10,Poor Quality,8.51
10024,80220,2025-12-18,Late Delivery,43.46
10025,80229,2025-07-10,Damaged,49.22
10026,80239,2025-02-15,Size Issue,82.21
10027,80248,2025-10-12,Wrong Item,416.52
10028,80252,2024-09-01,Customer Changed Mind,89.07
10029,80268,2025-05-27,Late Delivery,96.08
10030,80285,2026-01-13,wrong item,97.88
10031,80286,2026-01-14,Size Issue,87.49
10032,80295,2025-04-12,Late Delivery,47.4
10033,80313,2024-12-06,Size Issue,40.35
10034,80319,2025-11-15,Damaged,732.38
10035,80321,2025-03-29,Customer Changed Mind,602.41
10036,80326,2025-08-02,Wrong Item,178.26
10037,80346,2025-07-13,Customer Changed Mind,73.85
10038,80365,2025-06-07,Wrong Item,707.27
10039,80374,2024-08-17,Late Delivery,70.23
10040,80402,2025-09-01,Late Delivery,147.12
10041,80412,2025-12-22,Poor Quality,241.46
10042,80414,2026-01-06,Customer Changed Mind,134.62
10043,80418,2026-01-21,Poor Quality,184.65
10044,80419,2023-07-25,Customer Changed Mind,154.44
10045,80459,2026-01-05,Late Delivery,25.75
10046,80473,2023-06-23,Size Issue,321.52
10047,80499,2023-08-01,Late Delivery,85.41
10048,80503,2024-05-05,Customer Changed Mind,84.84
10049,80518,2026-01-14,Wrong Item,344.62
10050,80542,2024-09-25,size issue,80.95
10051,80545,2025-01-13,Customer Changed Mind,44.57
10052,80555,2024-02-10,Size Issue,593.25
10053,80570,2025-01-02,Poor Quality,9.96
10054,80601,2025-12-19,Damaged,142.83
10055,80607,2024-10-14,Wrong Item,40.38
10056,80626,2025-02-26,Wrong Item,175.39
10057,80628,2025-12-31,Size Issue,701.19
10058,80633,2025-05-03,Customer Changed Mind,662.96
10059,80660,2024-06-21,Poor Quality,134.46
10060,80661,2025-03-22,Customer Changed Mind,490.86
10061,80662,2024-11-15,Late Delivery,867.8
10062,80663,2025-06-17,Size Issue,492.68
10063,80666,2023-05-30,Damaged,275.74
10064,80679,2025-12-08,Damaged,55.31
10065,80687,2026-01-03,Damaged,663.74
10066,80695,2025-10-15,Poor Quality,218.24
10067,80722,2025-04-17,Customer Changed Mind,19.03
10068,80725,2025-05-19,Late Delivery,303.57
10069,80734,2024-01-31,Damaged,329.48
10070,80736,2023-12-03,Size Issue,86.05
10071,80737,2025-12-13,Poor Quality,219.6
10072,80749,2025-01-11,Size Issue,37.69
10073,80752,2024-05-30,Size Issue,720.91
10074,80758,2025-06-25,Wrong Item,199.57
10075,80765,2024-09-25,Damaged,64.09
10076,80768,2026-01-07,Size Issue,474.68
10077,80793,2025-10-11,Damaged,634.98
10078,80798,2025-09-01,damaged,144.26
10079,80800,2024-09-30,Size Issue,241.7
10080,80802,2025-09-04,Damaged,817.37
10081,80803,2025-06-17,Customer Changed Mind,354.52
10082,80817,2023-12-23,Late Delivery,23.05
10083,80821,2025-03-24,Poor Quality,86.73
10084,80823,2025-05-25,Damaged,364.77
10085,80832,2024-02-04,Wrong Item,261.28
10086,80845,2025-09-24,Size Issue,221.81
10087,80859,2025-08-14,Poor Quality,84.83
10088,80877,2025-12-15,Damaged,15.8
10089,80879,2025-01-24,Poor Quality,375.84
10090,80884,2023-10-30,Poor Quality,66.49
10091,80885,2023-12-17,Customer Changed Mind,162.55
10092,80886,2025-08-11,Customer Changed Mind,295.57
10093,80893,2024-07-27,Late Delivery,390.01
10094,80894,2025-08-07,Poor Quality,42.07
10095,80896,2025-12-09,Wrong Item,133.19
10096,80899,2024-05-22,Damaged,88.66
10097,80903,2025-06-15,Wrong Item,217.4
10098,80944,2025-12-30,Late Delivery,292.03
10099,80949,2025-08-23,Size Issue,29.69
10100,80952,2025-11-25,Customer Changed Mind,56.46
10101,80953,2025-10-18,Size Issue,383.09
10102,80955,2025-01-15,Size Issue,309.03
10103,80960,2024-12-29,Size Issue,113.46
10104,80963,2026-01-20,Customer Changed Mind,46.53
10105,80966,2025-10-14,Wrong Item,179.45
10106,80975,2025-05-17,Late Delivery,38.09
10107,80978,2025-12-20,Size Issue,304.9
10108,80981,2025-09-29,Customer Changed Mind,227.1
10109,80983,2023-09-19,Late Delivery,46.25
10110,80999,2026-01-20,Size Issue,118.12
10111,81005,2025-11-04,Size Issue,15.61
10112,81009,2025-01-13,Wrong Item,726.65
10113,81022,2025-10-12,Wrong Item,357.12
10114,81026,2026-01-20,Wrong Item,69.88
10115,81035,2024-12-26,Customer Changed Mind,40.38
10116,81052,2025-11-16,Size Issue,198.03
10117,81058,2025-03-14,Damaged,242.57
10118,81062,2025-03-11,Wrong Item,466.83
10119,81067,2025-11-22,Late Delivery,31.74
10120,81073,2024-01-18,Late Delivery,120.16
10121,81083,2025-09-27,Poor Quality,334.39
10122,81093,2025-05-23,Damaged,253.67
10123,81101,2025-08-09,Size Issue,54.93
10124,81104,2024-09-26,Late Delivery,45.29
10125,81111,2024-01-01,Damaged,180.75
10126,81115,2025-08-24,Late Delivery,40.43
10127,81122,2025-07-12,Late Delivery,16.08
10128,81130,2025-08-23,Late Delivery,31.21
10129,81138,2024-02-08,Size Issue,41.04
10130,81139,2024-10-12,Customer Changed Mind,140.52
10131,81143,2025-08-08,Damaged,177.8
10132,81153,2025-10-19,Customer Changed Mind,468.26
10133,81178,2025-02-18,Late Delivery,220.95
10134,81183,2024-03-03,Size Issue,469.42
10135,81188,2025-12-08,Customer Changed Mind,343.73
10136,81190,2025-12-08,Damaged,70.52
10137,81194,2026-01-01,Poor Quality,362.52
10138,81211,2025-11-14,Size Issue,202.33
10139,81217,2026-01-08,Poor Quality,368.02
10140,81223,2025-12-13,Late Delivery,13.44
10141,81231,2025-01-28,Wrong Item,51.42
10142,81237,2025-05-09,Customer Changed Mind,434.76
10143,81241,2025-02-27,Size Issue,43.14
10144,81249,2025-07-02,Wrong Item,203.29
10145,81253,2025-04-13,Damaged,66.72
10146,81258,2024-08-16,Customer Changed Mind,432.4
10147,81270,2025-06-17,Damaged,289.35
10148,81272,2025-01-08,Poor Quality,61.94
10149,81273,2024-05-19,Damaged,14.5
10150,81300,2024-12-06,Customer Changed Mind,869.04
10151,81315,2024-12-30,Late Delivery,167.82
10152,81318,2025-06-25,Damaged,803.18
10153,81320,2025-05-10,Wrong Item,178.7
10154,81325,2025-01-30,Late Delivery,169.35
10155,81330,2024-11-07,Late Delivery,302.29
10156,81347,2025-02-28,Late Delivery,91.96
10157,81351,2025-12-31,Late Delivery,60.29
10158,81359,2025-05-07,Customer Changed Mind,139.21
10159,81362,2024-11-29,Customer Changed Mind,772.45
10160,81380,2025-12-06,Poor Quality,408.37
10161,81384,2024-05-14,Size Issue,57.55
10162,81389,2025-09-17,Wrong Item,73.68
10163,81400,2025-08-17,Customer Changed Mind,83.1
10164,81422,2025-10-16,Damaged,891.05
10165,81435,2025-05-18,Wrong Item,91.62
10166,81441,2025-08-05,Customer Changed Mind,106.66
10167,81444,2025-08-01,Wrong Item,451.53
10168,81445,2026-01-12,Poor Quality,436.11
10169,81452,2024-10-06,Poor Quality,327.1
10170,81453,2025-09-14,Poor Quality,157.9
10171,81456,2026-01-04,Size Issue,58.42
10172,81466,2025-09-19,Customer Changed Mind,15.86
10173,81480,2024-01-22,Damaged,389.23
10174,81494,2024-05-11,Size Issue,14.94
10175,81498,2026-01-03,Damaged,253.24
10176,81509,2026-01-29,Poor Quality,129.44
10177,81520,2025-05-04,Size Issue,18.33
10178,81534,2026-01-08,Customer Changed Mind,277.54
10179,81535,2025-12-05,Wrong Item,83.42
10180,81539,2025-05-14,Poor Quality,619.7
10181,81541,2025-01-10,Late Delivery,15.77
10182,81552,2025-11-15,Late Delivery,610.52
10183,81556,2023-07-29,Size Issue,23.59
10184,81570,2026-01-08,Wrong Item,324.27
10185,81573,2025-06-21,Poor Quality,864.35
10186,81583,2025-04-24,Poor Quality,128.9
10187,81585,2025-03-14,Size Issue,119.75
10188,81596,2024-05-07,Wrong Item,491.87
10189,81599,2025-09-10,Late Delivery,41.77
10190,81612,2023-06-29,Damaged,606.85
10191,81628,2025-05-26,Customer Changed Mind,256.16
10192,81630,2024-11-24,Wrong Item,290.76
10193,81642,2025-04-14,Customer Changed Mind,432.65
10194,81654,2024-10-22,Customer Changed Mind,162.45
10195,81667,2025-11-21,Poor Quality,75.65
10196,81672,2026-01-12,Late Delivery,137.1
10197,81673,2025-11-25,Size Issue,125.48
10198,81676,2025-10-05,Size Issue,119.45
10199,81680,2025-11-07,Size Issue,641.26
10200,81690,2024-04-19,Poor Quality,168.02
10201,81692,2024-08-14,Poor Quality,358.86
10202,81693,2025-02-05,Damaged,452.87
10203,81698,2025-09-06,Damaged,33.67
10204,81700,2024-10-01,Late Delivery,66.09
10205,81701,2025-09-15,Late Delivery,51.28
10206,81714,2025-05-17,Customer Changed Mind,557.81
10207,81720,2024-10-28,Damaged,64.19
10208,81725,2026-01-03,Size Issue,255.16
10209,81771,2025-10-20,Customer Changed Mind,86.74
10210,81775,2025-10-06,Customer Changed Mind,53.58
10211,81780,2025-07-29,Customer Changed Mind,277.26
10212,81787,2023-08-25,Size Issue,77.02
10213,81792,2025-07-18,Size Issue,254.32
10214,81798,2025-05-16,Damaged,570.52
10215,81813,2024-01-16,Wrong Item,552.82
10216,81838,2025-07-14,Damaged,48.58
10217,81850,2025-04-27,Size Issue,289.06
10218,81852,2024-10-06,Size Issue,47.72
10219,81874,2024-11-15,Damaged,545.63
10220,81882,2025-11-03,Late Delivery,169.33
10221,81891,2023-12-02,Wrong Item,56.25
10222,81900,2025-04-22,Wrong Item,303.73
10223,81905,2024-12-04,Damaged,406.26
10224,81909,2025-02-07,Size Issue,1119.96
10225,81911,2025-12-16,Poor Quality,71.18
10226,81913,2025-12-07,Size Issue,33.58
10227,81915,2025-09-06,Size Issue,136.21
10228,81919,2025-05-05,Late Delivery,98.22
10229,81921,2024-01-03,Size Issue,279.53
10230,81927,2023-05-28,Poor Quality,117.81
10231,81928,2025-01-19,Damaged,286.28
10232,81930,2025-12-18,Wrong Item,32.59
10233,81939,2024-11-10,Size Issue,143.73
10234,81961,2024-08-30,Late Delivery,493.98
10235,81966,2026-01-06,Late Delivery,96.58
10236,81976,2026-01-25,Damaged,41.93
10237,81978,2023-06-22,Poor Quality,553.93
10238,81993,2024-10-03,Wrong Item,240.83
10239,81994,2024-09-25,Poor Quality,101.31
10240,82001,2025-07-22,Poor Quality,104.43
10241,82003,2026-01-08,Damaged,275.85
10242,82013,2024-12-08,Size Issue,197.98
10243,82016,2025-07-18,Size Issue,265.53
10244,82023,2025-01-24,Customer Changed Mind,9.78
10245,82050,2025-10-29,Late Delivery,947.9
10246,82051,2024-04-09,Wrong Item,379.21
10247,82056,2024-06-11,Size Issue,78.1
10248,82081,2025-07-08,Customer Changed Mind,111.41
10249,82091,2024-04-10,Late Delivery,227.17
10250,82102,2025-06-03,Late Delivery,88.46
10251,82104,2026-01-08,Size Issue,98.09
10252,82105,2025-06-08,Poor Quality,372.32
10253,82110,2025-01-23,Wrong Item,153.01
10254,82112,2025-03-18,Poor Quality,501.88
10255,82113,2025-07-17,Late Delivery,53.15
10256,82118,2025-07-24,Late Delivery,256.58
10257,82127,2026-01-16,Customer Changed Mind,168.79
10258,82135,2025-12-09,Size Issue,111.4
10259,82137,2026-01-18,Late Delivery,445.91
10260,82142,2025-04-25,Size Issue,99.28
10261,82145,2025-07-30,Damaged,497.8
10262,82150,2025-03-27,Poor Quality,133.64
10263,82153,2026-01-03,Customer Changed Mind,727.05
10264,82154,2023-07-01,Customer Changed Mind,346.92
10265,82157,2025-02-11,Poor Quality,86.31
10266,82161,2026-01-23,Damaged,225.0
10267,82165,2024-04-14,Customer Changed Mind,17.45
10268,82178,2025-07-01,Customer Changed Mind,160.69
10269,82190,2026-01-20,Wrong Item,398.24
10270,82197,2025-11-11,Size Issue,125.33
10271,82198,2025-03-24,Wrong Item,450.95
10272,82201,2025-01-02,Customer Changed Mind,34.21
10273,82203,2024-12-22,Poor Quality,137.19
10274,82220,2025-12-11,Size Issue,460.71
10275,82223,2025-04-17,Size Issue,19.43
10276,82229,2024-07-21,Size Issue,70.49
10277,82243,2024-07-11,Poor Quality,289.11
10278,82266,2025-11-19,Size Issue,36.02
10279,82276,2024-09-06,Size Issue,241.48
10280,82277,2025-06-11,Customer Changed Mind,166.57
10281,82294,2025-09-09,Size Issue,483.84
10282,82301,2025-01-22,Poor Quality,101.72
10283,82305,2024-03-26,Damaged,113.66
10284,82309,2024-08-31,Size Issue,431.72
10285,82313,2025-03-22,customer changed mind,93.42
10286,82317,2025-12-07,Damaged,628.64
10287,82328,2023-10-01,Size Issue,141.67
10288,82336,2025-10-21,Late Delivery,154.13
10289,82342,2025-10-11,Customer Changed Mind,134.22
10290,82343,2026-01-13,Late Delivery,315.0
10291,82361,2025-09-05,Customer Changed Mind,52.33
10292,82362,2025-09-07,Poor Quality,109.0
10293,82371,2024-12-23,Customer Changed Mind,44.13
10294,82386,2024-05-02,Size Issue,360.51
10295,82393,2025-09-14,Size Issue,466.18
10296,82396,2025-07-25,Size Issue,29.33
10297,82398,2026-01-26,Size Issue,47.98
10298,82399,2024-08-06,Late Delivery,11.38
10299,82411,2024-03-19,Size Issue,21.21
10300,82414,2026-01-08,Late Delivery,214.42
10301,82422,2025-01-18,Customer Changed Mind,27.26
10302,82428,2026-01-28,Size Issue,227.11
10303,82429,2025-08-25,Size Issue,551.02
10304,82432,2024-05-21,Size Issue,146.16
10305,82441,2025-03-16,Size Issue,256.57
10306,82475,2023-04-23,Poor Quality,225.31
10307,82485,2024-05-05,Size Issue,264.5
10308,82490,2025-07-24,Customer Changed Mind,84.86
10309,82494,2025-01-26,Poor Quality,136.38
10310,82506,2025-05-04,Customer Changed Mind,110.66
10311,82507,2024-01-19,Poor Quality,193.26
10312,82511,2025-07-22,Damaged,119.17
10313,82514,2024-12-04,Customer Changed Mind,87.29
10314,82517,2025-08-19,Size Issue,462.06
10315,82520,2025-11-14,Wrong Item,100.4
10316,82523,2024-08-13,Damaged,696.52
10317,82531,2024-12-20,Wrong Item,25.5
10318,82532,2026-01-26,Size Issue,93.49
10319,82560,2025-10-21,Size Issue,231.01
10320,82568,2026-01-04,late delivery,527.63
10321,82582,2024-09-02,Customer Changed Mind,297.22
10322,82584,2025-12-06,Size Issue,123.68
10323,82594,2025-08-12,Damaged,187.61
10324,82612,2025-02-04,Poor Quality,462.66
10325,82613,2025-10-28,Damaged,14.25
10326,82621,2025-06-11,Late Delivery,13.12
10327,82625,2024-03-02,Size Issue,58.3
10328,82630,2025-10-05,Damaged,282.03
10329,82644,2025-03-19,Late Delivery,798.18
10330,82670,2025-10-16,Size Issue,376.16
10331,82684,2025-04-07,Poor Quality,81.7
10332,82686,2025-12-28,Size Issue,112.53
10333,82691,2025-06-26,Damaged,69.2
10334,82692,2025-10-08,Poor Quality,25.44
10335,82706,2025-07-19,Late Delivery,592.74
10336,82710,2024-07-16,Size Issue,731.93
10337,82717,2025-04-14,Wrong Item,608.68
10338,82723,2025-03-20,Customer Changed Mind,26.45
10339,82729,2025-11-30,Customer Changed Mind,106.67
10340,82731,2025-12-16,Late Delivery,48.69
10341,82757,2025-12-16,Customer Changed Mind,15.54
10342,82771,2025-07-26,Late Delivery,73.76
10343,82773,2026-01-17,Poor Quality,98.25
10344,82783,2025-04-11,Damaged,554.65
10345,82789,2024-08-25,Poor Quality,80.0
10346,82790,2025-02-04,Damaged,153.27
10347,82796,2025-06-11,Late Delivery,25.93
10348,82800,2024-11-30,Late Delivery,123.51
10349,82815,2025-11-24,Late Delivery,294.68
10350,82817,2025-11-09,Late Delivery,276.84
10351,82832,2025-12-11,Damaged,617.2
10352,82835,2025-06-06,Size Issue,444.96
10353,82841,2025-11-18,Wrong Item,895.74
10354,82851,2025-03-02,Wrong Item,593.09
10355,82853,2024-06-09,Poor Quality,224.07
10356,82858,2023-12-03,Damaged,172.72
10357,82899,2025-11-06,Customer Changed Mind,58.95
10358,82901,2024-08-18,Damaged,431.57
10359,82920,2025-09-24,Late Delivery,75.61
10360,82932,2026-01-03,Damaged,278.36
10361,82948,2024-12-15,Wrong Item,63.72
10362,82957,2025-08-02,Wrong Item,35.15
10363,82958,2025-10-14,Late Delivery,161.48
10364,82960,2025-11-01,Wrong Item,460.58
10365,82963,2025-05-22,Late Delivery,147.05
10366,82995,2025-12-23,Size Issue,106.6
10367,82999,2025-01-16,Customer Changed Mind,335.74
10368,83018,2024-10-28,Late Delivery,261.77
10369,83021,2025-08-07,Poor Quality,234.81
10370,83046,2024-07-04,Poor Quality,379.77
10371,83052,2024-02-04,Size Issue,322.69
10372,83070,2025-07-28,Poor Quality,83.03
10373,83072,2025-04-18,Wrong Item,45.11
10374,83075,2025-01-03,Customer Changed Mind,22.88
10375,83077,2025-04-16,Wrong Item,457.39
10376,83080,2026-01-10,Damaged,1173.89
10377,83082,2025-09-20,Size Issue,778.26
10378,83085,2025-06-26,Wrong Item,90.13
10379,83089,2024-12-21,Poor Quality,187.02
10380,83090,2025-12-29,Size Issue,115.73
10381,83091,2026-01-26,Customer Changed Mind,148.97
10382,83098,2025-05-12,Size Issue,246.56
10383,83110,2026-01-22,Size Issue,444.88
10384,83112,2025-08-16,Late Delivery,309.53
10385,83113,2026-01-20,Late Delivery,49.34
10386,83115,2024-12-01,Damaged,96.61
10387,83118,2025-05-26,Size Issue,93.23
10388,83132,2024-11-16,Size Issue,533.24
10389,83147,2024-02-18,Size Issue,359.17
10390,83159,2024-11-28,Poor Quality,173.87
10391,83166,2025-11-05,Damaged,112.65
10392,83171,2025-12-21,Size Issue,17.4
10393,83172,2025-05-28,Customer Changed Mind,248.02
10394,83177,2024-06-05,Damaged,79.02
10395,83180,2025-10-15,Damaged,14.92
10396,83183,2026-01-17,Damaged,451.92
10397,83198,2024-08-24,late delivery,208.36
10398,83199,2025-10-05,Wrong Item,813.43
10399,83205,2024-06-08,Size Issue,25.0
10400,83211,2025-07-10,Size Issue,1133.19
10401,83214,2024-02-29,Size Issue,504.75
10402,83225,2023-10-16,Damaged,51.04
10403,83243,2024-11-15,Wrong Item,275.85
10404,83279,2025-06-06,Poor Quality,550.07
10405,83280,2025-03-20,Late Delivery,273.04
10406,83281,2025-04-12,Wrong Item,96.94
10407,83284,2025-09-29,Customer Changed Mind,340.38
10408,83293,2025-12-15,Size Issue,57.3
10409,83294,2026-01-11,Size Issue,76.07
10410,83298,2025-09-04,Customer Changed Mind,22.56
10411,83300,2025-11-02,Damaged,115.88
10412,83302,2026-01-08,Size Issue,187.33
10413,83308,2026-01-12,Wrong Item,29.31
10414,83314,2024-11-09,Late Delivery,94.44
10415,83315,2025-11-14,Poor Quality,323.64
10416,83346,2024-03-21,Size Issue,202.74
10417,83355,2024-11-06,Wrong Item,271.99
10418,83363,2025-08-17,Poor Quality,191.59
10419,83374,2025-10-14,Size Issue,84.73
10420,83377,2025-06-19,Size Issue,16.13
10421,83384,2024-06-09,Size Issue,72.52
10422,83397,2025-12-09,Damaged,35.72
10423,83403,2024-11-15,Late Delivery,86.24
10424,83419,2025-02-09,Damaged,236.84
10425,83444,2024-06-03,Damaged,403.41
10426,83447,2025-08-25,Customer Changed Mind,130.62
10427,83449,2024-03-14,Late Delivery,45.23
10428,83468,2025-06-09,Late Delivery,35.13
10429,83475,2024-10-20,Size Issue,515.66
10430,83485,2026-01-20,Size Issue,263.07
10431,83488,2025-07-08,Size Issue,235.11
10432,83490,2025-08-05,Size Issue,538.66
10433,83495,2025-01-24,Size Issue,117.94
10434,83520,2025-03-07,Size Issue,39.07
10435,83541,2025-01-21,Wrong Item,81.33
10436,83550,2026-01-02,Customer Changed Mind,78.7
10437,83567,2025-11-17,Damaged,415.72
10438,83599,2025-07-09,Size Issue,27.52
10439,83601,2024-08-23,Late Delivery,55.39
10440,83608,2024-06-20,Late Delivery,123.65
10441,83616,2026-01-23,Size Issue,296.75
10442,83623,2023-11-21,Size Issue,418.54
10443,83629,2025-07-22,Customer Changed Mind,16.48
10444,83632,2025-03-25,Wrong Item,62.88
10445,83640,2024-09-25,Damaged,382.45
10446,83649,2025-05-12,Size Issue,556.98
10447,83659,2024-06-20,Late Delivery,82.15
10448,83672,2024-11-07,Poor Quality,452.99
10449,83677,2023-10-17,Damaged,34.14
10450,83688,2025-01-02,Late Delivery,105.83
10451,83691,2025-02-08,Damaged,576.07
10452,83694,2024-01-01,Poor Quality,230.73
10453,83706,2024-06-07,Damaged,35.31
10454,83710,2024-06-10,Customer Changed Mind,410.4
10455,83719,2025-11-22,Poor Quality,288.12
10456,83729,2025-02-01,Wrong Item,509.27
10457,83731,2025-01-10,Wrong Item,77.74
10458,83753,2025-03-20,Customer Changed Mind,146.4
10459,83758,2024-03-13,Customer Changed Mind,188.99
10460,83783,2023-08-04,Size Issue,132.44
10461,83784,2025-12-25,Customer Changed Mind,72.98
10462,83805,2025-08-22,Customer Changed Mind,490.21
10463,83809,2024-10-15,Wrong Item,89.16
10464,83817,2025-08-16,Customer Changed Mind,344.52
10465,83826,2025-07-06,Size Issue,27.34
10466,83828,2025-01-13,Customer Changed Mind,114.66
10467,83831,2024-08-28,Late Delivery,54.35
10468,83836,2025-03-05,Damaged,771.2
10469,83847,2024-07-26,Size Issue,242.01
10470,83859,2025-05-20,Poor Quality,84.2
10471,83862,2026-01-17,Late Delivery,27.72
10472,83869,2025-11-08,Customer Changed Mind,73.82
10473,83882,2025-02-16,Size Issue,92.49
10474,83883,2024-12-16,Size Issue,26.96
10475,83902,2025-04-20,Wrong Item,133.76
10476,83908,2026-01-06,Size Issue,458.34
10477,83914,2025-12-21,Customer Changed Mind,34.42
10478,83918,2025-12-09,Size Issue,711.2
10479,83943,2025-10-13,Size Issue,1026.6
10480,83948,2024-05-01,Late Delivery,152.48
10481,83956,2025-12-11,Wrong Item,308.56
10482,83960,2025-11-09,Poor Quality,103.33
10483,83965,2024-01-28,Late Delivery,69.13
10484,83970,2024-11-03,Wrong Item,104.19
10485,83974,2024-10-03,Size Issue,820.15
10486,83987,2025-09-19,Size Issue,265.86
10487,83990,2024-11-23,Late Delivery,636.47
10488,83999,2024-08-30,Poor Quality,27.04
10489,84000,2025-06-01,Wrong Item,12.35
10490,84001,2025-01-13,Late Delivery,194.55
10491,84007,2025-07-02,Size Issue,160.85
10492,84026,2026-01-10,Customer Changed Mind,122.8
10493,84029,2025-12-28,Size Issue,47.11
10494,84030,2024-10-18,Late Delivery,34.01
10495,84032,2025-01-08,Late Delivery,347.07
10496,84033,2025-04-10,Customer Changed Mind,18.76
10497,84036,2026-01-17,Late Delivery,358.83
10498,84045,2024-12-14,Size Issue,41.94
10499,84047,2025-01-16,Damaged,295.73
10500,84051,2025-02-24,Customer Changed Mind,325.64
10501,84053,2025-06-27,Late Delivery,110.69
10502,84064,2025-12-10,Customer Changed Mind,842.09
10503,84070,2025-05-30,Size Issue,11.76
10504,84072,2025-12-06,Size Issue,452.87
10505,84079,2024-12-23,Customer Changed Mind,26.44
10506,84090,2025-06-15,Customer Changed Mind,60.87
10507,84091,2026-01-22,Damaged,455.74
10508,84099,2024-10-03,Customer Changed Mind,72.52
10509,84122,2025-11-28,Poor Quality,271.01
10510,84143,2026-01-12,Poor Quality,609.53
10511,84155,2024-08-03,Customer Changed Mind,178.98
10512,84175,2025-09-21,Size Issue,325.18
10513,84176,2024-12-16,Customer Changed Mind,28.12
10514,84178,2025-02-21,Poor Quality,164.85
10515,84193,2025-12-12,Poor Quality,436.05
10516,84197,2024-01-11,Size Issue,207.8
10517,84219,2025-10-04,Damaged,173.35
10518,84226,2026-01-05,Wrong Item,230.73
10519,84234,2024-02-16,Wrong Item,33.78
10520,84236,2025-01-08,Wrong Item,146.85
10521,84255,2025-09-21,Customer Changed Mind,265.08
10522,84269,2024-10-01,Damaged,85.5
10523,84275,2025-07-01,Damaged,123.83
10524,84287,2025-02-24,Poor Quality,221.81
10525,84288,2024-12-28,Customer Changed Mind,224.49
10526,84292,2024-09-16,Damaged,213.63
10527,84293,2025-05-07,Size Issue,533.78
10528,84297,2025-10-11,Size Issue,212.25
10529,84302,2025-11-30,Wrong Item,664.56
10530,84330,2025-12-24,Wrong Item,231.81
10531,84331,2024-05-05,Customer Changed Mind,173.92
10532,84341,2025-06-11,Customer Changed Mind,54.3
10533,84349,2025-10-24,Poor Quality,287.32
10534,84352,2024-05-16,Customer Changed Mind,32.44
10535,84357,2024-08-30,Late Delivery,84.33
10536,84363,2025-03-01,Poor Quality,192.4
10537,84365,2025-07-11,Wrong Item,147.36
10538,84373,2024-08-24,Late Delivery,106.75
10539,84398,2026-01-08,Customer Changed Mind,38.63
10540,84403,2023-12-27,Customer Changed Mind,11.12
10541,84406,2024-03-12,Wrong Item,187.92
10542,84413,2024-06-20,Wrong Item,376.12
10543,84418,2025-08-21,Size Issue,93.25
10544,84425,2024-11-17,Wrong Item,233.22
10545,84427,2025-07-13,Size Issue,487.14
10546,84428,2025-04-24,Damaged,431.98
10547,84430,2025-07-07,Customer Changed Mind,210.67
10548,84432,2025-06-20,Late Delivery,213.63
10549,84434,2025-03-28,Size Issue,453.06
10550,84439,2025-07-13,Size Issue,37.99
10551,84443,2024-01-06,Size Issue,57.41
10552,84444,2025-07-11,Size Issue,149.9
10553,84446,2025-08-04,Wrong Item,450.23
10554,84450,2025-12-11,Late Delivery,292.3
10555,84455,2026-01-28,Late Delivery,71.63
10556,84459,2025-09-02,Poor Quality,323.42
10557,84466,2025-08-15,Customer Changed Mind,605.45
10558,84472,2025-08-09,Wrong Item,300.25
10559,84479,2025-08-13,Damaged,132.83
10560,84483,2023-09-21,Late Delivery,136.09
10561,84503,2025-08-24,Poor Quality,150.74
10562,84525,2025-12-24,Size Issue,157.01
10563,84529,2026-01-23,Poor Quality,33.48
10564,84535,2024-12-11,Size Issue,346.66
10565,84542,2024-05-25,Poor Quality,454.1
10566,84550,2025-12-21,Customer Changed Mind,25.76
10567,84559,2025-07-05,Damaged,160.26
10568,84580,2025-10-22,Size Issue,553.96
10569,84592,2023-12-24,Poor Quality,61.17
10570,84597,2025-09-06,Wrong Item,119.67
10571,84608,2024-02-21,Customer Changed Mind,112.62
10572,84609,2024-06-07,Customer Changed Mind,431.09
10573,84613,2025-01-06,Size Issue,66.85
10574,84631,2024-12-26,Late Delivery,68.01
10575,84645,2025-12-29,Wrong Item,1187.37
10576,84654,2025-09-29,Customer Changed Mind,318.27
10577,84660,2025-11-01,Damaged,147.16
10578,84665,2025-01-29,Damaged,406.34
10579,84675,2024-02-22,poor quality,60.76
10580,84684,2025-05-02,Customer Changed Mind,289.47
10581,84687,2024-11-30,Poor Quality,825.06
10582,84689,2024-12-07,Late Delivery,71.88
10583,84712,2024-08-29,Damaged,419.83
10584,84723,2025-12-18,Wrong Item,313.52
10585,84728,2026-01-06,Wrong Item,749.97
10586,84732,2025-05-04,Poor Quality,276.33
10587,84737,2025-10-23,Late Delivery,42.71
10588,84744,2024-10-12,Size Issue,240.54
10589,84750,2025-01-16,Wrong Item,348.6
10590,84758,2024-11-25,Size Issue,45.46
10591,84766,2025-02-18,Size Issue,442.6
10592,84770,2025-03-08,Late Delivery,368.68
10593,84775,2024-04-17,Customer Changed Mind,92.31
10594,84780,2025-09-02,Damaged,84.69
10595,84785,2025-06-05,Poor Quality,37.73
10596,84787,2024-03-23,Customer Changed Mind,457.75
10597,84792,2025-05-16,Damaged,66.26
10598,84797,2026-01-20,Customer Changed Mind,415.16
10599,84800,2025-01-30,Late Delivery,583.58
10600,84814,2024-10-12,Damaged,456.06
10601,84822,2025-09-10,Customer Changed Mind,54.37
10602,84845,2025-12-01,Wrong Item,662.18
10603,84860,2025-12-08,Wrong Item,196.69
10604,84873,2024-06-11,Size Issue,361.1
10605,84877,2025-12-08,Poor Quality,820.05
10606,84898,2025-05-30,Late Delivery,423.05
10607,84903,2025-02-22,Size Issue,19.75
10608,84907,2025-12-19,Poor Quality,33.19
10609,84947,2025-10-28,Damaged,74.17
10610,84948,2024-04-16,Late Delivery,119.09
10611,84952,2025-04-19,Damaged,57.99
10612,84964,2026-01-25,Late Delivery,197.1
10613,84966,2025-09-01,Size Issue,71.36
10614,84971,2025-08-28,Size Issue,344.91
10615,84976,2024-11-17,Size Issue,75.33
10616,84992,2024-07-07,Size Issue,125.32
10617,84999,2024-06-22,Damaged,99.78
10618,85005,2025-06-05,Late Delivery,320.03
10619,85011,2025-12-21,Damaged,248.88
10620,85017,2025-07-30,Size Issue,423.17
10621,85018,2025-03-14,Damaged,69.2
10622,85031,2025-01-13,Wrong Item,200.05
10623,85058,2025-08-14,Customer Changed Mind,75.09
10624,85063,2023-09-09,Damaged,121.88
10625,85074,2025-05-27,Customer Changed Mind,173.08
10626,85082,2025-12-10,Size Issue,74.1
10627,85083,2025-12-17,Damaged,958.08
10628,85084,2025-03-30,Late Delivery,606.98
10629,85089,2025-01-05,Poor Quality,420.68
10630,85108,2026-01-15,Customer Changed Mind,125.23
10631,85115,2024-06-15,Size Issue,412.58
10632,85131,2025-05-14,Damaged,227.88
10633,85132,2025-10-25,Wrong Item,115.14
10634,85136,2024-07-04,Size Issue,257.07
10635,85146,2025-09-27,Size Issue,144.09
10636,85155,2025-03-20,Late Delivery,47.05
10637,85173,2025-01-15,Late Delivery,121.39
10638,85180,2024-11-17,Size Issue,295.4
10639,85185,2025-04-11,Customer Changed Mind,380.09
10640,85191,2026-01-25,Damaged,94.91
10641,85201,2024-11-05,Late Delivery,41.09
10642,85202,2025-11-07,Wrong Item,123.06
10643,85206,2025-11-06,Customer Changed Mind,623.78
10644,85209,2024-04-15,Late Delivery,30.81
10645,85219,2025-09-15,Size Issue,329.19
10646,85248,2023-10-07,Customer Changed Mind,126.66
10647,85266,2026-01-24,Customer Changed Mind,94.09
10648,85268,2025-08-15,Size Issue,204.6
10649,85274,2025-11-07,Size Issue,213.12
10650,85291,2024-05-24,Wrong Item,310.47
10651,85297,2024-12-19,Late Delivery,9.13
10652,85298,2026-01-06,Size Issue,18.91
10653,85303,2025-10-27,Poor Quality,293.62
10654,85305,2024-08-28,Size Issue,9.84
10655,85314,2025-04-29,Size Issue,62.75
10656,85315,2026-01-19,Late Delivery,108.7
10657,85331,2025-04-17,Late Delivery,49.86
10658,85347,2025-09-24,Poor Quality,250.28
10659,85349,2025-09-19,Wrong Item,717.49
10660,85350,2024-12-29,Poor Quality,220.25
10661,85356,2025-02-13,Customer Changed Mind,37.07
10662,85357,2026-01-13,Damaged,440.27
10663,85363,2025-07-22,Size Issue,172.07
10664,85385,2024-04-04,Poor Quality,39.7
10665,85391,2025-05-12,Wrong Item,464.82
10666,85393,2025-05-04,Size Issue,132.06
10667,85432,2025-03-02,Wrong Item,148.61
10668,85449,2025-06-28,Customer Changed Mind,62.84
10669,85454,2024-12-07,Late Delivery,66.72
10670,85459,2024-04-12,Poor Quality,63.97
10671,85460,2025-09-16,Wrong Item,24.21
10672,85473,2026-01-18,Damaged,773.44
10673,85483,2026-01-01,Size Issue,166.17
10674,85492,2023-11-27,Customer Changed Mind,324.06
10675,85498,2025-07-24,Size Issue,154.42
10676,85499,2026-01-03,Customer Changed Mind,35.24
10677,85505,2024-11-20,Poor Quality,200.31
10678,85515,2025-10-27,Damaged,449.46
10679,85519,2024-09-15,Poor Quality,816.48
10680,85529,2025-02-27,Size Issue,191.82
10681,85534,2026-01-10,Size Issue,554.01
10682,85539,2025-10-24,Customer Changed Mind,152.1
10683,85549,2026-01-13,Size Issue,243.73
10684,85569,2025-04-04,Late Delivery,89.38
10685,85570,2024-12-15,Customer Changed Mind,300.7
10686,85578,2025-12-24,Customer Changed Mind,260.94
10687,85612,2025-01-10,Customer Changed Mind,8.0
10688,85621,2024-08-23,Damaged,109.43
10689,85626,2024-06-17,Damaged,58.71
10690,85631,2024-05-02,Poor Quality,29.57
10691,85632,2026-01-21,Damaged,288.41
10692,85636,2026-01-21,Poor Quality,496.25
10693,85664,2025-03-18,Customer Changed Mind,22.26
10694,85674,2024-04-26,Damaged,689.17
10695,85675,2025-05-12,Poor Quality,128.12
10696,85687,2025-05-05,Late Delivery,535.95
10697,85696,2024-05-13,Customer Changed Mind,8.37
10698,85697,2025-12-15,Late Delivery,163.68
10699,85707,2024-05-17,Size Issue,50.07
10700,85713,2025-03-14,Customer Changed Mind,113.09
10701,85732,2024-11-29,Size Issue,76.17
10702,85736,2025-05-01,Poor Quality,79.69
10703,85748,2025-12-21,Late Delivery,332.09
10704,85750,2025-10-14,Poor Quality,418.89
10705,85751,2025-01-02,Late Delivery,186.57
10706,85762,2025-02-09,Wrong Item,161.1
10707,85767,2025-12-23,Size Issue,457.98
10708,85769,2025-02-22,Poor Quality,76.56
10709,85783,2025-02-18,Poor Quality,161.42
10710,85787,2024-08-03,Wrong Item,117.35
10711,85792,2025-07-16,Customer Changed Mind,364.96
10712,85804,2024-08-20,Customer Changed Mind,92.23
10713,85808,2024-12-17,Size Issue,407.07
10714,85812,2024-04-15,Customer Changed Mind,162.47
10715,85816,2024-06-19,Customer Changed Mind,92.36
10716,85818,2026-01-03,Customer Changed Mind,226.58
10717,85824,2024-07-27,Poor Quality,48.64
10718,85843,2025-09-24,Late Delivery,161.46
10719,85846,2025-06-04,Poor Quality,179.43
10720,85859,2025-11-02,Late Delivery,116.52
10721,85861,2026-01-08,Damaged,59.97
10722,85886,2026-01-05,Wrong Item,240.12
10723,85887,2026-01-13,Late Delivery,592.54
10724,85888,2025-12-24,Poor Quality,28.2
10725,85896,2025-05-21,Size Issue,621.82
10726,85897,2025-03-28,Size Issue,995.56
10727,85902,2024-04-11,Wrong Item,73.17
10728,85913,2023-10-25,Late Delivery,280.37
10729,85916,2025-02-12,Poor Quality,155.43
10730,85937,2026-01-07,Damaged,469.57
10731,85951,2023-08-05,Poor Quality,125.67
10732,85953,2024-11-19,Wrong Item,210.55
10733,85961,2025-06-03,Damaged,444.73
10734,85963,2025-09-22,Customer Changed Mind,158.57
10735,85978,2024-08-06,Customer Changed Mind,40.63
10736,86005,2024-11-17,Damaged,345.2
10737,86010,2026-01-29,Damaged,91.75
10738,86011,2025-04-08,Poor Quality,173.89
10739,86012,2024-07-29,Poor Quality,64.56
10740,86039,2025-06-25,Wrong Item,801.45
10741,86046,2025-04-07,Poor Quality,135.75
10742,86048,2025-07-13,Damaged,88.91
10743,86055,2023-06-30,Wrong Item,110.04
10744,86060,2024-12-16,Late Delivery,281.47
10745,86075,2025-05-17,Poor Quality,173.68
10746,86079,2024-05-10,Poor Quality,15.06
10747,86082,2025-11-27,Poor Quality,49.29
10748,86087,2025-11-18,Size Issue,617.34
10749,86096,2025-07-05,Size Issue,885.69
10750,86097,2024-12-13,Wrong Item,35.03
10751,86104,2025-01-17,Customer Changed Mind,142.9
10752,86110,2025-11-15,Size Issue,159.88
10753,86132,2024-12-29,Size Issue,92.95
10754,86149,2026-01-04,Wrong Item,236.13
10755,86154,2026-01-25,Poor Quality,81.04
10756,86174,2026-01-14,Size Issue,141.33
10757,86203,2025-10-05,Size Issue,195.16
10758,86208,2025-05-26,Customer Changed Mind,104.17
10759,86210,2025-11-17,Customer Changed Mind,94.98
10760,86213,2026-01-08,Late Delivery,412.82
10761,86222,2025-12-07,Size Issue,133.69
10762,86237,2026-01-07,Damaged,379.4
10763,86239,2024-03-14,Damaged,124.18
10764,86241,2025-11-23,Damaged,102.64
10765,86249,2025-02-14,Customer Changed Mind,527.22
10766,86258,2024-09-14,Size Issue,133.94
10767,86259,2023-11-10,Customer Changed Mind,39.41
10768,86262,2025-01-12,Wrong Item,427.11
10769,86284,2024-03-08,Customer Changed Mind,230.93
10770,86296,2025-04-13,Size Issue,36.68
10771,86308,2025-09-07,Damaged,244.47
10772,86321,2026-01-06,Damaged,33.38
10773,86331,2025-03-25,Wrong Item,139.36
10774,86343,2025-03-02,Wrong Item,79.34
10775,86344,2026-01-08,Damaged,306.17
10776,86349,2025-04-16,Poor Quality,68.08
10777,86355,2025-03-04,Customer Changed Mind,76.71
10778,86359,2025-10-21,Late Delivery,103.01
10779,86377,2025-09-08,Damaged,393.5
10780,86382,2024-05-29,Size Issue,9.43
10781,86389,2025-12-31,Size Issue,427.84
10782,86392,2025-07-08,Size Issue,35.15
10783,86394,2024-06-07,Poor Quality,51.26
10784,86395,2025-09-21,Wrong Item,226.86
10785,86399,2025-12-19,Size Issue,349.11
10786,86402,2025-02-16,Customer Changed Mind,379.57
10787,86429,2025-09-22,Damaged,463.05
10788,86443,2026-01-12,Late Delivery,88.72
10789,86450,2025-02-18,Poor Quality,83.02
10790,86470,2025-05-30,Customer Changed Mind,119.03
10791,86477,2024-02-09,Wrong Item,228.13
10792,86482,2025-07-09,Size Issue,44.43
10793,86483,2025-05-05,Size Issue,86.76
10794,86485,2024-12-22,Size Issue,400.81
10795,86487,2025-12-20,Size Issue,65.21
10796,86489,2024-11-12,Late Delivery,761.12
10797,86497,2025-08-24,Late Delivery,65.41
10798,86518,2025-10-14,Customer Changed Mind,48.77
10799,86528,2025-07-15,Wrong Item,131.49
10800,86532,2026-01-25,Late Delivery,48.86
10801,86533,2023-11-09,Size Issue,174.17
10802,86546,2023-12-29,Wrong Item,81.4
10803,86557,2026-01-09,Size Issue,20.11
10804,86565,2025-10-08,Size Issue,131.39
10805,86566,2025-05-10,Late Delivery,33.44
10806,86571,2025-08-30,Wrong Item,99.09
10807,86573,2024-03-28,Wrong Item,903.47
10808,86580,2026-01-03,Damaged,376.21
10809,86582,2025-12-02,Customer Changed Mind,39.31
10810,86603,2025-09-21,Wrong Item,55.94
10811,86619,2024-12-30,Customer Changed Mind,136.28
10812,86628,2025-11-16,Poor Quality,979.01
10813,86631,2024-12-19,Damaged,181.87
10814,86634,2025-08-31,Damaged,186.62
10815,86639,2024-06-26,Size Issue,29.32
10816,86657,2025-08-11,Size Issue,72.24
10817,86659,2025-12-22,Late Delivery,117.01
10818,86661,2025-12-19,Poor Quality,176.03
10819,86672,2024-12-15,Damaged,230.73
10820,86674,2025-08-16,Wrong Item,151.39
10821,86677,2023-10-24,Wrong Item,116.65
10822,86687,2024-12-02,Damaged,125.58
10823,86691,2024-12-24,Wrong Item,294.67
10824,86702,2025-12-20,Late Delivery,66.42
10825,86703,2026-01-07,Wrong Item,28.48
10826,86705,2025-11-29,Poor Quality,200.68
10827,86708,2025-07-28,Size Issue,170.11
10828,86710,2025-12-06,Damaged,159.46
10829,86738,2025-08-22,Customer Changed Mind,57.81
10830,86739,2025-11-13,Poor Quality,117.09
10831,86742,2023-10-22,Wrong Item,423.17
10832,86770,2024-06-08,Poor Quality,322.63
10833,86775,2024-05-21,Late Delivery,95.32
10834,86779,2025-10-21,Poor Quality,21.17
10835,86785,2025-10-12,Damaged,83.3
10836,86794,2025-12-18,Customer Changed Mind,165.91
10837,86796,2025-04-26,Poor Quality,147.92
10838,86808,2024-12-12,Late Delivery,103.03
10839,86810,2025-12-25,Damaged,188.76
10840,86816,2026-01-18,Poor Quality,66.96
10841,86822,2025-04-22,Late Delivery,144.64
10842,86827,2026-01-05,Damaged,41.63
10843,86830,2025-09-22,Damaged,36.84
10844,86839,2025-11-07,Size Issue,106.7
10845,86840,2025-12-26,Damaged,39.14
10846,86844,2026-01-14,Damaged,284.4
10847,86845,2026-01-11,Late Delivery,623.57
10848,86846,2025-06-20,Late Delivery,114.25
10849,86858,2025-12-07,Size Issue,39.79
10850,86860,2025-11-23,Customer Changed Mind,129.71
10851,86863,2024-12-03,Poor Quality,113.04
10852,86869,2025-05-22,Poor Quality,121.67
10853,86882,2025-08-20,Poor Quality,202.99
10854,86886,2025-10-17,Wrong Item,38.23
10855,86889,2025-02-14,Size Issue,599.28
10856,86892,2026-01-07,Poor Quality,27.23
10857,86896,2026-01-22,Damaged,51.07
10858,86917,2024-10-01,Damaged,162.22
10859,86920,2024-06-24,Wrong Item,122.44
10860,86926,2025-09-21,Late Delivery,913.49
10861,86932,2023-07-24,Size Issue,50.62
10862,86962,2025-07-17,Customer Changed Mind,460.09
10863,86965,2025-09-13,Size Issue,660.06
10864,86976,2025-07-11,Wrong Item,93.45
10865,86980,2025-12-17,Poor Quality,270.71
10866,86993,2025-09-27,Late Delivery,90.12
10867,86998,2025-09-12,Late Delivery,43.62
10868,87004,2026-01-01,Customer Changed Mind,28.8
10869,87010,2024-12-10,Size Issue,29.53
10870,87013,2025-05-09,Size Issue,300.77
10871,87024,2024-09-23,Wrong Item,180.48
10872,87036,2025-10-25,Wrong Item,115.54
10873,87055,2024-08-14,Size Issue,174.31
10874,87059,2025-06-08,Late Delivery,678.29
10875,87061,2025-05-28,Customer Changed Mind,114.18
10876,87064,2025-11-11,Wrong Item,33.79
10877,87079,2025-02-20,Poor Quality,275.23
10878,87083,2025-06-02,Damaged,90.23
10879,87085,2025-01-11,Customer Changed Mind,520.52
10880,87087,2024-03-29,Size Issue,81.77
10881,87095,2024-08-16,Damaged,584.91
10882,87112,2024-08-26,Poor Quality,85.94
10883,87113,2024-06-04,Poor Quality,503.85
10884,87116,2025-12-02,Customer Changed Mind,24.74
10885,87122,2025-08-03,Customer Changed Mind,159.34
10886,87129,2025-05-18,Size Issue,138.85
10887,87134,2025-09-13,Customer Changed Mind,206.06
10888,87140,2025-01-09,Late Delivery,198.31
10889,87155,2025-02-21,Damaged,63.14
10890,87161,2023-05-12,Late Delivery,397.56
10891,87168,2024-12-26,Late Delivery,25.4
10892,87169,2023-12-03,Size Issue,506.83
10893,87173,2025-07-16,Size Issue,31.97
10894,87174,2026-01-17,Poor Quality,288.27
10895,87177,2025-02-03,Late Delivery,104.86
10896,87188,2025-09-12,Poor Quality,181.98
10897,87191,2024-04-22,Size Issue,133.24
10898,87207,2025-01-12,Size Issue,238.02
10899,87209,2026-01-04,Wrong Item,58.63
10900,87212,2025-08-31,Size Issue,143.98
10901,87213,2025-09-16,Wrong Item,306.22
10902,87220,2024-01-28,Wrong Item,410.3
10903,87222,2025-10-30,Customer Changed Mind,424.07
10904,87226,2025-06-19,Late Delivery,337.51
10905,87233,2025-05-23,Size Issue,168.28
10906,87238,2025-10-09,Damaged,233.69
10907,87243,2024-12-30,Damaged,626.81
10908,87246,2025-03-25,Customer Changed Mind,192.86
10909,87249,2026-01-28,Customer Changed Mind,191.54
10910,87286,2025-09-04,Late Delivery,284.5
10911,87309,2025-10-08,Damaged,183.34
10912,87312,2025-03-19,Wrong Item,291.7
10913,87321,2025-05-21,Customer Changed Mind,267.97
10914,87335,2025-12-18,Size Issue,323.58
10915,87338,2026-01-03,size issue,146.64
10916,87340,2025-04-20,Poor Quality,37.26
10917,87344,2024-12-15,Customer Changed Mind,107.45
10918,87348,2025-12-31,Customer Changed Mind,483.14
10919,87350,2024-12-19,Poor Quality,500.02
10920,87362,2024-12-21,Poor Quality,771.7
10921,87372,2025-08-12,Damaged,112.04
10922,87383,2024-11-29,Late Delivery,537.45
10923,87396,2025-01-05,Customer Changed Mind,60.48
10924,87400,2024-11-21,Damaged,131.45
10925,87406,2024-08-28,Damaged,461.16
10926,87426,2025-03-30,Poor Quality,63.96
10927,87441,2025-01-20,Damaged,91.75
10928,87442,2024-10-26,Late Delivery,34.86
10929,87446,2025-11-03,Wrong Item,313.46
10930,87454,2025-07-11,Damaged,92.41
10931,87457,2024-05-18,Size Issue,126.11
10932,87461,2024-03-03,Customer Changed Mind,30.52
10933,87490,2025-10-18,Wrong Item,219.86
10934,87500,2025-04-02,Size Issue,694.63
10935,87504,2026-01-16,Late Delivery,475.02
10936,87510,2024-09-16,Customer Changed Mind,732.45
10937,87519,2025-05-25,Late Delivery,47.59
10938,87526,2024-08-01,Size Issue,250.78
10939,87548,2025-10-07,Wrong Item,42.1
10940,87551,2024-10-13,Size Issue,246.93
10941,87572,2025-12-09,Size Issue,295.94
10942,87573,2026-01-07,Damaged,577.64
10943,87582,2024-02-29,Customer Changed Mind,71.03
10944,87587,2024-02-20,Customer Changed Mind,160.55
10945,87594,2025-04-27,Poor Quality,46.89
10946,87597,2025-11-16,Damaged,599.29
10947,87603,2026-01-17,Damaged,353.41
10948,87605,2024-08-10,Size Issue,96.87
10949,87609,2024-09-03,Size Issue,68.01
10950,87619,2025-11-09,Poor Quality,350.47
10951,87621,2025-11-14,Damaged,404.03
10952,87623,2025-10-29,Late Delivery,195.04
10953,87626,2026-01-14,Wrong Item,410.54
10954,87642,2025-07-27,Customer Changed Mind,41.08
10955,87648,2025-07-24,Size Issue,32.5
10956,87655,2025-08-22,Wrong Item,545.02
10957,87658,2026-01-21,Customer Changed Mind,108.74
10958,87659,2025-10-28,Poor Quality,18.35
10959,87668,2024-10-30,Size Issue,193.65
10960,87676,2024-06-30,Damaged,335.97
10961,87704,2025-03-30,Damaged,151.92
10962,87713,2025-03-31,Poor Quality,233.13
10963,87718,2025-08-24,Customer Changed Mind,487.74
10964,87722,2025-11-29,Damaged,94.63
10965,87730,2025-06-29,Wrong Item,143.04
10966,87740,2026-01-20,Size Issue,284.23
10967,87754,2025-10-28,Wrong Item,39.55
10968,87771,2025-09-11,Damaged,250.2
10969,87778,2024-10-12,Late Delivery,396.29
10970,87783,2025-08-12,Size Issue,92.73
10971,87787,2025-01-08,Late Delivery,80.86
10972,87796,2026-01-29,Poor Quality,149.81
10973,87805,2024-03-03,Size Issue,800.51
10974,87807,2024-07-13,Customer Changed Mind,521.7
10975,87810,2025-07-19,Poor Quality,499.69
10976,87822,2025-12-02,Customer Changed Mind,5.37
10977,87830,2025-09-01,Damaged,231.41
10978,87832,2023-08-24,Damaged,23.42
10979,87846,2025-04-03,Late Delivery,604.51
10980,87856,2025-05-25,Damaged,168.53
10981,87860,2024-12-09,Late Delivery,243.19
10982,87873,2025-01-03,Wrong Item,87.6
10983,87874,2025-09-16,Size Issue,135.14
10984,87890,2025-12-11,Wrong Item,210.2
10985,87910,2024-12-15,Late Delivery,140.57
10986,87949,2024-06-30,Poor Quality,305.59
10987,87951,2025-11-23,Late Delivery,639.72
10988,87966,2024-01-21,Late Delivery,107.55
10989,87972,2026-01-16,Damaged,446.07
10990,87983,2026-01-14,Customer Changed Mind,381.98
10991,87991,2025-11-02,Size Issue,577.32
10992,88008,2025-11-02,Late Delivery,46.33
10993,88022,2023-10-26,Poor Quality,589.54
10994,88032,2025-11-26,Damaged,13.62
10995,88035,2025-10-25,Late Delivery,24.86
10996,88041,2025-08-28,Damaged,143.62
10997,88058,2024-07-15,Poor Quality,403.74
10998,88071,2025-02-18,Late Delivery,103.77
10999,88075,2024-08-28,Wrong Item,61.91
11000,88080,2025-04-22,Late Delivery,89.42
11001,88081,2025-03-24,Size Issue,248.37
11002,88088,2025-11-03,Late Delivery,165.06
11003,88095,2024-07-21,Poor Quality,149.92
11004,88096,2025-07-11,Size Issue,433.74
11005,88104,2023-11-08,Wrong Item,205.39
11006,88108,2026-01-08,Wrong Item,172.69
11007,88110,2024-03-28,Damaged,236.27
11008,88124,2025-02-05,Wrong Item,53.52
11009,88137,2025-07-24,Poor Quality,557.31
11010,88140,2025-03-12,Size Issue,243.14
11011,88146,2025-10-24,Late Delivery,503.84
11012,88147,2025-08-17,Wrong Item,105.14
11013,88158,2024-12-08,Customer Changed Mind,16.12
11014,88161,2024-11-04,Damaged,66.74
11015,88175,2024-03-28,Size Issue,74.13
11016,88186,2025-08-04,Size Issue,202.9
11017,88189,2025-10-17,Damaged,64.49
11018,88192,2024-07-31,Damaged,279.25
11019,88224,2024-08-26,Wrong Item,66.56
11020,88233,2026-01-23,Customer Changed Mind,423.46
11021,88250,2024-04-14,Size Issue,372.09
11022,88257,2024-01-31,Customer Changed Mind,524.06
11023,88266,2025-03-12,late delivery,469.4
11024,88272,2024-05-24,Size Issue,97.2
11025,88277,2025-05-16,Size Issue,211.27
11026,88278,2024-12-22,Customer Changed Mind,33.59
11027,88287,2025-05-25,Size Issue,414.16
11028,88288,2025-08-08,Size Issue,55.41
11029,88290,2024-12-07,Damaged,265.28
11030,88292,2025-10-14,Damaged,391.22
11031,88300,2025-11-17,Late Delivery,444.21
11032,88309,2024-03-12,Customer Changed Mind,355.59
11033,88319,2026-01-16,Poor Quality,77.39
11034,88326,2025-04-28,Size Issue,816.25
11035,88335,2024-12-30,Wrong Item,549.62
11036,88336,2025-12-06,Customer Changed Mind,12.11
11037,88343,2025-10-26,Late Delivery,94.65
11038,88356,2025-03-20,Wrong Item,194.0
11039,88357,2025-04-20,Size Issue,428.04
11040,88369,2024-03-20,Damaged,59.3
11041,88384,2025-12-17,Size Issue,103.04
11042,88395,2025-12-11,Poor Quality,41.56
11043,88398,2025-06-02,Wrong Item,84.57
11044,88409,2025-06-09,Wrong Item,163.8
11045,88427,2023-06-14,Size Issue,122.97
11046,88455,2026-01-07,Poor Quality,85.11
11047,88477,2026-01-15,Wrong Item,290.15
11048,88484,2025-06-16,Wrong Item,1292.91
11049,88495,2025-07-21,Late Delivery,33.66
11050,88507,2025-05-09,Late Delivery,12.84
11051,88511,2023-07-30,Poor Quality,436.67
11052,88523,2025-10-21,Size Issue,167.76
11053,88548,2025-12-25,Size Issue,27.98
11054,88553,2026-01-27,Poor Quality,77.73
11055,88558,2025-10-03,Customer Changed Mind,537.61
11056,88565,2024-11-16,Damaged,305.13
11057,88571,2024-06-11,Size Issue,33.54
11058,88577,2024-07-14,Size Issue,386.94
11059,88579,2025-11-24,Size Issue,89.53
11060,88585,2025-11-01,Damaged,704.73
11061,88589,2025-12-14,Wrong Item,190.93
11062,88604,2025-10-30,Damaged,29.1
11063,88614,2025-02-08,Damaged,148.44
11064,88621,2024-08-17,Wrong Item,280.47
11065,88622,2024-06-26,Size Issue,53.86
11066,88623,2025-04-26,Damaged,33.4
11067,88635,2025-01-25,Wrong Item,170.8
11068,88639,2026-01-04,Poor Quality,338.6
11069,88649,2024-06-04,Size Issue,126.45
11070,88650,2024-11-29,Late Delivery,294.81
11071,88659,2025-01-04,Size Issue,132.95
11072,88664,2026-01-12,Wrong Item,265.94
11073,88669,2025-07-17,Damaged,310.75
11074,88671,2025-01-09,Poor Quality,431.95
11075,88677,2023-09-20,Size Issue,472.97
11076,88701,2025-12-05,Size Issue,305.73
11077,88704,2025-05-31,Customer Changed Mind,294.48
11078,88706,2025-01-11,Size Issue,27.73
11079,88707,2025-12-05,Damaged,314.8
11080,88721,2025-12-04,Late Delivery,51.26
11081,88726,2023-11-18,Poor Quality,193.61
11082,88739,2025-10-16,Poor Quality,231.31
11083,88762,2026-01-04,Poor Quality,459.35
11084,88769,2025-08-11,Late Delivery,372.93
11085,88774,2025-06-26,Poor Quality,21.06
11086,88783,2025-01-25,Size Issue,107.57
11087,88791,2025-11-30,Damaged,105.51
11088,88804,2025-09-06,Customer Changed Mind,33.17
11089,88808,2024-10-14,Damaged,320.33
11090,88811,2025-05-09,Size Issue,138.74
11091,88820,2025-11-10,Poor Quality,17.81
11092,88828,2025-12-17,Poor Quality,38.99
11093,88833,2023-09-04,Wrong Item,161.83
11094,88834,2024-12-02,Late Delivery,29.65
11095,88844,2025-01-17,Late Delivery,185.83
11096,88849,2025-09-22,Late Delivery,45.24
11097,88850,2026-01-01,Poor Quality,589.45
11098,88864,2024-07-24,Size Issue,10.38
11099,88867,2025-07-25,Damaged,56.05
11100,88870,2025-03-16,Size Issue,677.63
11101,88871,2024-11-24,Size Issue,174.83
11102,88881,2025-09-24,Wrong Item,174.64
11103,88894,2025-07-28,Poor Quality,406.87
11104,88906,2025-08-24,Late Delivery,137.01
11105,88910,2025-07-04,Size Issue,120.95
11106,88917,2025-11-23,Wrong Item,258.03
11107,88926,2025-03-21,Poor Quality,55.03
11108,88940,2024-10-22,Late Delivery,214.39
11109,88949,2024-03-21,Poor Quality,94.46
11110,88969,2024-10-13,Late Delivery,116.28
11111,88971,2025-12-21,Customer Changed Mind,129.58
11112,88981,2025-09-07,Poor Quality,190.39
11113,88992,2025-08-02,Wrong Item,119.38
11114,88996,2025-09-28,Late Delivery,12.9
11115,88999,2025-12-13,Poor Quality,81.52
11116,89015,2024-10-16,Late Delivery,37.44
11117,89026,2025-06-02,Size Issue,1215.78
11118,89027,2025-05-16,Size Issue,45.57
11119,89031,2024-12-21,Wrong Item,62.04
11120,89051,2025-12-14,Wrong Item,921.73
11121,89056,2026-01-17,Late Delivery,184.45
11122,89063,2025-03-16,Poor Quality,199.69
11123,89067,2025-08-01,Customer Changed Mind,76.68
11124,89076,2025-08-03,Damaged,306.81
11125,89080,2023-07-22,Damaged,30.11
11126,89100,2023-09-13,Damaged,431.3
11127,89104,2024-06-28,Customer Changed Mind,323.81
11128,89107,2024-12-26,Size Issue,660.24
11129,89110,2025-01-02,Late Delivery,217.68
11130,89132,2025-12-15,Customer Changed Mind,210.01
11131,89156,2026-01-18,Wrong Item,28.63
11132,89159,2024-05-10,Wrong Item,779.81
11133,89161,2024-12-28,Wrong Item,806.33
11134,89181,2025-09-27,Wrong Item,998.15
11135,89197,2026-01-21,Damaged,148.51
11136,89206,2025-11-08,Wrong Item,403.51
11137,89217,2025-11-20,late delivery,137.13
11138,89230,2025-07-23,Damaged,129.43
11139,89231,2025-10-15,Size Issue,621.43
11140,89238,2026-01-12,Wrong Item,841.28
11141,89243,2026-01-27,Damaged,92.15
11142,89244,2024-06-16,Damaged,457.96
11143,89275,2024-11-18,Damaged,270.56
11144,89278,2025-08-28,Late Delivery,60.67
11145,89286,2025-08-11,Poor Quality,182.01
11146,89289,2024-11-27,Poor Quality,24.28
11147,89295,2025-11-17,Damaged,477.34
11148,89297,2026-01-28,Customer Changed Mind,372.82
11149,89306,2025-02-20,Poor Quality,52.26
11150,89325,2025-05-15,Wrong Item,32.19
11151,89343,2025-04-04,Late Delivery,284.23
11152,89350,2025-05-03,Customer Changed Mind,56.94
11153,89357,2024-09-11,Damaged,209.42
11154,89378,2025-08-26,Customer Changed Mind,71.52
11155,89385,2025-05-18,Damaged,118.8
11156,89395,2025-04-09,Customer Changed Mind,35.94
11157,89398,2024-08-24,Wrong Item,100.27
11158,89403,2025-06-03,Wrong Item,672.46
11159,89408,2025-11-29,Customer Changed Mind,39.13
11160,89412,2025-10-04,Wrong Item,238.72
11161,89428,2025-03-20,Wrong Item,99.67
11162,89436,2024-12-17,Poor Quality,89.54
11163,89438,2024-11-27,Customer Changed Mind,215.48
11164,89453,2025-05-24,Poor Quality,34.39
11165,89458,2025-12-06,Late Delivery,575.7
11166,89467,2024-07-08,Size Issue,520.28
11167,89468,2025-12-09,Poor Quality,400.37
11168,89471,2026-01-04,Size Issue,102.21
11169,89484,2026-01-04,Late Delivery,143.64
11170,89488,2023-12-13,Size Issue,144.9
11171,89493,2023-12-20,Customer Changed Mind,9.74
11172,89509,2025-07-18,Late Delivery,214.41
11173,89510,2025-07-20,Poor Quality,262.56
11174,89511,2025-12-27,Size Issue,849.22
11175,89513,2025-06-17,Damaged,526.58
11176,89536,2025-10-08,Customer Changed Mind,39.04
11177,89544,2026-01-23,Damaged,24.24
11178,89550,2025-11-19,Wrong Item,11.71
11179,89554,2026-01-16,Size Issue,556.44
11180,89561,2025-10-30,Customer Changed Mind,175.31
11181,89569,2024-05-07,Customer Changed Mind,217.3
11182,89580,2025-05-11,Late Delivery,884.01
11183,89589,2024-10-11,Customer Changed Mind,44.35
11184,89592,2023-11-30,Damaged,28.61
11185,89594,2025-01-21,Damaged,246.65
11186,89614,2024-01-01,Poor Quality,280.68
11187,89618,2025-10-10,Customer Changed Mind,450.66
11188,89620,2024-10-24,Size Issue,575.86
11189,89622,2025-08-19,Wrong Item,22.38
11190,89629,2024-05-23,Size Issue,205.89
11191,89640,2025-07-31,Damaged,196.97
11192,89642,2025-10-12,Damaged,48.34
11193,89644,2025-03-25,Customer Changed Mind,291.11
11194,89651,2026-01-09,Size Issue,105.95
11195,89661,2025-07-14,Wrong Item,63.35
11196,89666,2025-08-24,Customer Changed Mind,124.43
11197,89688,2025-06-12,Poor Quality,106.66
11198,89689,2025-11-19,Size Issue,540.13
11199,89690,2025-09-16,Wrong Item,50.85
11200,89691,2024-12-08,Customer Changed Mind,70.49
11201,89738,2025-12-29,Size Issue,453.92
11202,89739,2024-03-12,Late Delivery,38.66
11203,89743,2026-01-21,Wrong Item,186.74
11204,89754,2023-07-06,Wrong Item,646.21
11205,89756,2026-01-19,Wrong Item,17.05
11206,89766,2025-12-02,Size Issue,138.05
11207,89770,2024-11-04,Poor Quality,1534.59
11208,89780,2025-05-09,Size Issue,388.76
11209,89788,2025-04-15,Damaged,316.31
11210,89790,2025-03-03,Late Delivery,87.86
11211,89818,2025-09-01,Customer Changed Mind,43.89
11212,89828,2025-11-24,Poor Quality,65.24
11213,89829,2025-04-21,Customer Changed Mind,74.6
11214,89841,2026-01-26,Size Issue,257.58
11215,89852,2024-10-03,Late Delivery,215.59
11216,89854,2025-12-07,Customer Changed Mind,43.57
11217,89855,2025-10-10,Late Delivery,619.61
11218,89869,2024-04-19,Wrong Item,144.79
11219,89878,2025-02-28,Poor Quality,106.08
11220,89893,2024-08-27,Poor Quality,59.74
11221,89901,2025-05-21,Late Delivery,737.09
11222,89930,2024-02-17,wrong item,13.74
11223,89936,2025-04-08,Size Issue,838.06
11224,89939,2025-01-05,Size Issue,825.84
11225,89941,2024-03-25,Poor Quality,96.94
11226,89952,2025-08-10,Damaged,102.55
11227,89978,2024-12-02,Poor Quality,139.25
11228,89998,2025-01-05,Wrong Item,50.6
11229,90010,2025-05-10,Damaged,485.39
11230,90013,2025-11-18,Customer Changed Mind,216.41
11231,90034,2024-07-10,Poor Quality,216.64
11232,90035,2025-02-11,Customer Changed Mind,61.98
11233,90047,2025-12-05,Size Issue,131.3
11234,90048,2025-08-01,Customer Changed Mind,89.3
11235,90049,2025-12-28,Size Issue,164.67
11236,90051,2025-09-15,Customer Changed Mind,221.26
11237,90054,2025-08-02,Late Delivery,99.12
11238,90057,2025-05-23,Customer Changed Mind,524.05
11239,90059,2024-10-10,Size Issue,280.59
11240,90066,2025-06-21,Late Delivery,108.87
11241,90074,2024-07-17,Size Issue,155.24
11242,90091,2025-01-02,Poor Quality,111.75
11243,90096,2025-11-09,Customer Changed Mind,72.69
11244,90097,2025-12-12,Customer Changed Mind,38.11
11245,90123,2025-04-21,Size Issue,76.17
11246,90130,2024-12-04,Late Delivery,485.55
11247,90131,2025-11-19,Customer Changed Mind,97.88
11248,90140,2025-10-03,Size Issue,432.79
11249,90143,2025-06-13,Size Issue,610.45
11250,90158,2025-03-28,Size Issue,71.8
11251,90183,2025-08-16,Size Issue,432.92
11252,90185,2025-08-20,Wrong Item,213.64
11253,90230,2025-07-19,Size Issue,24.96
11254,90250,2025-11-19,Customer Changed Mind,308.04
11255,90262,2024-11-08,Damaged,227.41
11256,90266,2025-12-04,Customer Changed Mind,45.43
11257,90272,2025-12-27,Size Issue,110.99
11258,90284,2025-03-13,Poor Quality,408.52
11259,90287,2026-01-05,Late Delivery,415.86
11260,90292,2025-12-18,Wrong Item,144.19
11261,90298,2025-08-19,Size Issue,108.5
11262,90304,2025-01-29,Wrong Item,43.9
11263,90309,2025-06-04,Wrong Item,137.98
11264,90328,2026-01-13,Damaged,198.16
11265,90329,2025-04-11,Size Issue,49.74
11266,90330,2024-10-04,Damaged,769.78
11267,90336,2025-11-01,Late Delivery,379.41
11268,90352,2025-04-03,Damaged,178.77
11269,90359,2024-05-14,Poor Quality,469.71
11270,90373,2024-02-20,Customer Changed Mind,175.57
11271,90380,2024-11-15,Wrong Item,367.13
11272,90389,2026-01-27,Late Delivery,289.14
11273,90392,2024-12-26,Wrong Item,173.99
11274,90402,2025-11-10,Wrong Item,125.57
11275,90416,2025-06-08,Customer Changed Mind,125.6
11276,90428,2026-01-19,Size Issue,496.98
11277,90432,2025-05-05,Size Issue,221.9
11278,90438,2024-11-05,Damaged,519.54
11279,90448,2026-01-14,Late Delivery,191.95
11280,90453,2024-05-29,Customer Changed Mind,327.26
11281,90456,2023-12-01,Poor Quality,284.66
11282,90461,2024-10-25,Wrong Item,86.18
11283,90471,2025-11-24,Size Issue,269.9
11284,90480,2025-05-16,Wrong Item,250.32
11285,90508,2025-07-14,Poor Quality,141.85
11286,90511,2024-09-25,Damaged,254.5
11287,90516,2025-12-24,Wrong Item,400.55
11288,90521,2024-08-18,Customer Changed Mind,199.39
11289,90526,2024-07-12,Customer Changed Mind,38.17
11290,90539,2025-06-09,Customer Changed Mind,374.94
11291,90555,2026-01-23,Late Delivery,170.02
11292,90559,2025-11-17,Customer Changed Mind,133.82
11293,90564,2025-03-18,Customer Changed Mind,341.18
11294,90565,2024-12-18,Damaged,635.64
11295,90583,2024-12-10,Wrong Item,45.09
11296,90588,2026-01-09,Size Issue,74.46
11297,90599,2024-07-22,Size Issue,738.69
11298,90600,2026-01-28,Customer Changed Mind,103.22
11299,90604,2025-12-20,Late Delivery,48.82
11300,90615,2025-09-06,Size Issue,241.71
11301,90616,2025-12-22,Size Issue,305.96
11302,90617,2024-07-28,Customer Changed Mind,160.81
11303,90624,2026-01-15,Customer Changed Mind,182.75
11304,90632,2025-08-26,Late Delivery,301.24
11305,90650,2024-08-27,Wrong Item,704.41
11306,90652,2025-01-23,Customer Changed Mind,267.68
11307,90658,2026-01-22,Poor Quality,245.28
11308,90665,2026-01-15,Late Delivery,116.18
11309,90666,2025-12-12,Size Issue,25.57
11310,90673,2025-05-08,Damaged,489.3
11311,90688,2024-12-01,Late Delivery,213.77
11312,90695,2025-08-08,Size Issue,796.86
11313,90705,2025-10-03,Size Issue,55.42
11314,90710,2025-12-11,Customer Changed Mind,69.95
11315,90742,2025-02-12,Wrong Item,52.43
11316,90751,2024-03-26,Customer Changed Mind,95.43
11317,90759,2025-01-10,Damaged,415.55
11318,90784,2025-10-20,Customer Changed Mind,118.09
11319,90790,2025-12-10,Late Delivery,620.68
11320,90799,2025-04-24,Size Issue,326.88
11321,90807,2025-07-23,size issue,98.89
11322,90812,2026-01-14,Late Delivery,329.57
11323,90819,2025-08-25,Size Issue,534.08
11324,90834,2025-05-04,Poor Quality,248.87
11325,90836,2026-01-28,Size Issue,159.72
11326,90859,2025-12-19,Size Issue,153.06
11327,90882,2025-01-29,Customer Changed Mind,18.87
11328,90897,2025-12-17,Size Issue,45.37
11329,90910,2025-02-21,Size Issue,109.2
11330,90912,2025-05-21,Customer Changed Mind,139.96
11331,90913,2024-02-02,Size Issue,853.21
11332,90921,2025-04-30,Poor Quality,118.04
11333,90927,2025-02-08,Customer Changed Mind,135.59
11334,90934,2025-12-05,Damaged,440.84
11335,90935,2025-01-29,Damaged,65.28
11336,90938,2024-12-22,Damaged,147.74
11337,90947,2025-08-25,Poor Quality,853.13
11338,90950,2025-12-03,Wrong Item,211.24
11339,90957,2023-10-18,Size Issue,578.36
11340,90963,2025-08-19,Size Issue,652.4
11341,90976,2025-11-09,Size Issue,182.81
11342,90978,2024-05-31,Size Issue,231.47
11343,90986,2025-12-13,Damaged,472.18
11344,90987,2024-05-18,Late Delivery,346.3
11345,90991,2025-01-29,Damaged,442.43
11346,90993,2024-12-30,Size Issue,442.35
11347,90996,2025-03-02,Damaged,53.45
11348,91002,2024-12-16,Size Issue,30.76
11349,91008,2025-04-21,Damaged,498.25
11350,91010,2025-07-28,Size Issue,304.75
11351,91012,2025-10-01,Poor Quality,335.02
11352,91013,2024-06-03,Late Delivery,294.1
11353,91023,2025-04-27,Size Issue,104.32
11354,91037,2025-07-03,Size Issue,68.0
11355,91038,2025-11-04,Late Delivery,613.39
11356,91057,2023-06-13,Customer Changed Mind,294.1
11357,91072,2023-11-04,Damaged,205.13
11358,91116,2025-04-13,Size Issue,309.04
11359,91137,2023-10-26,Late Delivery,654.76
11360,91147,2026-01-06,Customer Changed Mind,60.8
11361,91163,2025-09-13,Poor Quality,678.16
11362,91168,2025-07-07,Wrong Item,109.75
11363,91210,2024-05-12,Size Issue,65.14
11364,91220,2025-04-23,Size Issue,107.31
11365,91224,2024-09-21,Poor Quality,39.66
11366,91242,2024-05-06,Size Issue,125.48
11367,91245,2025-07-30,Customer Changed Mind,88.65
11368,91247,2024-11-14,Poor Quality,129.33
11369,91263,2025-05-15,Wrong Item,97.23
11370,91266,2025-06-19,Customer Changed Mind,233.96
11371,91285,2025-12-21,Size Issue,718.24
11372,91291,2023-07-09,Damaged,296.1
11373,91293,2026-01-07,Damaged,795.92
11374,91319,2025-12-30,Wrong Item,21.43
11375,91337,2026-01-20,Customer Changed Mind,144.98
11376,91340,2026-01-06,Customer Changed Mind,131.49
11377,91343,2025-04-14,Customer Changed Mind,50.42
11378,91344,2025-10-10,Damaged,127.67
11379,91381,2026-01-08,Wrong Item,157.71
11380,91383,2024-09-13,Size Issue,54.46
11381,91389,2024-08-02,Poor Quality,47.73
11382,91391,2025-09-03,Size Issue,878.74
11383,91392,2024-12-07,Customer Changed Mind,188.49
11384,91393,2024-07-23,Customer Changed Mind,85.87
11385,91396,2025-06-11,Wrong Item,204.02
11386,91398,2025-12-12,Size Issue,133.68
11387,91408,2024-06-12,Customer Changed Mind,77.78
11388,91415,2025-09-08,Size Issue,911.4
11389,91417,2025-12-12,Customer Changed Mind,175.29
11390,91424,2025-05-25,Size Issue,282.9
11391,91430,2026-01-12,Size Issue,698.58
11392,91432,2026-01-08,Poor Quality,106.04
11393,91439,2024-05-06,Poor Quality,614.87
11394,91441,2024-08-22,Damaged,189.1
11395,91446,2025-05-25,Damaged,278.3
11396,91458,2025-07-06,Size Issue,348.54
11397,91467,2025-06-16,Damaged,198.47
11398,91476,2024-07-12,Poor Quality,72.28
11399,91487,2025-02-26,poor quality,135.15
11400,91497,2024-04-29,Size Issue,175.94
11401,91501,2024-12-27,Customer Changed Mind,52.09
11402,91507,2026-01-06,Size Issue,196.79
11403,91513,2023-05-08,Damaged,469.2
11404,91518,2025-12-12,Poor Quality,35.38
11405,91521,2024-08-19,Wrong Item,461.53
11406,91529,2024-02-18,Customer Changed Mind,116.51
11407,91532,2026-01-14,Wrong Item,189.16
11408,91542,2025-11-30,Size Issue,575.03
11409,91545,2025-11-25,Poor Quality,611.44
11410,91548,2023-04-20,Damaged,547.41
11411,91550,2025-06-23,Late Delivery,183.07
11412,91554,2024-03-09,Damaged,406.94
11413,91555,2026-01-05,Size Issue,168.64
11414,91557,2025-07-18,Damaged,30.48
11415,91558,2024-01-30,Size Issue,537.52
11416,91559,2023-08-01,Wrong Item,414.88
11417,91561,2026-01-20,Wrong Item,38.46
11418,91563,2025-12-29,Customer Changed Mind,44.27
11419,91605,2024-11-08,Damaged,266.46
11420,91606,2026-01-23,Customer Changed Mind,38.0
11421,91618,2026-01-04,Size Issue,90.04
11422,91632,2025-06-24,Poor Quality,76.32
11423,91634,2024-03-24,Size Issue,526.23
11424,91635,2025-05-27,Size Issue,441.8
11425,91639,2024-07-11,Size Issue,266.66
11426,91645,2024-05-03,Customer Changed Mind,15.61
11427,91650,2023-12-09,Wrong Item,331.66
11428,91665,2024-04-22,Damaged,190.54
11429,91679,2025-07-01,Poor Quality,34.72
11430,91684,2025-04-26,Size Issue,255.54
11431,91703,2025-11-04,Late Delivery,164.13
11432,91706,2025-06-04,Late Delivery,403.65
11433,91707,2025-10-20,Customer Changed Mind,122.28
11434,91712,2025-06-24,Wrong Item,61.04
11435,91713,2025-11-20,Poor Quality,360.44
11436,91738,2025-12-24,Size Issue,219.72
11437,91756,2025-01-14,Late Delivery,38.45
11438,91766,2024-08-12,Wrong Item,90.57
11439,91768,2026-01-28,Size Issue,58.92
11440,91770,2025-02-12,Damaged,142.52
11441,91794,2025-04-24,Damaged,109.4
11442,91795,2026-01-10,Wrong Item,152.13
11443,91797,2025-11-05,Size Issue,211.19
11444,91801,2025-11-24,Size Issue,19.44
11445,91802,2025-02-12,Size Issue,141.83
11446,91803,2025-10-09,Size Issue,510.89
11447,91826,2025-01-02,Customer Changed Mind,75.51
11448,91844,2024-08-24,Customer Changed Mind,251.66
11449,91845,2024-10-03,Poor Quality,494.09
11450,91860,2025-06-26,Customer Changed Mind,157.8
11451,91865,2025-12-28,Poor Quality,228.99
11452,91869,2024-04-02,Damaged,543.67
11453,91871,2023-10-31,Poor Quality,176.38
11454,91872,2025-09-04,Late Delivery,72.07
11455,91874,2025-08-14,Size Issue,12.64
11456,91881,2025-11-26,Size Issue,46.57
11457,91889,2025-11-23,Size Issue,31.01
11458,91896,2026-01-21,Customer Changed Mind,120.6
11459,91915,2025-09-15,Wrong Item,185.9
11460,91919,2024-12-10,Customer Changed Mind,148.01
11461,91920,2025-12-13,Late Delivery,305.71
11462,91924,2025-08-27,Customer Changed Mind,41.18
11463,91939,2025-07-10,Poor Quality,556.2
11464,91941,2024-12-23,Poor Quality,708.09
11465,91942,2024-05-16,Damaged,216.73
11466,91943,2026-01-12,Wrong Item,29.3
11467,91952,2025-06-14,Late Delivery,288.77
11468,91954,2025-07-22,Size Issue,236.92
11469,91978,2025-03-16,Damaged,605.73
11470,91986,2025-07-26,Damaged,143.37
11471,92016,2025-10-12,Size Issue,509.54
11472,92017,2024-07-15,Size Issue,83.19
11473,92035,2025-04-11,Customer Changed Mind,106.05
11474,92047,2025-12-04,Customer Changed Mind,39.17
11475,92053,2023-10-10,Customer Changed Mind,206.91
11476,92058,2026-01-07,Customer Changed Mind,275.72
11477,92068,2024-05-28,Size Issue,134.03
11478,92069,2025-11-30,Damaged,83.52
11479,92078,2025-11-28,Damaged,155.86
11480,92091,2024-12-01,Customer Changed Mind,48.06
11481,92103,2024-11-21,Size Issue,498.37
11482,92105,2024-03-14,Damaged,311.75
11483,92115,2024-04-18,Size Issue,491.76
11484,92135,2025-04-27,Wrong Item,245.66
11485,92145,2025-04-10,Size Issue,171.01
11486,92146,2025-11-02,Damaged,133.02
11487,92151,2025-10-29,Customer Changed Mind,178.68
11488,92171,2025-11-25,Size Issue,119.9
11489,92184,2026-01-16,Poor Quality,85.26
11490,92186,2024-10-07,Late Delivery,48.15
11491,92197,2023-08-04,Wrong Item,252.96
11492,92203,2025-08-13,Poor Quality,98.96
11493,92210,2025-04-16,Late Delivery,82.63
11494,92211,2025-12-20,Damaged,219.98
11495,92233,2025-12-30,Poor Quality,654.62
11496,92234,2023-12-03,Late Delivery,76.15
11497,92252,2026-01-18,Size Issue,405.05
11498,92266,2024-03-16,Customer Changed Mind,488.53
11499,92289,2024-10-03,Customer Changed Mind,262.6
11500,92334,2025-04-24,Size Issue,312.34
11501,92339,2025-12-07,Size Issue,26.42
11502,92343,2024-07-28,Damaged,217.46
11503,92344,2025-02-19,Size Issue,355.44
11504,92351,2025-09-21,Wrong Item,172.38
11505,92352,2024-12-31,Damaged,590.34
11506,92360,2025-04-19,Late Delivery,67.5
11507,92378,2024-08-24,Customer Changed Mind,380.12
11508,92383,2026-01-12,Wrong Item,71.46
11509,92395,2026-01-07,Late Delivery,324.96
11510,92418,2026-01-19,Late Delivery,378.16
11511,92424,2025-03-25,Size Issue,314.0
11512,92429,2025-04-19,Customer Changed Mind,29.15
11513,92439,2025-05-19,Wrong Item,231.15
11514,92453,2025-10-30,Size Issue,243.79
11515,92454,2025-02-07,Damaged,36.46
11516,92467,2024-06-08,Poor Quality,57.64
11517,92475,2025-06-17,Size Issue,150.32
11518,92481,2024-11-03,Size Issue,11.94
11519,92498,2026-01-25,Damaged,13.76
11520,92499,2024-09-10,Late Delivery,180.86
11521,92503,2025-10-25,Customer Changed Mind,103.1
11522,92523,2025-06-09,Size Issue,60.92
11523,92528,2024-12-18,Poor Quality,612.76
11524,92533,2024-04-30,Customer Changed Mind,336.39
11525,92565,2025-07-26,Customer Changed Mind,909.54
11526,92566,2025-02-26,Damaged,397.72
11527,92570,2025-02-17,Size Issue,182.7
11528,92579,2025-05-02,Size Issue,125.53
11529,92585,2026-01-23,Damaged,153.22
11530,92614,2025-07-31,Customer Changed Mind,46.41
11531,92616,2024-10-07,Poor Quality,475.74
11532,92631,2023-10-04,Poor Quality,53.06
11533,92635,2025-12-20,Late Delivery,579.38
11534,92649,2024-08-10,Damaged,28.9
11535,92654,2025-08-14,Customer Changed Mind,37.1
11536,92658,2025-10-07,Wrong Item,94.07
11537,92684,2025-09-02,Size Issue,57.45
11538,92687,2025-07-20,Size Issue,113.94
11539,92704,2025-11-03,Size Issue,362.97
11540,92716,2025-12-14,Damaged,58.18
11541,92721,2026-01-12,Customer Changed Mind,41.21
11542,92732,2023-12-26,Damaged,8.83
11543,92733,2024-04-03,Size Issue,202.35
11544,92735,2026-01-10,Size Issue,433.29
11545,92738,2025-05-07,Customer Changed Mind,32.45
11546,92750,2024-01-17,Damaged,447.15
11547,92751,2025-10-14,Damaged,36.99
11548,92755,2024-06-30,Late Delivery,1235.63
11549,92773,2024-11-18,Poor Quality,182.11
11550,92780,2025-06-13,Size Issue,322.81
11551,92789,2026-01-28,Size Issue,220.87
11552,92808,2024-11-23,Size Issue,189.09
11553,92831,2025-06-02,Size Issue,78.21
11554,92835,2023-11-09,Wrong Item,550.23
11555,92839,2025-07-17,Customer Changed Mind,87.89
11556,92845,2024-07-06,Late Delivery,33.7
11557,92846,2025-05-06,Size Issue,21.52
11558,92849,2024-12-25,Poor Quality,196.09
11559,92853,2025-03-05,Customer Changed Mind,364.98
11560,92854,2026-01-02,Customer Changed Mind,81.91
11561,92861,2025-08-01,Damaged,226.03
11562,92864,2025-11-06,Wrong Item,71.32
11563,92881,2026-01-02,Damaged,567.8
11564,92891,2025-12-20,Wrong Item,128.49
11565,92893,2025-05-31,Poor Quality,1191.89
11566,92899,2025-08-23,Wrong Item,84.25
11567,92908,2025-09-19,Poor Quality,66.55
11568,92918,2023-09-07,Late Delivery,272.83
11569,92932,2025-01-25,Size Issue,75.49
11570,92935,2026-01-26,Late Delivery,296.93
11571,92944,2024-08-30,Size Issue,486.56
11572,92949,2025-04-07,Customer Changed Mind,399.08
11573,92950,2025-12-21,Late Delivery,30.21
11574,92955,2023-06-03,Size Issue,148.17
11575,92961,2025-10-21,Size Issue,90.75
11576,92972,2024-10-14,Customer Changed Mind,295.53
11577,92989,2024-08-07,Size Issue,207.49
11578,92991,2024-07-11,Damaged,303.71
11579,92998,2024-12-16,Poor Quality,57.23
11580,93000,2025-09-22,Damaged,503.56
11581,93001,2025-04-18,Size Issue,201.24
11582,93004,2025-04-06,Customer Changed Mind,73.63
11583,93008,2024-12-15,Poor Quality,80.8
11584,93049,2025-01-23,Size Issue,202.27
11585,93095,2024-09-13,Size Issue,592.72
11586,93104,2025-11-18,Size Issue,129.29
11587,93113,2025-12-01,Wrong Item,354.75
11588,93114,2025-08-25,Size Issue,325.67
11589,93149,2025-07-11,Late Delivery,61.59
11590,93166,2024-01-07,Damaged,190.8
11591,93173,2024-07-02,Wrong Item,110.62
11592,93177,2025-12-19,Customer Changed Mind,622.84
11593,93178,2025-11-12,Wrong Item,33.45
11594,93179,2025-06-13,Wrong Item,32.37
11595,93189,2025-03-08,Customer Changed Mind,22.57
11596,93190,2026-01-13,Wrong Item,282.59
11597,93199,2024-07-07,Late Delivery,617.62
11598,93211,2025-01-24,Damaged,77.78
11599,93214,2025-12-08,Damaged,703.79
11600,93215,2024-08-11,Size Issue,193.77
11601,93240,2026-01-28,Poor Quality,371.43
11602,93249,2024-08-22,Late Delivery,11.15
11603,93250,2026-01-03,Customer Changed Mind,223.08
11604,93251,2024-08-21,Size Issue,69.95
11605,93253,2025-04-04,Size Issue,72.9
11606,93259,2025-08-05,Late Delivery,83.92
11607,93268,2024-06-09,Late Delivery,1130.44
11608,93278,2025-12-26,Damaged,99.24
11609,93285,2025-12-31,Damaged,256.76
11610,93286,2025-07-18,Customer Changed Mind,85.88
11611,93295,2026-01-22,Late Delivery,198.56
11612,93308,2025-11-15,Size Issue,504.18
11613,93327,2025-11-26,Size Issue,93.28
11614,93338,2025-04-10,Size Issue,72.01
11615,93339,2025-10-05,Size Issue,487.36
11616,93341,2025-12-16,Size Issue,20.81
11617,93346,2025-01-24,Size Issue,445.01
11618,93348,2025-10-28,Damaged,196.58
11619,93358,2025-07-29,Late Delivery,220.6
11620,93359,2025-02-01,Wrong Item,528.5
11621,93360,2025-10-24,Damaged,336.39
11622,93365,2025-09-24,Poor Quality,299.91
11623,93366,2026-01-26,Size Issue,34.97
11624,93373,2024-12-20,Customer Changed Mind,38.6
11625,93374,2025-06-17,Poor Quality,312.55
11626,93388,2025-07-02,Damaged,396.02
11627,93397,2025-05-24,Late Delivery,273.73
11628,93410,2025-03-14,Size Issue,36.57
11629,93426,2025-08-16,Size Issue,54.3
11630,93428,2025-11-23,Poor Quality,785.07
11631,93430,2025-11-13,Poor Quality,568.98
11632,93431,2025-04-18,Late Delivery,267.26
11633,93436,2025-09-16,Customer Changed Mind,106.68
11634,93447,2026-01-17,Late Delivery,518.03
11635,93455,2025-04-13,Customer Changed Mind,15.44
11636,93464,2025-05-25,Wrong Item,345.43
11637,93468,2024-10-27,Damaged,158.5
11638,93475,2025-12-21,Size Issue,42.82
11639,93476,2026-01-13,Size Issue,45.06
11640,93502,2025-08-28,Poor Quality,37.09
11641,93520,2025-05-17,Poor Quality,308.24
11642,93522,2024-01-21,Size Issue,38.48
11643,93529,2026-01-05,Wrong Item,34.18
11644,93536,2024-10-06,Damaged,460.0
11645,93543,2025-09-02,Late Delivery,291.99
11646,93560,2025-02-08,Damaged,417.96
11647,93561,2026-01-13,Size Issue,38.45
11648,93566,2025-01-05,Wrong Item,70.9
11649,93570,2025-03-22,Late Delivery,681.0
11650,93572,2025-11-25,Late Delivery,82.82
11651,93575,2025-12-15,Late Delivery,310.85
11652,93584,2025-04-18,Customer Changed Mind,426.78
11653,93591,2026-01-27,Customer Changed Mind,196.7
11654,93603,2025-11-27,Poor Quality,1259.18
11655,93604,2024-06-10,Poor Quality,660.81
11656,93606,2025-12-23,Customer Changed Mind,539.33
11657,93613,2024-10-21,Late Delivery,956.71
11658,93618,2024-10-24,Size Issue,58.05
11659,93622,2025-07-06,Poor Quality,1060.44
11660,93629,2025-09-10,Wrong Item,495.25
11661,93636,2025-02-18,Size Issue,468.59
11662,93640,2025-08-14,Size Issue,605.54
11663,93649,2025-04-17,Late Delivery,218.03
11664,93675,2025-11-20,Size Issue,387.9
11665,93682,2024-03-04,Late Delivery,95.38
11666,93683,2025-08-25,Wrong Item,543.18
11667,93684,2025-10-26,Damaged,176.67
11668,93685,2025-08-12,Damaged,134.04
11669,93688,2025-07-30,size issue,93.31
11670,93703,2025-11-10,Size Issue,540.84
11671,93722,2025-12-27,Wrong Item,54.38
11672,93725,2025-02-11,Customer Changed Mind,39.92
11673,93733,2025-06-18,Size Issue,597.62
11674,93737,2024-10-05,Poor Quality,190.74
11675,93744,2025-01-01,Wrong Item,206.22
11676,93753,2026-01-02,Wrong Item,14.99
11677,93759,2024-12-08,Customer Changed Mind,64.53
11678,93766,2024-08-24,Damaged,64.47
11679,93769,2024-04-22,Size Issue,31.48
11680,93772,2025-06-23,Poor Quality,19.53
11681,93782,2024-12-19,Late Delivery,422.08
11682,93801,2025-11-16,Wrong Item,103.0
11683,93809,2025-08-02,Poor Quality,47.25
11684,93847,2025-10-07,Customer Changed Mind,359.49
11685,93860,2025-02-06,Customer Changed Mind,30.66
11686,93865,2025-10-12,Damaged,49.87
11687,93875,2025-09-28,Size Issue,435.34
11688,93878,2024-09-18,Damaged,146.78
11689,93882,2026-01-19,Customer Changed Mind,783.29
11690,93891,2024-08-06,Customer Changed Mind,299.1
11691,93897,2024-05-02,Late Delivery,15.51
11692,93901,2024-03-17,Wrong Item,183.43
11693,93906,2025-06-21,Late Delivery,60.93
11694,93914,2025-08-26,Customer Changed Mind,43.69
11695,93918,2025-04-26,Wrong Item,67.76
11696,93933,2023-11-17,Wrong Item,146.81
11697,93938,2026-01-04,Late Delivery,94.34
11698,93941,2025-07-29,Size Issue,96.26
11699,93943,2025-09-05,Poor Quality,525.38
11700,93946,2025-08-25,Size Issue,75.45
11701,93947,2025-01-15,Customer Changed Mind,27.62
11702,93956,2025-03-22,Wrong Item,136.15
11703,93964,2025-05-07,Damaged,992.19
11704,93968,2025-02-27,Customer Changed Mind,62.3
11705,93980,2026-01-27,Size Issue,31.37
11706,93989,2025-11-07,Wrong Item,99.68
11707,94008,2025-10-24,Late Delivery,163.28
11708,94012,2024-10-01,Damaged,471.46
11709,94013,2024-02-19,Size Issue,126.04
11710,94022,2025-01-08,Poor Quality,260.0
11711,94033,2025-10-16,Poor Quality,40.15
11712,94043,2024-12-01,Customer Changed Mind,209.98
11713,94044,2025-03-20,Wrong Item,55.11
11714,94054,2025-06-20,Damaged,531.62
11715,94062,2024-11-07,Customer Changed Mind,186.67
11716,94072,2025-08-11,Poor Quality,237.48
11717,94073,2024-06-25,Wrong Item,143.4
11718,94082,2025-11-24,Size Issue,71.66
11719,94088,2024-10-31,Size Issue,537.59
11720,94100,2025-10-11,Damaged,592.62
11721,94110,2025-09-28,Damaged,166.56
11722,94111,2025-04-04,Size Issue,59.96
11723,94123,2024-02-03,Poor Quality,102.23
11724,94124,2025-10-18,Poor Quality,409.27
11725,94128,2025-07-13,Size Issue,91.04
11726,94131,2025-06-21,Size Issue,20.65
11727,94135,2025-10-03,Size Issue,492.73
11728,94158,2024-03-16,Late Delivery,834.18
11729,94172,2025-10-08,Damaged,1823.07
11730,94175,2025-11-29,Late Delivery,358.27
11731,94204,2025-03-22,Size Issue,340.84
11732,94211,2023-09-20,Poor Quality,112.45
11733,94213,2025-01-06,Poor Quality,60.7
11734,94221,2025-05-30,Poor Quality,462.37
11735,94222,2025-12-31,Poor Quality,80.55
11736,94228,2024-07-23,poor quality,248.17
11737,94236,2024-12-18,Size Issue,98.55
11738,94239,2024-07-15,Poor Quality,155.0
11739,94265,2024-10-17,Wrong Item,166.87
11740,94276,2024-10-14,Wrong Item,14.47
11741,94302,2026-01-16,Late Delivery,132.46
11742,94313,2025-12-14,Poor Quality,1125.27
11743,94317,2026-01-15,Poor Quality,161.52
11744,94329,2025-05-10,Customer Changed Mind,145.24
11745,94343,2023-07-22,Size Issue,355.93
11746,94351,2025-09-10,Customer Changed Mind,45.81
11747,94355,2025-12-15,Size Issue,110.87
11748,94377,2026-01-17,Damaged,463.81
11749,94384,2025-06-08,Customer Changed Mind,54.46
11750,94397,2025-11-27,Customer Changed Mind,185.6
11751,94399,2024-07-17,Damaged,53.3
11752,94415,2025-07-04,Size Issue,125.63
11753,94423,2025-05-16,Late Delivery,21.98
11754,94437,2025-06-24,Wrong Item,345.07
11755,94443,2024-12-12,Damaged,722.63
11756,94446,2024-10-29,size issue,334.76
11757,94460,2025-08-02,Size Issue,87.19
11758,94468,2025-05-15,Size Issue,807.1
11759,94494,2025-12-13,Wrong Item,188.77
11760,94503,2024-06-05,Poor Quality,379.06
11761,94511,2026-01-04,Size Issue,145.62
11762,94516,2025-06-17,Late Delivery,37.15
11763,94519,2026-01-20,Customer Changed Mind,221.27
11764,94520,2023-07-01,Poor Quality,80.18
11765,94522,2025-01-14,Damaged,354.75
11766,94524,2025-12-08,Damaged,32.52
11767,94569,2024-06-16,Late Delivery,13.16
11768,94574,2025-06-25,Size Issue,416.83
11769,94589,2025-04-17,Late Delivery,197.86
11770,94591,2025-05-02,Poor Quality,288.1
11771,94602,2024-12-22,Wrong Item,76.23
11772,94610,2026-01-16,Wrong Item,461.42
11773,94615,2024-12-12,Poor Quality,545.59
11774,94619,2024-12-29,Size Issue,466.44
11775,94626,2024-06-21,Poor Quality,216.47
11776,94641,2026-01-23,Poor Quality,52.8
11777,94645,2025-06-21,Customer Changed Mind,47.75
11778,94648,2026-01-06,Size Issue,178.59
11779,94652,2025-08-20,Customer Changed Mind,371.11
11780,94666,2024-05-15,Customer Changed Mind,241.34
11781,94667,2023-06-18,Size Issue,110.32
11782,94669,2024-12-09,Wrong Item,44.18
11783,94677,2025-07-25,Customer Changed Mind,191.94
11784,94678,2025-05-10,Wrong Item,45.38
11785,94679,2024-01-20,Customer Changed Mind,290.65
11786,94683,2023-12-17,Customer Changed Mind,350.18
11787,94684,2025-11-20,Poor Quality,66.94
11788,94693,2024-01-10,Size Issue,462.03
11789,94717,2025-04-01,Damaged,46.57
11790,94720,2026-01-02,Size Issue,96.71
11791,94723,2025-05-20,Poor Quality,12.84
11792,94724,2025-12-06,Size Issue,29.41
11793,94731,2025-05-26,Damaged,184.14
11794,94732,2026-01-10,Size Issue,95.86
11795,94743,2024-04-16,Damaged,190.59
11796,94752,2024-12-10,Wrong Item,265.17
11797,94761,2025-10-19,Size Issue,238.75
11798,94768,2024-10-25,Poor Quality,45.43
11799,94779,2025-02-23,Wrong Item,20.65
11800,94785,2025-03-19,Customer Changed Mind,124.87
11801,94787,2025-01-27,Poor Quality,160.98
11802,94840,2025-12-18,Damaged,518.56
11803,94847,2024-10-30,Size Issue,289.58
11804,94857,2023-09-24,Size Issue,22.32
11805,94867,2025-06-06,Customer Changed Mind,172.65
11806,94870,2025-04-30,Size Issue,149.3
11807,94874,2024-11-29,Damaged,838.68
11808,94881,2025-07-11,Late Delivery,74.01
11809,94902,2024-09-14,Wrong Item,93.58
11810,94908,2025-12-30,Size Issue,467.86
11811,94914,2025-12-30,Size Issue,228.58
11812,94923,2025-01-04,Poor Quality,502.02
11813,94925,2025-10-26,Wrong Item,39.53
11814,94929,2025-10-11,Size Issue,238.34
11815,94939,2025-10-29,Poor Quality,73.65
11816,94956,2025-02-17,Late Delivery,95.31
11817,94959,2023-11-02,Late Delivery,303.0
11818,94967,2024-01-08,Late Delivery,104.35
11819,94971,2025-11-17,Damaged,34.35
11820,94986,2025-05-10,Damaged,339.17
11821,94989,2025-11-17,Poor Quality,568.4
11822,94993,2024-08-10,Damaged,46.65
11823,95004,2025-02-24,Size Issue,105.86
11824,95012,2025-10-26,Customer Changed Mind,163.6
11825,95015,2025-03-29,Size Issue,317.91
11826,95018,2025-08-23,Damaged,169.84
11827,95026,2024-07-29,Late Delivery,113.44
11828,95031,2026-01-24,Poor Quality,433.76
11829,95039,2024-07-22,Customer Changed Mind,555.45
11830,95050,2025-04-18,Poor Quality,83.59
11831,95054,2025-02-03,Size Issue,512.86
11832,95061,2024-10-22,Size Issue,114.59
11833,95099,2025-01-10,Customer Changed Mind,55.73
11834,95106,2025-01-22,Customer Changed Mind,177.19
11835,95114,2026-01-18,Size Issue,53.74
11836,95122,2025-12-08,Size Issue,148.68
11837,95144,2024-11-21,Late Delivery,547.67
11838,95165,2023-05-16,Poor Quality,200.71
11839,95169,2023-07-01,Customer Changed Mind,92.05
11840,95170,2024-04-15,Poor Quality,27.07
11841,95181,2023-09-07,Wrong Item,163.54
11842,95184,2024-11-19,Size Issue,38.32
11843,95214,2025-02-24,Size Issue,92.36
11844,95223,2026-01-04,Wrong Item,348.35
11845,95235,2024-10-19,Wrong Item,152.62
11846,95252,2024-12-21,Late Delivery,209.16
11847,95256,2025-12-06,Wrong Item,175.64
11848,95305,2025-12-27,Damaged,991.14
11849,95308,2025-03-15,Poor Quality,526.94
11850,95309,2024-11-19,Wrong Item,256.21
11851,95323,2025-10-01,Customer Changed Mind,42.82
11852,95330,2024-03-04,Customer Changed Mind,350.98
11853,95331,2025-12-30,Customer Changed Mind,47.39
11854,95341,2026-01-10,Poor Quality,907.14
11855,95345,2023-12-06,Poor Quality,596.62
11856,95347,2025-08-31,Wrong Item,159.74
11857,95356,2024-01-07,Wrong Item,42.8
11858,95372,2025-06-26,Poor Quality,94.92
11859,95378,2026-01-07,Late Delivery,225.07
11860,95379,2025-04-24,Late Delivery,1026.49
11861,95384,2026-01-10,Poor Quality,317.28
11862,95412,2025-11-30,Poor Quality,608.25
11863,95414,2024-07-01,Size Issue,475.6
11864,95427,2026-01-28,Customer Changed Mind,466.11
11865,95433,2024-07-13,Wrong Item,213.79
11866,95437,2024-11-05,Poor Quality,275.94
11867,95456,2024-05-05,Late Delivery,315.3
11868,95457,2025-12-30,Poor Quality,109.06
11869,95467,2023-03-03,Damaged,217.08
11870,95469,2024-08-24,Poor Quality,35.45
11871,95479,2024-09-05,Size Issue,429.81
11872,95487,2026-01-01,Wrong Item,195.16
11873,95505,2025-10-10,Size Issue,177.11
11874,95516,2024-11-10,Customer Changed Mind,161.11
11875,95517,2023-09-06,Poor Quality,56.72
11876,95558,2024-05-15,Wrong Item,234.96
11877,95560,2024-09-24,Late Delivery,117.51
11878,95561,2025-08-14,Damaged,318.17
11879,95571,2025-05-22,Customer Changed Mind,212.53
11880,95578,2025-09-02,Poor Quality,118.43
11881,95580,2025-04-29,Damaged,382.06
11882,95586,2026-01-04,Size Issue,73.02
11883,95605,2025-03-26,Size Issue,288.66
11884,95615,2025-08-21,Size Issue,201.67
11885,95619,2025-10-19,Late Delivery,57.44
11886,95628,2025-11-08,Late Delivery,116.92
11887,95638,2025-08-30,Size Issue,219.27
11888,95641,2025-05-14,Damaged,181.35
11889,95651,2025-08-01,Damaged,29.51
11890,95658,2026-01-18,Size Issue,72.9
11891,95669,2026-01-10,Damaged,46.36
11892,95671,2024-02-21,Wrong Item,127.92
11893,95674,2025-01-18,Customer Changed Mind,96.53
11894,95685,2025-03-25,wrong item,196.81
11895,95696,2024-12-27,Damaged,198.21
11896,95699,2025-06-27,Size Issue,14.02
11897,95706,2025-09-06,Size Issue,296.15
11898,95715,2024-09-14,Wrong Item,737.42
11899,95733,2025-12-29,Poor Quality,227.57
11900,95746,2024-08-24,Wrong Item,325.61
11901,95751,2025-03-28,Wrong Item,82.18
11902,95758,2025-01-28,Damaged,109.62
11903,95760,2025-03-09,Late Delivery,73.35
11904,95770,2024-11-21,Size Issue,223.44
11905,95785,2025-05-24,Size Issue,600.68
11906,95787,2025-09-08,Size Issue,162.24
11907,95791,2024-07-06,Customer Changed Mind,89.47
11908,95796,2025-07-18,Customer Changed Mind,73.7
11909,95811,2025-11-08,Size Issue,685.62
11910,95816,2025-10-24,Poor Quality,503.06
11911,95817,2026-01-27,Customer Changed Mind,109.92
11912,95838,2025-03-10,Customer Changed Mind,146.18
11913,95850,2025-01-07,Size Issue,200.72
11914,95853,2025-11-17,Customer Changed Mind,52.06
11915,95854,2026-01-01,Damaged,377.91
11916,95855,2025-10-02,Poor Quality,64.42
11917,95874,2025-03-09,Late Delivery,108.47
11918,95888,2025-12-23,Damaged,272.92
11919,95895,2025-11-28,Damaged,385.79
11920,95912,2026-01-04,Size Issue,646.54
11921,95915,2024-11-08,Damaged,387.87
11922,95926,2025-07-11,Poor Quality,304.16
11923,95945,2025-07-25,Damaged,370.89
11924,95949,2025-11-25,Wrong Item,385.5
11925,95961,2023-09-04,Size Issue,74.46
11926,95962,2024-05-20,Late Delivery,225.03
11927,95970,2025-04-26,Wrong Item,239.3
11928,95977,2024-12-28,Poor Quality,70.73
11929,95986,2026-01-12,Damaged,583.64
11930,95996,2025-11-22,Damaged,798.3
11931,96000,2025-06-15,Wrong Item,80.21
11932,96007,2024-11-08,Poor Quality,66.75
11933,96013,2024-08-22,Customer Changed Mind,91.36
11934,96021,2025-11-16,Late Delivery,204.71
11935,96029,2025-10-11,damaged,130.43
11936,96038,2023-12-18,Size Issue,91.47
11937,96040,2024-03-03,Late Delivery,57.24
11938,96042,2026-01-08,Late Delivery,66.39
11939,96054,2025-09-11,Wrong Item,62.33
11940,96064,2025-11-23,Size Issue,71.59
11941,96067,2025-01-22,Size Issue,67.9
11942,96078,2024-11-30,Wrong Item,64.76
11943,96096,2024-11-10,Customer Changed Mind,121.79
11944,96102,2026-01-13,Size Issue,158.22
11945,96106,2025-01-28,Customer Changed Mind,141.32
11946,96124,2025-03-05,Customer Changed Mind,396.58
11947,96125,2024-10-26,Size Issue,52.96
11948,96128,2024-11-11,Customer Changed Mind,83.95
11949,96131,2024-12-10,Late Delivery,99.84
11950,96141,2026-01-04,Customer Changed Mind,31.45
11951,96152,2026-01-03,Size Issue,73.28
11952,96154,2026-01-07,Size Issue,13.84
11953,96182,2025-05-03,Poor Quality,202.85
11954,96184,2026-01-09,Poor Quality,736.23
11955,96186,2025-10-05,Damaged,345.91
11956,96202,2024-08-15,Size Issue,58.76
11957,96217,2025-10-16,Late Delivery,359.2
11958,96221,2024-09-24,Poor Quality,150.95
11959,96226,2024-12-18,Customer Changed Mind,247.86
11960,96235,2025-12-10,Size Issue,110.64
11961,96256,2025-07-05,Wrong Item,306.54
11962,96270,2023-12-29,Poor Quality,162.73
11963,96272,2025-01-12,Late Delivery,150.7
11964,96274,2024-06-11,Customer Changed Mind,70.38
11965,96275,2025-07-18,Poor Quality,102.2
11966,96279,2025-05-10,Late Delivery,362.35
11967,96285,2024-04-20,Damaged,461.02
11968,96325,2024-09-17,Size Issue,291.84
11969,96326,2024-10-06,Damaged,72.55
11970,96330,2025-11-21,Size Issue,133.54
11971,96342,2026-01-28,Customer Changed Mind,56.88
11972,96347,2025-07-11,Wrong Item,109.83
11973,96349,2023-12-03,Wrong Item,96.73
11974,96350,2025-11-26,Size Issue,71.77
11975,96363,2026-01-11,Size Issue,194.41
11976,96371,2026-01-02,Size Issue,456.94
11977,96389,2025-05-01,Poor Quality,90.03
11978,96400,2025-12-26,Wrong Item,308.87
11979,96401,2023-06-07,Damaged,516.36
11980,96406,2025-02-08,Late Delivery,102.84
11981,96414,2025-04-25,Wrong Item,112.08
11982,96416,2024-05-25,Customer Changed Mind,55.18
11983,96430,2025-03-19,Wrong Item,229.54
11984,96436,2025-11-01,Customer Changed Mind,71.92
11985,96439,2025-01-06,Poor Quality,140.74
11986,96443,2025-07-23,Customer Changed Mind,181.94
11987,96451,2025-11-23,Damaged,150.67
11988,96470,2024-12-18,Customer Changed Mind,214.76
11989,96485,2026-01-06,Damaged,410.17
11990,96494,2025-11-04,Size Issue,65.6
11991,96499,2025-02-20,Size Issue,151.1
11992,96535,2025-07-01,Wrong Item,281.36
11993,96540,2025-11-21,Size Issue,388.99
11994,96551,2024-04-23,Customer Changed Mind,113.96
11995,96563,2024-05-30,poor quality,32.57
11996,96568,2025-01-15,Size Issue,40.61
11997,96570,2024-11-25,Wrong Item,109.78
11998,96571,2025-09-14,Damaged,60.65
11999,96573,2023-11-23,Damaged,176.79
12000,96585,2025-04-23,Size Issue,237.32
12001,96591,2025-06-11,Wrong Item,16.87
12002,96593,2024-10-18,Size Issue,229.7
12003,96594,2025-06-28,Damaged,280.84
12004,96606,2025-10-27,Late Delivery,343.69
12005,96608,2025-12-10,Late Delivery,390.27
12006,96617,2024-06-08,Late Delivery,171.35
12007,96619,2025-10-07,Damaged,27.51
12008,96635,2025-08-27,Customer Changed Mind,24.35
12009,96645,2024-11-04,Poor Quality,22.25
12010,96673,2024-04-15,late delivery,101.6
12011,96678,2025-03-23,Poor Quality,150.23
12012,96687,2024-02-28,Size Issue,69.05
12013,96690,2026-01-18,Size Issue,1001.79
12014,96695,2025-08-19,Size Issue,387.01
12015,96711,2024-12-28,Customer Changed Mind,161.37
12016,96714,2025-06-21,Poor Quality,26.43
12017,96730,2023-12-09,Late Delivery,319.94
12018,96733,2025-11-15,Customer Changed Mind,63.94
12019,96735,2025-05-28,Customer Changed Mind,55.82
12020,96739,2026-01-10,Customer Changed Mind,100.18
12021,96752,2026-01-11,Damaged,142.04
12022,96754,2025-05-03,Wrong Item,128.64
12023,96764,2025-11-30,Poor Quality,582.88
12024,96768,2025-01-03,Damaged,177.75
12025,96772,2024-05-28,Wrong Item,315.38
12026,96785,2025-09-14,Customer Changed Mind,496.51
12027,96790,2025-04-18,Poor Quality,26.31
12028,96792,2026-01-22,Poor Quality,107.16
12029,96816,2025-12-24,Late Delivery,126.3
12030,96824,2025-08-29,Size Issue,63.56
12031,96841,2025-12-03,Damaged,70.52
12032,96842,2023-06-12,Late Delivery,40.75
12033,96849,2024-05-21,Size Issue,196.93
12034,96870,2025-09-08,Poor Quality,545.6
12035,96880,2025-11-10,Poor Quality,97.28
12036,96883,2024-12-20,Size Issue,703.84
12037,96886,2024-08-22,Customer Changed Mind,214.87
12038,96911,2025-12-22,Size Issue,363.84
12039,96913,2025-10-16,Poor Quality,308.72
12040,96929,2025-11-30,Customer Changed Mind,292.73
12041,96933,2025-05-14,Late Delivery,254.18
12042,96941,2025-04-22,Customer Changed Mind,59.35
12043,96951,2025-09-19,Damaged,406.15
12044,96952,2023-05-31,Wrong Item,215.15
12045,96953,2026-01-25,Poor Quality,300.32
12046,96964,2023-10-13,Size Issue,29.61
12047,96970,2024-12-18,Size Issue,17.07
12048,96989,2025-07-12,Late Delivery,38.75
12049,97016,2024-09-10,Size Issue,435.46
12050,97019,2025-02-10,Wrong Item,36.76
12051,97024,2025-01-01,Customer Changed Mind,25.98
12052,97038,2025-09-25,Damaged,585.74
12053,97039,2025-12-22,Size Issue,951.56
12054,97048,2025-11-23,Damaged,15.78
12055,97050,2025-01-23,Customer Changed Mind,364.48
12056,97053,2024-05-15,Customer Changed Mind,192.33
12057,97066,2025-08-13,Size Issue,83.88
12058,97072,2023-10-31,Size Issue,199.09
12059,97073,2024-08-24,Size Issue,93.58
12060,97078,2025-07-11,Size Issue,12.86
12061,97082,2026-01-08,Customer Changed Mind,131.48
12062,97088,2025-09-05,Poor Quality,754.2
12063,97095,2026-01-15,Size Issue,337.86
12064,97096,2025-10-07,Poor Quality,266.31
12065,97098,2025-05-04,Poor Quality,811.82
12066,97100,2025-10-29,Damaged,444.0
12067,97113,2024-10-13,Size Issue,559.15
12068,97118,2025-06-10,Damaged,297.96
12069,97135,2024-09-17,Late Delivery,76.63
12070,97138,2023-12-15,Size Issue,994.49
12071,97142,2025-01-12,Size Issue,29.93
12072,97143,2025-07-24,Customer Changed Mind,222.3
12073,97147,2025-09-16,Size Issue,99.99
12074,97181,2025-06-24,Size Issue,84.15
12075,97187,2025-05-12,Damaged,654.97
12076,97206,2025-03-04,Wrong Item,321.86
12077,97208,2024-10-02,Poor Quality,293.57
12078,97214,2024-11-10,Damaged,118.02
12079,97218,2025-09-14,Poor Quality,353.22
12080,97223,2025-08-07,Wrong Item,43.68
12081,97225,2025-01-06,Late Delivery,517.15
12082,97226,2024-01-30,Damaged,494.11
12083,97235,2024-12-29,Damaged,94.12
12084,97236,2025-12-26,Poor Quality,48.9
12085,97238,2024-04-21,Wrong Item,37.59
12086,97254,2023-07-18,Customer Changed Mind,35.05
12087,97272,2023-09-18,Late Delivery,95.98
12088,97273,2025-11-11,Poor Quality,455.61
12089,97274,2025-08-22,Late Delivery,76.48
12090,97285,2024-12-24,Poor Quality,418.88
12091,97287,2025-06-17,Damaged,152.39
12092,97291,2025-12-10,Wrong Item,182.11
12093,97293,2024-11-05,Customer Changed Mind,47.35
12094,97341,2025-04-07,Damaged,304.62
12095,97342,2025-11-04,Customer Changed Mind,126.5
12096,97347,2025-07-10,Size Issue,125.11
12097,97365,2024-10-28,Poor Quality,683.58
12098,97366,2024-06-28,Wrong Item,40.96
12099,97368,2025-02-06,Damaged,523.13
12100,97370,2025-08-16,Customer Changed Mind,18.87
12101,97382,2025-09-24,Poor Quality,45.28
12102,97396,2025-05-31,Poor Quality,472.14
12103,97399,2024-12-10,Damaged,1060.19
12104,97400,2025-12-03,Wrong Item,93.19
12105,97409,2025-10-09,Late Delivery,33.62
12106,97412,2025-11-21,Damaged,507.06
12107,97417,2025-07-02,Damaged,478.33
12108,97431,2024-03-15,Customer Changed Mind,206.04
12109,97447,2025-08-15,Size Issue,158.82
12110,97451,2025-02-18,Damaged,327.49
12111,97458,2025-11-19,Size Issue,50.0
12112,97462,2025-01-04,Customer Changed Mind,115.91
12113,97465,2024-07-20,Late Delivery,191.99
12114,97478,2025-12-03,Size Issue,147.62
12115,97480,2025-07-20,Wrong Item,38.92
12116,97488,2025-12-14,Late Delivery,219.96
12117,97489,2024-03-02,Late Delivery,352.33
12118,97504,2026-01-22,Poor Quality,359.72
12119,97510,2025-12-16,Customer Changed Mind,257.91
12120,97512,2026-01-03,Size Issue,168.59
12121,97517,2023-08-17,Late Delivery,74.0
12122,97535,2025-09-01,Size Issue,110.52
12123,97537,2024-10-27,Damaged,193.26
12124,97548,2024-12-30,Poor Quality,877.18
12125,97554,2026-01-11,Late Delivery,12.88
12126,97557,2024-05-10,Size Issue,119.77
12127,97561,2025-05-18,Late Delivery,55.24
12128,97565,2025-03-07,Size Issue,236.28
12129,97566,2025-05-13,Poor Quality,232.03
12130,97569,2024-11-30,Damaged,65.81
12131,97576,2025-10-23,Wrong Item,303.36
12132,97579,2024-02-03,customer changed mind,19.59
12133,97582,2024-01-26,Late Delivery,176.93
12134,97588,2024-12-30,Poor Quality,36.0
12135,97616,2025-06-25,Late Delivery,529.43
12136,97617,2025-06-01,Late Delivery,71.63
12137,97619,2025-02-07,Wrong Item,361.08
12138,97621,2024-04-29,Size Issue,127.97
12139,97673,2025-04-27,Size Issue,28.22
12140,97683,2025-11-28,Poor Quality,512.14
12141,97685,2024-07-17,Poor Quality,151.98
12142,97697,2026-01-17,Size Issue,660.84
12143,97699,2025-09-09,Damaged,496.6
12144,97708,2025-06-04,Late Delivery,119.0
12145,97716,2024-12-10,Size Issue,222.24
12146,97724,2026-01-11,Late Delivery,383.72
12147,97751,2024-03-15,Size Issue,134.25
12148,97753,2024-08-14,Size Issue,296.39
12149,97755,2025-11-19,Late Delivery,62.85
12150,97757,2026-01-23,Damaged,90.57
12151,97781,2025-01-07,Customer Changed Mind,217.14
12152,97793,2025-12-05,Wrong Item,11.72
12153,97795,2024-11-23,Late Delivery,382.54
12154,97796,2025-10-10,Poor Quality,229.62
12155,97798,2024-01-02,Damaged,81.97
12156,97800,2025-02-16,Wrong Item,133.2
12157,97815,2025-11-11,Wrong Item,26.28
12158,97836,2025-10-18,Size Issue,343.23
12159,97840,2024-11-23,Size Issue,25.43
12160,97854,2025-12-22,Poor Quality,22.16
12161,97855,2024-08-16,Customer Changed Mind,171.24
12162,97857,2024-07-28,Size Issue,109.5
12163,97872,2025-06-15,Damaged,326.61
12164,97874,2025-10-06,Late Delivery,46.5
12165,97892,2025-05-28,Wrong Item,320.62
12166,97895,2025-10-06,Late Delivery,53.64
12167,97900,2024-07-29,Damaged,142.3
12168,97904,2025-10-30,Damaged,469.08
12169,97913,2025-12-26,Size Issue,136.66
12170,97914,2023-05-14,Wrong Item,101.79
12171,97941,2025-11-24,Size Issue,587.36
12172,97947,2025-07-01,Customer Changed Mind,106.94
12173,97948,2025-09-04,Size Issue,181.92
12174,97958,2025-07-19,Damaged,546.71
12175,97965,2025-12-02,Wrong Item,121.62
12176,97984,2025-07-28,Damaged,148.72
12177,97992,2025-05-18,Late Delivery,167.93
12178,97994,2024-10-13,Customer Changed Mind,38.75
12179,97996,2026-01-13,Size Issue,38.22
12180,98009,2024-11-01,Customer Changed Mind,68.2
12181,98032,2025-08-03,Wrong Item,142.93
12182,98047,2025-11-20,Size Issue,110.8
12183,98051,2025-10-24,Wrong Item,317.12
12184,98052,2025-08-10,Damaged,269.85
12185,98057,2024-01-27,Damaged,138.26
12186,98077,2025-10-13,Late Delivery,452.93
12187,98082,2024-08-14,Damaged,185.01
12188,98090,2026-01-23,Size Issue,350.83
12189,98092,2025-12-17,Size Issue,73.6
12190,98093,2024-07-23,Damaged,133.75
12191,98117,2025-12-25,Size Issue,176.86
12192,98120,2026-01-29,Size Issue,39.36
12193,98124,2026-01-11,Late Delivery,16.65
12194,98141,2025-08-02,Customer Changed Mind,194.5
12195,98159,2025-01-21,Customer Changed Mind,327.5
12196,98160,2024-05-03,Poor Quality,531.52
12197,98162,2024-08-30,Customer Changed Mind,128.8
12198,98165,2025-07-04,Size Issue,243.49
12199,98167,2025-04-01,Damaged,152.96
12200,98170,2025-09-07,Damaged,99.39
12201,98172,2025-06-30,Size Issue,218.07
12202,98179,2025-03-15,Customer Changed Mind,118.08
12203,98181,2025-12-11,Damaged,549.22
12204,98194,2025-03-20,Late Delivery,91.7
12205,98225,2025-04-12,Late Delivery,86.83
12206,98246,2025-07-17,Poor Quality,50.67
12207,98247,2024-11-23,Late Delivery,23.11
12208,98248,2025-11-02,Customer Changed Mind,156.59
12209,98252,2025-12-17,Size Issue,119.81
12210,98255,2026-01-05,Wrong Item,377.92
12211,98268,2026-01-10,Customer Changed Mind,121.87
12212,98273,2024-12-20,Poor Quality,561.74
12213,98275,2025-09-09,Poor Quality,163.34
12214,98277,2025-04-12,Poor Quality,102.87
12215,98295,2024-11-22,Wrong Item,509.21
12216,98308,2026-01-07,Damaged,64.8
12217,98317,2024-12-18,Poor Quality,398.87
12218,98329,2025-10-06,Wrong Item,115.9
12219,98330,2024-12-26,Wrong Item,299.6
12220,98331,2023-07-05,Damaged,321.95
12221,98332,2024-04-02,Late Delivery,264.62
12222,98333,2025-09-05,Size Issue,518.23
12223,98341,2025-07-11,Size Issue,60.78
12224,98357,2025-05-19,Size Issue,60.07
12225,98362,2025-11-18,Customer Changed Mind,38.09
12226,98363,2025-04-03,Customer Changed Mind,205.4
12227,98365,2025-10-25,Late Delivery,105.87
12228,98366,2025-10-02,Size Issue,110.78
12229,98368,2025-09-01,Damaged,307.93
12230,98373,2025-02-15,Size Issue,333.7
12231,98376,2024-08-14,Size Issue,44.88
12232,98389,2025-12-10,Wrong Item,307.18
12233,98392,2025-08-30,Poor Quality,110.97
12234,98393,2025-10-09,Damaged,801.25
12235,98394,2025-10-16,Size Issue,235.58
12236,98416,2024-07-22,Poor Quality,80.65
12237,98423,2025-07-04,Customer Changed Mind,79.3
12238,98433,2026-01-21,Customer Changed Mind,294.25
12239,98435,2024-12-01,Late Delivery,147.7
12240,98438,2024-12-18,Wrong Item,1398.17
12241,98441,2025-01-27,Wrong Item,117.2
12242,98449,2024-03-01,Size Issue,161.64
12243,98484,2024-01-19,Size Issue,370.55
12244,98492,2025-11-01,Poor Quality,107.3
12245,98497,2025-07-02,Poor Quality,74.35
12246,98510,2023-11-13,Size Issue,75.62
12247,98522,2024-01-21,Late Delivery,404.03
12248,98530,2024-12-28,Wrong Item,317.92
12249,98533,2025-02-22,Late Delivery,224.44
12250,98549,2025-12-19,Damaged,24.7
12251,98550,2026-01-09,Damaged,352.5
12252,98560,2025-11-30,Damaged,779.32
12253,98568,2024-08-12,Size Issue,40.63
12254,98574,2026-01-01,Late Delivery,77.31
12255,98577,2025-09-20,Size Issue,231.2
12256,98582,2024-08-24,Size Issue,80.29
12257,98585,2026-01-26,Customer Changed Mind,66.95
12258,98590,2025-11-12,Damaged,124.71
12259,98591,2025-01-05,Late Delivery,35.7
12260,98613,2025-03-19,Wrong Item,168.52
12261,98616,2024-10-27,Size Issue,77.24
12262,98632,2025-01-10,Late Delivery,157.88
12263,98636,2025-06-07,Wrong Item,127.84
12264,98642,2025-11-24,Wrong Item,408.0
12265,98649,2026-01-04,Size Issue,45.85
12266,98653,2025-09-30,Poor Quality,227.67
12267,98657,2025-03-10,Customer Changed Mind,238.39
12268,98663,2024-11-30,Damaged,154.76
12269,98665,2026-01-22,Size Issue,64.39
12270,98671,2025-11-25,Damaged,461.01
12271,98672,2025-02-24,Poor Quality,112.89
12272,98677,2023-11-20,Customer Changed Mind,25.46
12273,98679,2025-06-24,Late Delivery,376.06
12274,98695,2026-01-28,Damaged,511.74
12275,98697,2024-12-29,Late Delivery,263.91
12276,98712,2024-04-04,Customer Changed Mind,218.16
12277,98719,2025-02-16,Late Delivery,108.81
12278,98724,2024-12-18,Late Delivery,240.3
12279,98726,2024-10-11,Poor Quality,123.57
12280,98733,2025-11-20,Wrong Item,40.63
12281,98743,2025-05-26,Size Issue,657.66
12282,98757,2024-08-10,Damaged,666.8
12283,98763,2025-03-30,Poor Quality,329.06
12284,98770,2024-12-22,Customer Changed Mind,181.71
12285,98793,2024-10-27,Customer Changed Mind,524.94
12286,98798,2025-07-22,Customer Changed Mind,317.42
12287,98807,2025-10-15,Size Issue,14.37
12288,98808,2025-05-21,Damaged,69.34
12289,98809,2025-10-21,Damaged,198.95
12290,98812,2026-01-09,Customer Changed Mind,49.9
12291,98822,2025-07-19,Size Issue,209.6
12292,98823,2024-11-18,Damaged,112.69
12293,98832,2025-03-28,Poor Quality,17.28
12294,98834,2026-01-10,Damaged,920.63
12295,98847,2025-09-12,Size Issue,364.7
12296,98860,2024-09-23,Wrong Item,31.43
12297,98864,2024-09-23,Size Issue,810.45
12298,98865,2024-11-24,Damaged,1010.9
12299,98876,2026-01-10,Poor Quality,70.54
12300,98886,2025-04-03,Size Issue,248.73
12301,98888,2025-07-02,Size Issue,220.9
12302,98898,2025-11-30,Wrong Item,76.74
12303,98935,2024-05-01,Size Issue,282.3
12304,98966,2026-01-17,Size Issue,472.38
12305,98972,2025-03-08,Size Issue,334.76
12306,98982,2025-09-02,Size Issue,482.97
12307,98983,2025-06-21,Size Issue,524.05
12308,98998,2025-08-08,Poor Quality,223.82
12309,99000,2025-12-24,Poor Quality,50.88
12310,99004,2026-01-01,Poor Quality,86.57
12311,99023,2024-07-13,Size Issue,458.82
12312,99024,2025-10-09,Damaged,411.94
12313,99037,2024-10-31,Customer Changed Mind,282.85
12314,99040,2025-09-29,Late Delivery,117.36
12315,99047,2024-09-19,Poor Quality,63.12
12316,99049,2026-01-17,Late Delivery,374.89
12317,99051,2024-12-17,Customer Changed Mind,116.84
12318,99061,2025-12-16,Customer Changed Mind,20.16
12319,99066,2025-12-12,Damaged,182.58
12320,99069,2025-09-03,Late Delivery,350.88
12321,99070,2024-12-14,Customer Changed Mind,95.37
12322,99073,2025-07-31,Customer Changed Mind,103.03
12323,99076,2024-10-01,Damaged,1018.14
12324,99090,2025-11-10,Customer Changed Mind,179.13
12325,99092,2026-01-09,Poor Quality,104.47
12326,99100,2025-06-21,Damaged,466.42
12327,99104,2025-07-05,Poor Quality,398.67
12328,99112,2026-01-18,Damaged,647.55
12329,99117,2025-04-29,Damaged,785.82
12330,99120,2025-10-19,Wrong Item,303.54
12331,99137,2024-06-25,Customer Changed Mind,170.43
12332,99139,2025-02-10,Size Issue,51.38
12333,99141,2025-12-09,Late Delivery,179.88
12334,99180,2025-10-20,Damaged,224.43
12335,99187,2026-01-12,Damaged,340.48
12336,99189,2025-11-11,Size Issue,25.03
12337,99191,2024-08-25,Size Issue,184.94
12338,99192,2025-10-01,Size Issue,166.67
12339,99200,2023-12-19,Poor Quality,313.42
12340,99202,2024-06-10,Wrong Item,295.11
12341,99210,2025-05-24,Size Issue,27.26
12342,99215,2024-04-07,Poor Quality,473.93
12343,99216,2025-10-22,Wrong Item,569.73
12344,99222,2026-01-20,Customer Changed Mind,125.67
12345,99236,2025-02-01,Size Issue,111.43
12346,99247,2024-05-25,Size Issue,79.11
12347,99249,2025-05-26,Late Delivery,93.13
12348,99250,2023-11-19,Size Issue,109.23
12349,99256,2025-06-26,Late Delivery,291.06
12350,99272,2024-10-10,Damaged,284.4
12351,99276,2025-12-21,Size Issue,183.52
12352,99300,2026-01-09,Late Delivery,60.83
12353,99335,2025-11-02,Damaged,107.95
12354,99356,2025-04-24,Poor Quality,787.46
12355,99370,2023-11-23,Size Issue,24.48
12356,99384,2024-07-11,Late Delivery,105.72
12357,99386,2025-01-09,Size Issue,38.18
12358,99388,2025-03-11,Size Issue,331.93
12359,99393,2025-12-30,Customer Changed Mind,78.7
12360,99394,2026-01-06,Damaged,95.45
12361,99396,2026-01-12,Wrong Item,549.89
12362,99398,2025-07-09,Poor Quality,192.99
12363,99417,2023-08-03,Size Issue,584.51
12364,99418,2025-08-03,Customer Changed Mind,418.6
12365,99422,2025-03-31,Customer Changed Mind,121.53
12366,99427,2025-06-11,Wrong Item,45.31
12367,99435,2025-12-28,Damaged,316.32
12368,99436,2024-02-12,Wrong Item,99.47
12369,99447,2024-12-28,Poor Quality,81.28
12370,99454,2024-10-01,Damaged,30.56
12371,99461,2025-09-03,Size Issue,1004.4
12372,99463,2025-04-28,Customer Changed Mind,155.19
12373,99469,2025-12-21,Late Delivery,201.68
12374,99475,2025-02-23,Wrong Item,76.98
12375,99496,2025-05-02,Customer Changed Mind,234.0
12376,99499,2025-09-28,Customer Changed Mind,143.53
12377,99500,2024-12-03,Poor Quality,163.69
12378,99502,2025-08-11,Size Issue,394.67
12379,99510,2025-11-17,Wrong Item,161.07
12380,99516,2024-08-17,Size Issue,39.72
12381,99520,2026-01-02,Size Issue,421.32
12382,99551,2025-07-22,Size Issue,604.68
12383,99555,2025-07-25,Wrong Item,278.21
12384,99564,2025-08-09,Wrong Item,152.19
12385,99565,2024-09-05,Customer Changed Mind,38.21
12386,99568,2024-08-29,Size Issue,320.36
12387,99570,2025-07-29,Poor Quality,167.48
12388,99576,2025-05-23,Wrong Item,487.4
12389,99580,2024-10-14,Size Issue,206.18
12390,99585,2025-10-26,Wrong Item,385.25
12391,99592,2025-12-06,Customer Changed Mind,154.21
12392,99599,2024-11-01,Poor Quality,78.22
12393,99621,2026-01-04,Poor Quality,528.41
12394,99623,2024-08-13,Customer Changed Mind,555.8
12395,99625,2026-01-24,Late Delivery,289.91
12396,99647,2025-09-06,Wrong Item,61.07
12397,99651,2024-03-28,Damaged,25.71
12398,99661,2025-07-29,Customer Changed Mind,93.88
12399,99663,2025-12-16,Size Issue,481.29
12400,99667,2024-09-22,Poor Quality,282.58
12401,99678,2023-09-28,Damaged,475.55
12402,99680,2024-10-05,Wrong Item,26.6
12403,99690,2023-12-03,Size Issue,155.68
12404,99692,2025-05-15,Size Issue,603.47
12405,99701,2024-06-25,Size Issue,200.1
12406,99703,2024-01-21,Poor Quality,39.87
12407,99711,2025-06-04,Late Delivery,226.11
12408,99712,2024-04-19,Wrong Item,72.89
12409,99715,2024-08-17,Poor Quality,215.65
12410,99731,2025-11-09,Customer Changed Mind,69.2
12411,99732,2025-05-31,Customer Changed Mind,530.43
12412,99737,2024-10-25,Poor Quality,110.63
12413,99746,2023-10-03,Size Issue,108.81
12414,99752,2025-12-31,Size Issue,53.17
12415,99755,2025-11-06,Customer Changed Mind,184.55
12416,99756,2024-09-02,Customer Changed Mind,68.06
12417,99759,2024-10-18,Size Issue,284.49
12418,99770,2026-01-17,Customer Changed Mind,251.46
12419,99778,2025-07-01,Wrong Item,326.29
12420,99779,2025-12-31,Wrong Item,287.94
12421,99782,2024-03-17,Size Issue,471.07
12422,99796,2024-08-27,Poor Quality,119.26
12423,99813,2023-06-03,Poor Quality,407.53
12424,99826,2025-12-25,Poor Quality,268.47
12425,99831,2023-12-01,Size Issue,54.96
12426,99842,2025-11-24,Late Delivery,470.0
12427,99844,2025-09-01,Poor Quality,141.15
12428,99847,2025-04-19,Wrong Item,387.96
12429,99849,2025-09-23,Size Issue,696.38
12430,99856,2025-11-29,Size Issue,278.65
12431,99863,2025-03-03,Poor Quality,83.49
12432,99878,2024-07-12,Late Delivery,111.01
12433,99881,2025-01-03,Wrong Item,102.11
12434,99895,2025-04-14,Poor Quality,471.27
12435,99897,2025-05-08,Size Issue,184.68
12436,99898,2025-05-05,Size Issue,174.63
12437,99902,2025-07-28,Damaged,317.2
12438,99904,2025-08-20,Late Delivery,145.61
12439,99918,2025-11-15,Poor Quality,61.65
12440,99926,2025-12-20,Customer Changed Mind,219.23
12441,99928,2025-09-24,Damaged,104.24
12442,99939,2025-11-11,Poor Quality,94.26
12443,99942,2023-12-08,Wrong Item,24.14
12444,99946,2024-10-29,Customer Changed Mind,70.08
12445,99947,2025-09-03,Damaged,166.39
12446,99950,2025-02-09,Size Issue,290.1
12447,99956,2025-04-01,Damaged,426.26
12448,99961,2025-04-01,Late Delivery,150.12
12449,99971,2026-01-18,Wrong Item,24.21
12450,99976,2025-07-15,Damaged,19.96
12451,99985,2025-01-05,Size Issue,59.12
12452,99995,2025-08-07,Wrong Item,18.36
12453,100006,2023-11-04,Poor Quality,336.85
12454,100017,2024-10-19,Poor Quality,43.19
12455,100019,2025-02-23,Damaged,560.45
12456,100022,2025-01-04,Customer Changed Mind,150.28
12457,100035,2024-04-23,Size Issue,115.62
12458,100040,2024-06-06,Damaged,155.49
12459,100050,2025-11-08,Wrong Item,76.33
12460,100065,2026-01-03,Size Issue,44.61
12461,100071,2025-09-18,Size Issue,49.02
12462,100084,2025-05-22,Customer Changed Mind,157.37
12463,100086,2026-01-17,Customer Changed Mind,48.21
12464,100094,2025-07-01,Size Issue,52.34
12465,100103,2024-12-05,Late Delivery,117.14
12466,100104,2025-12-30,Late Delivery,280.96
12467,100112,2025-05-02,Wrong Item,153.64
12468,100129,2025-02-27,Late Delivery,259.53
12469,100130,2024-12-06,Size Issue,305.54
12470,100131,2025-11-25,Damaged,439.05
12471,100144,2025-01-10,Customer Changed Mind,166.22
12472,100169,2025-06-15,Damaged,115.91
12473,100172,2025-09-02,Size Issue,572.83
12474,100185,2025-05-21,Size Issue,276.89
12475,100202,2026-01-07,Wrong Item,211.03
12476,100210,2025-11-18,Poor Quality,410.81
12477,100228,2026-01-23,Wrong Item,54.08
12478,100236,2025-12-19,Late Delivery,117.09
12479,100247,2025-11-03,Wrong Item,57.35
12480,100248,2025-07-07,Size Issue,85.38
12481,100280,2025-01-01,Poor Quality,89.53
12482,100281,2025-01-20,Poor Quality,445.95
12483,100297,2025-12-06,Customer Changed Mind,14.1
12484,100301,2025-08-19,Wrong Item,80.26
12485,100304,2025-06-02,Size Issue,278.9
12486,100315,2025-11-27,Poor Quality,117.43
12487,100332,2025-09-27,Customer Changed Mind,67.54
12488,100334,2025-11-13,Size Issue,330.31
12489,100336,2025-06-11,Customer Changed Mind,20.52
12490,100339,2025-10-21,Poor Quality,121.58
12491,100344,2026-01-24,Late Delivery,26.94
12492,100345,2024-12-30,Size Issue,231.15
12493,100351,2025-10-17,Damaged,71.0
12494,100374,2025-06-07,Wrong Item,536.99
12495,100375,2025-06-18,Size Issue,110.4
12496,100378,2025-09-17,Size Issue,459.02
12497,100385,2024-08-15,Wrong Item,254.27
12498,100386,2026-01-27,Customer Changed Mind,74.9
12499,100393,2024-09-28,Wrong Item,177.44
12500,100398,2026-01-11,Poor Quality,68.61
12501,100399,2023-04-19,Size Issue,213.29
12502,100406,2024-09-02,Wrong Item,69.84
12503,100411,2025-07-14,Poor Quality,30.08
12504,100413,2025-08-23,Late Delivery,9.8
12505,100436,2025-04-01,Damaged,430.65
12506,100447,2025-07-02,Wrong Item,663.13
12507,100452,2026-01-23,Customer Changed Mind,145.77
12508,100455,2024-11-14,Poor Quality,398.73
12509,100461,2025-06-12,Poor Quality,259.05
12510,100462,2025-04-25,Wrong Item,37.09
12511,100466,2024-09-19,Wrong Item,135.55
12512,100469,2025-09-26,Size Issue,33.4
12513,100478,2025-10-03,Size Issue,290.2
12514,100484,2025-09-06,Size Issue,64.71
12515,100489,2025-01-09,Size Issue,259.73
12516,100492,2025-10-08,Wrong Item,63.16
12517,100504,2026-01-24,Poor Quality,321.6
12518,100506,2026-01-28,Damaged,209.6
12519,100510,2024-12-17,Wrong Item,37.49
12520,100514,2026-01-24,Customer Changed Mind,17.34
12521,100520,2025-10-14,Poor Quality,54.73
12522,100521,2025-02-16,Damaged,486.96
12523,100530,2025-01-23,Customer Changed Mind,25.75
12524,100531,2025-10-04,Wrong Item,117.02
12525,100536,2024-12-18,Damaged,631.53
12526,100538,2024-06-06,Wrong Item,63.33
12527,100554,2025-11-13,Wrong Item,671.85
12528,100567,2025-03-07,Damaged,440.35
12529,100569,2024-09-18,Late Delivery,110.72
12530,100571,2025-10-09,Poor Quality,87.94
12531,100583,2024-09-21,Late Delivery,124.04
12532,100587,2026-01-15,Size Issue,18.09
12533,100589,2025-06-19,Damaged,160.78
12534,100590,2025-08-12,Size Issue,145.93
12535,100619,2025-08-23,Customer Changed Mind,126.91
12536,100624,2023-07-15,Wrong Item,403.61
12537,100628,2025-09-29,Poor Quality,53.89
12538,100629,2025-09-08,Poor Quality,160.47
12539,100637,2025-04-04,Customer Changed Mind,100.19
12540,100643,2025-11-04,Customer Changed Mind,35.79
12541,100675,2024-06-03,Size Issue,107.97
12542,100677,2026-01-03,Poor Quality,98.51
12543,100688,2024-10-10,Poor Quality,199.39
12544,100698,2024-12-03,Damaged,901.31
12545,100722,2025-11-29,Wrong Item,281.0
12546,100756,2024-03-15,Late Delivery,56.48
12547,100784,2025-07-18,Poor Quality,112.75
12548,100790,2023-06-26,Size Issue,276.04
12549,100794,2024-01-14,Customer Changed Mind,57.86
12550,100804,2025-10-05,Customer Changed Mind,157.83
12551,100816,2023-05-11,Damaged,112.36
12552,100817,2025-07-03,Poor Quality,149.96
12553,100820,2023-07-13,Wrong Item,280.23
12554,100830,2023-10-07,Late Delivery,504.5
12555,100835,2024-10-28,Customer Changed Mind,72.87
12556,100865,2024-04-11,Customer Changed Mind,195.27
12557,100874,2024-06-23,Size Issue,266.17
12558,100877,2024-06-08,Poor Quality,203.23
12559,100878,2025-09-02,Size Issue,51.66
12560,100881,2025-05-27,Size Issue,244.7
12561,100897,2025-03-02,Customer Changed Mind,328.81
12562,100898,2025-04-01,Damaged,240.43
12563,100902,2024-08-26,Late Delivery,574.67
12564,100903,2025-11-21,Size Issue,61.74
12565,100908,2025-02-08,Damaged,137.49
12566,100921,2025-08-02,Damaged,193.4
12567,100925,2025-07-14,Damaged,292.02
12568,100927,2024-08-11,Damaged,330.09
12569,100930,2023-11-18,Late Delivery,164.72
12570,100931,2024-01-21,Wrong Item,118.43
12571,100944,2024-06-24,Late Delivery,460.5
12572,100952,2024-06-16,Damaged,432.89
12573,100953,2025-05-13,Late Delivery,243.64
12574,100965,2024-09-24,Late Delivery,27.75
12575,100979,2025-06-29,Wrong Item,39.68
12576,100984,2024-08-16,Damaged,839.16
12577,100987,2024-04-13,Size Issue,399.49
12578,100993,2025-12-15,Damaged,102.84
12579,101011,2025-07-18,Size Issue,154.04
12580,101021,2025-05-21,Wrong Item,204.56
12581,101028,2025-12-25,Damaged,9.73
12582,101031,2025-12-12,Size Issue,17.5
12583,101035,2024-01-09,Damaged,23.71
12584,101044,2025-02-01,Customer Changed Mind,168.07
12585,101048,2024-01-13,Wrong Item,108.86
12586,101060,2025-03-09,Damaged,347.66
12587,101067,2025-04-15,Size Issue,287.95
12588,101083,2025-04-12,Late Delivery,301.7
12589,101089,2023-10-23,Late Delivery,49.68
12590,101099,2026-01-05,Size Issue,353.73
12591,101100,2024-12-29,Poor Quality,407.87
12592,101104,2025-09-10,Damaged,91.92
12593,101125,2025-09-24,Size Issue,44.32
12594,101126,2026-01-06,Size Issue,47.47
12595,101130,2024-08-23,Late Delivery,41.49
12596,101140,2025-03-28,Size Issue,140.94
12597,101182,2025-08-20,Wrong Item,45.64
12598,101188,2025-12-21,Damaged,23.68
12599,101194,2024-12-12,Wrong Item,196.52
12600,101201,2025-08-30,Size Issue,264.2
12601,101221,2025-06-05,Size Issue,434.46
12602,101223,2026-01-12,Customer Changed Mind,1187.87
12603,101238,2025-09-30,Size Issue,174.45
12604,101247,2025-08-18,Damaged,156.07
12605,101253,2025-05-06,Poor Quality,89.76
12606,101262,2025-09-05,Damaged,275.83
12607,101268,2025-09-08,Poor Quality,89.62
12608,101273,2026-01-06,Damaged,160.75
12609,101275,2026-01-05,customer changed mind,115.63
12610,101302,2025-11-07,Late Delivery,218.09
12611,101310,2026-01-08,Damaged,68.44
12612,101312,2025-12-13,Wrong Item,40.77
12613,101334,2025-11-13,Damaged,260.78
12614,101350,2024-06-02,Poor Quality,435.39
12615,101353,2024-09-19,Customer Changed Mind,59.23
12616,101362,2023-10-17,Poor Quality,51.1
12617,101364,2024-08-27,Poor Quality,231.61
12618,101374,2024-01-31,Damaged,690.23
12619,101378,2024-10-11,Late Delivery,84.04
12620,101386,2025-11-23,Customer Changed Mind,747.76
12621,101387,2025-04-12,Poor Quality,109.08
12622,101394,2025-09-06,Late Delivery,66.83
12623,101396,2026-01-28,Late Delivery,327.3
12624,101409,2025-06-05,Customer Changed Mind,27.76
12625,101413,2023-09-20,Poor Quality,256.99
12626,101419,2025-06-16,Wrong Item,124.46
12627,101421,2025-11-04,Damaged,1038.07
12628,101439,2024-06-29,Wrong Item,145.65
12629,101456,2024-08-24,Size Issue,657.68
12630,101478,2024-08-12,Wrong Item,118.69
12631,101485,2025-11-07,Poor Quality,183.07
12632,101487,2026-01-12,Size Issue,96.01
12633,101499,2025-02-05,Late Delivery,115.66
12634,101512,2025-08-05,Wrong Item,255.89
12635,101515,2025-04-17,Customer Changed Mind,111.47
12636,101525,2025-11-25,Size Issue,179.77
12637,101526,2025-10-12,Late Delivery,685.54
12638,101551,2024-01-28,Damaged,169.33
12639,101554,2023-11-07,Customer Changed Mind,26.07
12640,101555,2026-01-18,Wrong Item,103.93
12641,101563,2025-02-08,Size Issue,119.82
12642,101565,2025-11-09,Poor Quality,108.32
12643,101567,2024-05-13,Size Issue,219.01
12644,101575,2024-12-21,Poor Quality,101.74
12645,101578,2025-10-20,Wrong Item,22.98
12646,101579,2026-01-07,Poor Quality,92.2
12647,101580,2025-08-30,Customer Changed Mind,33.65
12648,101581,2025-05-03,Late Delivery,77.28
12649,101587,2026-01-25,Size Issue,27.7
12650,101609,2024-06-24,Damaged,87.22
12651,101611,2024-04-05,Poor Quality,205.34
12652,101621,2025-04-08,Poor Quality,77.23
12653,101636,2025-10-02,Customer Changed Mind,868.6
12654,101644,2025-12-23,Damaged,576.61
12655,101646,2025-07-11,Late Delivery,59.58
12656,101647,2025-08-30,Damaged,489.15
12657,101661,2024-02-18,Poor Quality,97.96
12658,101662,2025-03-19,Customer Changed Mind,281.65
12659,101667,2025-10-08,Wrong Item,205.7
12660,101675,2025-03-21,Size Issue,237.44
12661,101682,2024-09-06,Wrong Item,245.11
12662,101691,2023-08-25,Damaged,426.93
12663,101693,2025-12-31,Customer Changed Mind,266.51
12664,101698,2025-10-30,Wrong Item,112.06
12665,101704,2025-06-22,Late Delivery,226.35
12666,101710,2025-10-30,Wrong Item,357.73
12667,101726,2024-01-03,Customer Changed Mind,101.0
12668,101734,2025-08-10,Size Issue,159.49
12669,101735,2025-04-09,Wrong Item,44.81
12670,101749,2026-01-23,Late Delivery,403.72
12671,101754,2025-05-25,Late Delivery,473.82
12672,101763,2025-09-09,Damaged,646.54
12673,101765,2025-12-27,Size Issue,130.29
12674,101770,2024-02-22,Customer Changed Mind,117.2
12675,101777,2025-12-06,Wrong Item,132.75
12676,101784,2024-02-09,Size Issue,360.49
12677,101803,2025-03-30,Late Delivery,119.38
12678,101807,2024-04-28,Customer Changed Mind,38.23
12679,101820,2025-06-06,Size Issue,33.74
12680,101823,2024-03-30,Damaged,471.2
12681,101834,2026-01-28,Damaged,393.66
12682,101836,2025-05-20,Customer Changed Mind,110.24
12683,101840,2023-04-20,Poor Quality,194.77
12684,101853,2024-09-02,Wrong Item,168.13
12685,101865,2024-11-06,Size Issue,126.34
12686,101875,2024-08-04,Wrong Item,75.87
12687,101876,2025-11-25,Customer Changed Mind,35.85
12688,101878,2025-08-04,Poor Quality,140.91
12689,101883,2026-01-03,Size Issue,573.74
12690,101887,2024-05-21,Size Issue,155.04
12691,101933,2023-10-09,Customer Changed Mind,237.31
12692,101938,2025-05-12,Size Issue,412.48
12693,101944,2026-01-08,Poor Quality,125.8
12694,101945,2025-10-12,Size Issue,55.43
12695,101946,2025-07-26,Size Issue,38.53
12696,101947,2024-05-01,Wrong Item,184.49
12697,101948,2024-11-29,Damaged,378.91
12698,101953,2025-06-03,Size Issue,128.34
12699,101957,2024-09-27,Customer Changed Mind,513.41
12700,101965,2025-01-15,Damaged,444.26
12701,101966,2025-02-14,Customer Changed Mind,963.41
12702,101990,2025-04-28,Late Delivery,671.32
12703,102008,2026-01-05,Size Issue,211.89
12704,102009,2026-01-18,Customer Changed Mind,128.09
12705,102016,2024-04-01,Damaged,545.49
12706,102026,2025-12-06,Size Issue,192.67
12707,102029,2024-10-19,Size Issue,427.62
12708,102044,2024-12-09,Customer Changed Mind,13.93
12709,102059,2025-05-06,Late Delivery,15.85
12710,102064,2025-06-20,Wrong Item,300.7
12711,102066,2024-08-25,Size Issue,410.42
12712,102084,2025-07-08,Poor Quality,42.01
12713,102087,2026-01-11,Damaged,18.87
12714,102101,2025-07-26,Late Delivery,311.53
12715,102104,2026-01-29,Size Issue,42.01
12716,102110,2024-02-23,Size Issue,106.24
12717,102122,2025-02-28,Size Issue,207.39
12718,102160,2026-01-17,size issue,82.71
12719,102173,2025-06-13,Customer Changed Mind,307.92
12720,102182,2026-01-21,Late Delivery,22.59
12721,102184,2024-09-12,Late Delivery,256.56
12722,102185,2025-08-31,Size Issue,207.23
12723,102192,2025-10-30,Wrong Item,316.38
12724,102195,2026-01-14,Wrong Item,662.23
12725,102197,2024-08-20,Size Issue,45.91
12726,102209,2025-06-24,Customer Changed Mind,435.85
12727,102214,2025-09-23,Late Delivery,188.26
12728,102237,2025-10-28,Late Delivery,522.71
12729,102259,2025-08-17,Wrong Item,146.41
12730,102260,2025-04-03,Size Issue,85.75
12731,102264,2025-12-04,Size Issue,430.57
12732,102270,2025-12-04,Late Delivery,420.39
12733,102271,2026-01-16,Wrong Item,162.07
12734,102273,2026-01-07,Size Issue,129.94
12735,102274,2025-08-27,Late Delivery,140.81
12736,102276,2025-12-04,Damaged,146.8
12737,102278,2025-01-14,Customer Changed Mind,104.6
12738,102280,2025-02-14,Customer Changed Mind,74.78
12739,102284,2024-08-07,Size Issue,153.1
12740,102291,2025-07-25,Customer Changed Mind,564.24
12741,102304,2025-09-02,Size Issue,650.54
12742,102311,2026-01-28,Size Issue,235.31
12743,102326,2024-11-21,Wrong Item,364.89
12744,102328,2025-08-29,Damaged,381.59
12745,102330,2025-02-08,Size Issue,347.82
12746,102332,2024-04-26,Damaged,138.37
12747,102348,2026-01-18,Late Delivery,187.17
12748,102349,2026-01-27,Damaged,178.13
12749,102352,2025-03-10,Damaged,181.86
12750,102357,2025-08-26,Wrong Item,240.37
12751,102358,2025-01-10,Wrong Item,47.61
12752,102370,2023-10-19,Size Issue,99.2
12753,102371,2025-10-20,Customer Changed Mind,191.73
12754,102401,2025-02-07,Damaged,109.93
12755,102403,2024-06-28,Customer Changed Mind,323.96
12756,102404,2024-06-14,Size Issue,355.05
12757,102407,2024-09-22,Wrong Item,73.87
12758,102417,2025-03-11,Poor Quality,320.73
12759,102426,2024-09-17,Customer Changed Mind,398.41
12760,102431,2025-12-08,Poor Quality,37.12
12761,102433,2025-12-02,Poor Quality,210.98
12762,102437,2025-10-27,Size Issue,32.85
12763,102451,2025-09-30,Poor Quality,303.36
12764,102455,2025-01-26,Late Delivery,252.56
12765,102463,2025-07-14,Late Delivery,153.12
12766,102495,2025-06-18,Customer Changed Mind,642.48
12767,102504,2025-12-20,wrong item,1279.49
12768,102506,2025-03-29,Wrong Item,85.44
12769,102508,2024-07-21,Damaged,179.54
12770,102512,2025-08-25,Customer Changed Mind,141.38
12771,102515,2026-01-07,Customer Changed Mind,174.24
12772,102517,2025-11-07,Wrong Item,55.26
12773,102526,2025-11-06,Wrong Item,499.68
12774,102529,2025-07-02,Size Issue,156.43
12775,102543,2026-01-15,Poor Quality,219.2
12776,102547,2025-11-28,Damaged,198.49
12777,102548,2024-06-08,Size Issue,235.87
12778,102565,2024-01-16,Poor Quality,108.98
12779,102566,2025-12-06,Size Issue,241.61
12780,102572,2025-05-11,Damaged,315.64
12781,102595,2025-11-29,Late Delivery,611.46
12782,102599,2026-01-10,Late Delivery,90.63
12783,102608,2025-12-16,Wrong Item,136.33
12784,102613,2025-04-17,Late Delivery,79.29
12785,102619,2025-12-14,Wrong Item,65.56
12786,102621,2026-01-23,Size Issue,69.23
12787,102641,2025-11-18,Wrong Item,119.18
12788,102643,2025-06-07,Customer Changed Mind,137.43
12789,102660,2024-06-15,Size Issue,454.7
12790,102669,2025-10-30,Late Delivery,174.9
12791,102673,2025-11-05,Poor Quality,68.77
12792,102688,2024-08-19,Customer Changed Mind,109.6
12793,102693,2026-01-04,Customer Changed Mind,258.84
12794,102704,2026-01-04,Poor Quality,40.19
12795,102707,2025-10-11,Poor Quality,102.05
12796,102726,2025-03-18,Wrong Item,116.71
12797,102730,2025-03-06,Late Delivery,230.85
12798,102732,2025-09-10,Late Delivery,519.0
12799,102739,2025-07-26,Late Delivery,34.69
12800,102746,2026-01-07,Damaged,82.42
12801,102748,2025-03-04,Wrong Item,242.04
12802,102750,2024-12-07,Customer Changed Mind,249.09
12803,102754,2025-08-18,Size Issue,506.66
12804,102757,2026-01-05,Late Delivery,128.8
12805,102758,2025-03-05,Wrong Item,29.61
12806,102759,2023-05-08,Size Issue,266.41
12807,102763,2025-02-07,Customer Changed Mind,332.37
12808,102769,2026-01-17,Customer Changed Mind,160.55
12809,102773,2024-08-28,Wrong Item,33.46
12810,102777,2024-12-26,Poor Quality,26.32
12811,102784,2025-12-20,Damaged,540.18
12812,102798,2024-08-25,Poor Quality,115.56
12813,102816,2025-10-04,Size Issue,173.67
12814,102821,2025-11-15,Wrong Item,101.87
12815,102838,2025-07-15,Customer Changed Mind,26.4
12816,102862,2025-12-05,Wrong Item,509.78
12817,102868,2025-12-26,Size Issue,28.55
12818,102873,2024-03-17,Customer Changed Mind,109.28
12819,102877,2026-01-14,Size Issue,128.64
12820,102884,2024-01-16,Wrong Item,513.0
12821,102886,2023-06-19,Customer Changed Mind,379.28
12822,102894,2025-07-05,Late Delivery,582.61
12823,102907,2025-04-18,Late Delivery,269.45
12824,102908,2025-11-24,Size Issue,198.42
12825,102922,2025-08-15,Late Delivery,228.31
12826,102928,2025-10-03,Size Issue,414.39
12827,102929,2025-12-16,Size Issue,61.42
12828,102930,2024-06-09,Wrong Item,82.91
12829,102939,2023-11-02,Late Delivery,176.53
12830,102943,2026-01-13,Customer Changed Mind,255.5
12831,102946,2025-05-25,Damaged,529.97
12832,102955,2024-05-28,Poor Quality,272.08
12833,102956,2025-07-14,Size Issue,427.61
12834,102959,2025-08-30,Wrong Item,24.79
12835,102961,2026-01-03,Customer Changed Mind,317.7
12836,102963,2024-08-19,Wrong Item,235.97
12837,102966,2024-08-09,Poor Quality,70.94
12838,102972,2025-06-09,Size Issue,670.01
12839,102989,2025-12-05,Wrong Item,50.51
12840,102990,2025-12-18,Damaged,323.2
12841,102994,2024-11-28,Customer Changed Mind,910.53
12842,102996,2026-01-05,Late Delivery,298.46
12843,103000,2024-07-04,Damaged,326.41
12844,103004,2026-01-16,Size Issue,108.11
12845,103011,2025-01-21,Poor Quality,371.58
12846,103031,2025-12-28,Poor Quality,67.83
12847,103039,2025-01-30,Customer Changed Mind,83.86
12848,103046,2025-04-28,Customer Changed Mind,28.1
12849,103049,2023-11-18,Poor Quality,104.2
12850,103056,2026-01-02,Size Issue,119.54
12851,103058,2024-03-21,Customer Changed Mind,379.3
12852,103066,2026-01-03,Damaged,416.17
12853,103082,2024-07-14,Damaged,957.02
12854,103083,2024-12-03,Damaged,392.76
12855,103088,2025-12-08,Poor Quality,1052.01
12856,103091,2026-01-19,Size Issue,68.07
12857,103101,2023-11-28,Customer Changed Mind,222.66
12858,103107,2025-10-01,Size Issue,69.85
12859,103110,2024-08-09,Customer Changed Mind,209.32
12860,103121,2025-05-16,Damaged,72.25
12861,103129,2026-01-24,Customer Changed Mind,437.73
12862,103152,2025-07-25,Damaged,88.14
12863,103158,2023-12-20,Poor Quality,721.04
12864,103161,2025-12-09,Late Delivery,158.89
12865,103162,2024-12-04,Customer Changed Mind,200.66
12866,103169,2024-03-09,Damaged,172.14
12867,103172,2025-12-09,Late Delivery,492.96
12868,103174,2024-04-27,Customer Changed Mind,603.72
12869,103181,2025-01-14,Late Delivery,185.75
12870,103189,2024-11-30,Poor Quality,324.81
12871,103196,2025-05-27,customer changed mind,29.56
12872,103205,2025-09-25,Damaged,82.95
12873,103215,2025-09-18,Late Delivery,49.0
12874,103216,2025-12-17,Damaged,62.75
12875,103228,2026-01-03,Size Issue,817.14
12876,103229,2025-06-15,Customer Changed Mind,119.11
12877,103232,2025-01-05,Poor Quality,718.58
12878,103236,2024-07-31,Customer Changed Mind,40.25
12879,103239,2024-08-04,Wrong Item,493.44
12880,103261,2024-06-04,Customer Changed Mind,114.97
12881,103263,2023-09-22,Size Issue,142.7
12882,103265,2026-01-28,Damaged,225.16
12883,103266,2025-05-26,Size Issue,357.24
12884,103273,2026-01-19,Poor Quality,70.95
12885,103275,2025-12-23,Wrong Item,63.05
12886,103284,2025-07-22,Size Issue,502.87
12887,103287,2023-12-29,Size Issue,33.29
12888,103289,2025-02-15,Customer Changed Mind,44.67
12889,103296,2025-05-17,Customer Changed Mind,467.12
12890,103300,2025-04-16,Size Issue,94.89
12891,103304,2024-07-01,Size Issue,257.46
12892,103308,2025-10-27,Damaged,64.65
12893,103310,2025-01-24,Customer Changed Mind,18.1
12894,103316,2025-03-05,Size Issue,41.52
12895,103322,2025-11-14,Poor Quality,610.95
12896,103342,2025-08-03,Size Issue,130.94
12897,103351,2025-10-12,Customer Changed Mind,382.89
12898,103369,2025-10-04,Late Delivery,317.52
12899,103370,2025-04-25,Damaged,99.63
12900,103382,2024-06-25,Customer Changed Mind,128.36
12901,103386,2026-01-29,Wrong Item,50.81
12902,103396,2024-06-24,Size Issue,295.79
12903,103400,2025-04-23,Size Issue,110.38
12904,103401,2024-12-15,Late Delivery,262.27
12905,103402,2026-01-05,Wrong Item,73.01
12906,103405,2025-12-27,Late Delivery,143.96
12907,103412,2025-12-09,Poor Quality,189.46
12908,103422,2025-09-15,Poor Quality,14.31
12909,103423,2025-10-14,Customer Changed Mind,83.84
12910,103430,2025-06-08,Poor Quality,139.38
12911,103442,2025-11-22,Wrong Item,53.94
12912,103446,2025-10-13,Size Issue,301.3
12913,103456,2024-03-13,Wrong Item,132.89
12914,103462,2025-11-15,Wrong Item,119.09
12915,103477,2026-01-17,Size Issue,243.06
12916,103486,2025-02-12,Size Issue,452.35
12917,103488,2025-05-22,Customer Changed Mind,22.49
12918,103511,2026-01-21,Size Issue,16.55
12919,103546,2025-10-01,Size Issue,113.94
12920,103554,2025-09-24,Size Issue,367.74
12921,103573,2024-10-17,Damaged,54.15
12922,103587,2025-06-26,Late Delivery,153.77
12923,103593,2023-09-21,Wrong Item,362.44
12924,103608,2024-09-18,Customer Changed Mind,305.08
12925,103612,2025-12-18,Size Issue,205.99
12926,103643,2026-01-15,Late Delivery,44.27
12927,103645,2026-01-21,Size Issue,233.68
12928,103667,2025-04-11,Customer Changed Mind,834.31
12929,103710,2026-01-05,Damaged,98.47
12930,103720,2026-01-21,Size Issue,41.37
12931,103721,2026-01-26,Customer Changed Mind,66.96
12932,103725,2023-06-12,Damaged,498.83
12933,103732,2025-08-11,Late Delivery,35.73
12934,103735,2024-08-03,Poor Quality,287.33
12935,103742,2025-05-30,Poor Quality,40.3
12936,103750,2025-03-25,Damaged,273.01
12937,103751,2024-05-16,Customer Changed Mind,279.32
12938,103761,2025-09-08,Customer Changed Mind,61.15
12939,103765,2025-11-20,Damaged,449.04
12940,103768,2025-02-22,Size Issue,44.58
12941,103789,2025-04-27,Size Issue,99.22
12942,103812,2026-01-11,Wrong Item,456.89
12943,103814,2023-12-25,Damaged,179.47
12944,103824,2025-01-07,Customer Changed Mind,102.37
12945,103829,2023-08-01,Poor Quality,49.83
12946,103832,2025-02-27,Wrong Item,491.68
12947,103835,2025-06-02,Size Issue,200.75
12948,103841,2025-07-15,Customer Changed Mind,30.41
12949,103842,2024-07-04,Customer Changed Mind,160.44
12950,103845,2024-08-30,Size Issue,175.67
12951,103850,2025-03-15,Size Issue,64.94
12952,103857,2025-06-28,Late Delivery,103.6
12953,103859,2025-01-04,Wrong Item,123.38
12954,103879,2025-10-09,Poor Quality,335.96
12955,103885,2023-11-12,Size Issue,109.85
12956,103888,2025-09-30,Size Issue,116.13
12957,103896,2023-07-27,Poor Quality,179.97
12958,103899,2025-07-28,Poor Quality,994.87
12959,103920,2024-03-25,Customer Changed Mind,69.12
12960,103943,2024-10-14,Late Delivery,48.91
12961,103946,2025-06-12,Poor Quality,345.36
12962,103948,2025-01-10,Poor Quality,776.0
12963,103953,2026-01-27,Size Issue,11.77
12964,103954,2025-01-21,Size Issue,476.02
12965,103961,2026-01-02,Damaged,63.74
12966,103967,2024-10-04,Damaged,797.23
12967,103968,2025-07-22,Poor Quality,365.73
12968,103982,2025-12-23,Damaged,145.6
12969,103987,2025-09-28,Customer Changed Mind,363.12
12970,103989,2024-01-19,Poor Quality,658.37
12971,104002,2024-08-14,Size Issue,49.83
12972,104009,2025-04-22,Customer Changed Mind,476.37
12973,104010,2025-04-30,Poor Quality,483.19
12974,104015,2024-12-16,Late Delivery,80.23
12975,104018,2024-10-12,Size Issue,370.07
12976,104047,2025-01-03,Customer Changed Mind,151.25
12977,104051,2025-10-04,Customer Changed Mind,853.28
12978,104053,2024-11-17,Poor Quality,898.72
12979,104060,2025-09-15,Wrong Item,218.18
12980,104066,2026-01-25,Size Issue,133.26
12981,104074,2025-12-27,Wrong Item,269.38
12982,104075,2025-11-24,Poor Quality,285.96
12983,104076,2023-07-20,Customer Changed Mind,379.23
12984,104082,2024-09-23,Poor Quality,776.74
12985,104097,2025-08-20,Size Issue,363.66
12986,104102,2025-12-06,Customer Changed Mind,223.35
12987,104103,2024-07-22,Size Issue,363.49
12988,104111,2025-08-05,Customer Changed Mind,114.36
12989,104117,2024-07-23,Size Issue,422.56
12990,104122,2024-11-03,Late Delivery,453.49
12991,104126,2025-04-18,Late Delivery,244.84
12992,104132,2024-02-18,Poor Quality,158.81
12993,104134,2025-10-02,Poor Quality,114.59
12994,104136,2025-12-31,Customer Changed Mind,85.02
12995,104139,2025-02-14,Poor Quality,109.83
12996,104148,2024-05-13,Wrong Item,61.37
12997,104154,2025-04-11,Size Issue,78.26
12998,104163,2025-10-25,Wrong Item,94.45
12999,104169,2023-09-04,Damaged,189.43
13000,104176,2025-05-14,Customer Changed Mind,316.29
13001,104187,2025-02-15,Customer Changed Mind,202.84
13002,104188,2024-10-15,Size Issue,92.36
13003,104200,2025-05-06,Size Issue,273.11
13004,104207,2025-07-20,Size Issue,534.48
13005,104231,2025-12-22,Size Issue,35.24
13006,104232,2025-09-30,Poor Quality,395.74
13007,104238,2024-08-21,Size Issue,250.56
13008,104241,2025-09-18,Size Issue,56.33
13009,104252,2026-01-20,Wrong Item,14.71
13010,104260,2024-12-26,Poor Quality,461.84
13011,104261,2025-08-18,Size Issue,185.41
13012,104264,2026-01-11,Late Delivery,129.44
13013,104268,2025-06-18,Damaged,76.39
13014,104273,2025-11-11,Customer Changed Mind,346.89
13015,104276,2023-02-17,Poor Quality,112.8
13016,104279,2024-12-12,Size Issue,294.17
13017,104323,2025-06-20,Damaged,78.01
13018,104330,2024-12-06,Late Delivery,73.38
13019,104334,2025-11-28,Size Issue,90.06
13020,104343,2025-07-27,Size Issue,109.6
13021,104344,2024-12-10,Poor Quality,823.49
13022,104347,2025-11-24,Customer Changed Mind,47.3
13023,104393,2024-09-13,Wrong Item,30.88
13024,104411,2024-03-03,Damaged,35.42
13025,104413,2025-05-20,Size Issue,21.11
13026,104416,2026-01-05,Damaged,57.78
13027,104418,2025-08-01,Late Delivery,515.23
13028,104421,2025-07-05,Late Delivery,75.48
13029,104429,2025-08-14,Size Issue,77.92
13030,104443,2025-03-05,Damaged,219.75
13031,104446,2024-12-31,Damaged,298.37
13032,104447,2025-10-29,Wrong Item,46.3
13033,104452,2025-09-08,Size Issue,299.36
13034,104469,2024-10-25,Poor Quality,155.38
13035,104477,2025-02-12,Late Delivery,248.06
13036,104478,2024-08-08,Customer Changed Mind,40.58
13037,104492,2025-12-28,Customer Changed Mind,53.73
13038,104494,2024-11-26,Poor Quality,180.69
13039,104499,2024-11-03,Damaged,36.67
13040,104501,2025-01-29,Poor Quality,118.55
13041,104504,2026-01-25,Size Issue,353.0
13042,104510,2025-07-19,Late Delivery,643.12
13043,104536,2025-12-02,Size Issue,101.55
13044,104543,2023-10-17,Wrong Item,1492.11
13045,104546,2025-03-24,Damaged,63.8
13046,104560,2026-01-21,Customer Changed Mind,778.54
13047,104570,2024-10-31,Poor Quality,45.19
13048,104593,2024-05-09,Size Issue,408.48
13049,104595,2024-06-04,Late Delivery,123.35
13050,104613,2025-04-10,Wrong Item,147.93
13051,104619,2025-10-13,Size Issue,686.09
13052,104644,2025-05-24,Size Issue,417.22
13053,104651,2025-04-04,Damaged,103.69
13054,104653,2025-05-15,Size Issue,50.19
13055,104673,2026-01-07,Size Issue,124.56
13056,104682,2024-02-22,Late Delivery,42.32
13057,104698,2025-05-18,Size Issue,235.69
13058,104705,2024-06-07,Poor Quality,769.36
13059,104715,2025-10-28,Damaged,244.9
13060,104719,2023-07-18,Damaged,477.43
13061,104720,2025-09-24,Damaged,144.82
13062,104726,2025-09-16,Customer Changed Mind,133.86
13063,104732,2025-12-15,Damaged,215.05
13064,104747,2025-01-07,Late Delivery,896.24
13065,104761,2025-08-29,Damaged,328.35
13066,104762,2025-11-27,Size Issue,263.02
13067,104778,2025-07-19,Size Issue,131.19
13068,104805,2025-07-18,Poor Quality,68.57
13069,104819,2025-07-06,Size Issue,120.56
13070,104820,2025-12-29,Customer Changed Mind,35.16
13071,104822,2025-04-06,Wrong Item,167.59
13072,104826,2024-08-22,Late Delivery,21.43
13073,104843,2026-01-02,Wrong Item,323.38
13074,104845,2025-07-22,Wrong Item,402.39
13075,104858,2024-12-31,Size Issue,129.99
13076,104861,2025-09-14,Wrong Item,187.17
13077,104862,2024-10-23,Poor Quality,22.38
13078,104879,2024-08-29,Size Issue,304.38
13079,104884,2025-03-02,Damaged,20.03
13080,104892,2024-08-09,Late Delivery,39.51
13081,104894,2024-12-06,Damaged,87.89
13082,104900,2026-01-17,Customer Changed Mind,29.84
13083,104906,2024-12-02,Customer Changed Mind,16.6
13084,104913,2026-01-04,Wrong Item,19.58
13085,104914,2025-06-22,Damaged,302.41
13086,104934,2025-11-09,Damaged,589.73
13087,104936,2025-12-02,Poor Quality,44.59
13088,104939,2026-01-29,Late Delivery,216.23
13089,104944,2025-10-10,Size Issue,335.52
13090,104949,2026-01-02,Damaged,251.42
13091,104961,2024-10-03,Poor Quality,173.91
13092,104968,2024-07-08,Late Delivery,29.17
13093,104976,2025-03-10,Size Issue,712.42
13094,104995,2025-12-13,Damaged,221.93
13095,105004,2024-12-29,Damaged,828.98
13096,105008,2025-11-03,Size Issue,299.37
13097,105032,2025-07-10,Size Issue,276.97
13098,105034,2025-11-30,Wrong Item,58.99
13099,105039,2025-09-07,Poor Quality,775.79
13100,105044,2024-08-25,Size Issue,197.09
13101,105045,2025-07-29,Customer Changed Mind,42.37
13102,105047,2024-09-30,Wrong Item,191.54
13103,105050,2025-06-20,Size Issue,214.76
13104,105055,2024-12-04,Damaged,545.58
13105,105059,2025-07-10,Size Issue,170.59
13106,105060,2025-08-17,Customer Changed Mind,77.52
13107,105062,2025-12-28,Size Issue,134.98
13108,105063,2025-12-19,Size Issue,155.76
13109,105065,2024-12-02,Damaged,473.81
13110,105067,2026-01-04,Damaged,397.46
13111,105069,2025-11-11,Late Delivery,148.32
13112,105089,2025-07-05,Wrong Item,210.96
13113,105096,2024-11-22,Late Delivery,74.52
13114,105098,2026-01-02,Customer Changed Mind,452.8
13115,105120,2024-03-10,Damaged,111.86
13116,105121,2023-05-30,Late Delivery,236.24
13117,105124,2025-05-18,Damaged,56.44
13118,105130,2026-01-28,Poor Quality,92.34
13119,105145,2025-01-04,Size Issue,57.69
13120,105148,2025-06-19,Poor Quality,339.1
13121,105149,2026-01-08,Late Delivery,14.8
13122,105170,2023-05-19,Damaged,95.85
13123,105179,2024-10-24,Customer Changed Mind,92.41
13124,105204,2025-06-09,Customer Changed Mind,237.52
13125,105205,2025-08-14,Late Delivery,119.7
13126,105227,2026-01-05,Size Issue,317.79
13127,105228,2024-01-20,Wrong Item,125.1
13128,105239,2025-07-11,Customer Changed Mind,131.74
13129,105255,2025-11-05,Size Issue,36.68
13130,105256,2025-12-01,Customer Changed Mind,95.27
13131,105265,2024-12-19,Late Delivery,103.06
13132,105290,2025-01-12,Damaged,179.67
13133,105296,2023-11-11,Size Issue,335.61
13134,105300,2024-08-18,Wrong Item,135.43
13135,105302,2024-06-29,Late Delivery,13.24
13136,105303,2025-10-22,Size Issue,219.91
13137,105313,2025-12-31,Size Issue,242.73
13138,105316,2025-01-29,Poor Quality,196.72
13139,105343,2025-12-06,Late Delivery,411.99
13140,105350,2024-06-20,Customer Changed Mind,365.47
13141,105353,2025-05-05,Damaged,85.33
13142,105371,2025-08-08,Damaged,59.56
13143,105376,2025-05-09,Wrong Item,126.09
13144,105379,2025-01-21,Size Issue,727.97
13145,105388,2025-07-07,Damaged,431.26
13146,105394,2025-05-19,Size Issue,62.34
13147,105395,2026-01-12,Late Delivery,84.45
13148,105398,2026-01-10,Damaged,28.67
13149,105404,2025-02-11,Poor Quality,648.42
13150,105405,2024-07-16,Customer Changed Mind,30.45
13151,105410,2025-12-14,Customer Changed Mind,27.07
13152,105412,2026-01-02,Wrong Item,186.11
13153,105425,2024-12-13,Customer Changed Mind,126.92
13154,105426,2024-07-21,Poor Quality,439.62
13155,105432,2025-05-13,Damaged,94.09
13156,105433,2024-10-03,Damaged,79.68
13157,105438,2025-05-27,Size Issue,48.99
13158,105445,2025-09-08,Poor Quality,392.19
13159,105468,2025-12-04,Size Issue,470.28
13160,105475,2025-04-06,Size Issue,257.02
13161,105479,2025-12-25,Customer Changed Mind,52.86
13162,105481,2024-05-21,Customer Changed Mind,281.98
13163,105495,2024-11-18,Size Issue,483.99
13164,105501,2024-06-26,Wrong Item,171.36
13165,105502,2025-12-05,Size Issue,103.89
13166,105510,2026-01-04,Damaged,129.37
13167,105513,2026-01-11,Damaged,551.18
13168,105517,2024-09-11,Damaged,396.37
13169,105519,2025-03-14,Customer Changed Mind,500.05
13170,105520,2024-05-08,Poor Quality,122.4
13171,105528,2024-02-21,Wrong Item,23.27
13172,105543,2024-07-09,Customer Changed Mind,34.69
13173,105548,2025-01-09,Late Delivery,572.75
13174,105557,2025-04-16,Size Issue,603.16
13175,105559,2024-12-14,wrong item,64.95
13176,105576,2025-08-13,Wrong Item,280.5
13177,105579,2023-12-18,Customer Changed Mind,86.06
13178,105601,2024-09-09,Wrong Item,122.2
13179,105602,2025-11-03,Wrong Item,23.32
13180,105603,2025-05-01,Late Delivery,24.6
13181,105610,2023-12-11,Size Issue,607.59
13182,105615,2024-04-11,Customer Changed Mind,208.18
13183,105637,2025-08-27,Customer Changed Mind,33.0
13184,105660,2023-12-18,Wrong Item,378.33
13185,105663,2025-05-15,Size Issue,21.22
13186,105678,2024-10-08,Damaged,376.19
13187,105701,2025-05-05,Customer Changed Mind,64.99
13188,105703,2025-05-24,Damaged,179.22
13189,105726,2025-01-03,Customer Changed Mind,153.72
13190,105755,2025-01-28,Poor Quality,116.95
13191,105764,2025-04-09,Poor Quality,59.37
13192,105776,2025-01-29,Customer Changed Mind,139.99
13193,105795,2025-08-16,Damaged,276.05
13194,105805,2025-05-16,Damaged,907.1
13195,105807,2025-11-21,Customer Changed Mind,216.09
13196,105825,2025-02-04,Size Issue,267.68
13197,105826,2026-01-25,Customer Changed Mind,47.81
13198,105839,2025-04-08,Wrong Item,215.27
13199,105842,2024-07-02,Customer Changed Mind,274.1
13200,105843,2024-01-18,Poor Quality,70.35
13201,105847,2025-10-26,Size Issue,81.13
13202,105851,2023-12-04,Wrong Item,143.17
13203,105859,2025-10-17,Size Issue,16.19
13204,105861,2025-11-16,Late Delivery,80.19
13205,105865,2024-06-29,Poor Quality,91.26
13206,105867,2025-12-07,Damaged,312.83
13207,105868,2026-01-11,Wrong Item,437.42
13208,105871,2025-04-17,Customer Changed Mind,279.15
13209,105873,2024-07-07,Late Delivery,42.26
13210,105874,2024-07-09,Size Issue,248.9
13211,105888,2024-07-06,Customer Changed Mind,87.05
13212,105892,2024-08-14,Size Issue,20.4
13213,105893,2024-04-25,Late Delivery,91.61
13214,105903,2024-08-26,Damaged,156.29
13215,105905,2025-07-17,Size Issue,31.5
13216,105907,2025-01-13,Wrong Item,184.43
13217,105926,2025-07-06,Size Issue,346.99
13218,105932,2025-02-24,Size Issue,552.53
13219,105938,2023-12-11,Customer Changed Mind,32.52
13220,105940,2025-10-25,Wrong Item,27.45
13221,105944,2024-03-18,Damaged,93.02
13222,105946,2025-08-19,Size Issue,308.37
13223,105950,2025-09-19,Customer Changed Mind,373.63
13224,105953,2024-12-05,Size Issue,296.55
13225,105956,2024-10-09,Customer Changed Mind,287.73
13226,105961,2025-12-06,Late Delivery,167.42
13227,105981,2025-05-14,Late Delivery,271.79
13228,105985,2024-01-07,Customer Changed Mind,188.64
13229,105987,2025-02-13,Size Issue,980.27
13230,105997,2024-10-04,Customer Changed Mind,13.31
13231,106006,2025-12-15,Poor Quality,74.44
13232,106008,2025-03-31,Size Issue,81.46
13233,106035,2025-01-14,Customer Changed Mind,39.23
13234,106036,2025-11-10,Customer Changed Mind,753.98
13235,106038,2025-02-17,Poor Quality,641.04
13236,106072,2025-01-18,Customer Changed Mind,187.05
13237,106073,2025-11-16,Wrong Item,703.03
13238,106074,2026-01-04,Size Issue,655.95
13239,106075,2025-02-23,Size Issue,197.45
13240,106102,2025-09-17,Damaged,146.66
13241,106104,2024-07-15,Size Issue,169.34
13242,106106,2024-08-06,Size Issue,93.74
13243,106109,2025-10-25,Poor Quality,91.27
13244,106118,2024-01-21,Late Delivery,216.41
13245,106122,2023-08-05,Poor Quality,134.93
13246,106137,2024-04-06,Size Issue,600.36
13247,106142,2024-04-25,Poor Quality,253.22
13248,106144,2025-10-12,Late Delivery,145.81
13249,106147,2025-03-14,damaged,146.85
13250,106160,2025-10-23,Size Issue,110.65
13251,106166,2025-10-22,Size Issue,547.11
13252,106167,2025-12-07,Damaged,455.75
13253,106171,2025-02-13,Size Issue,33.41
13254,106174,2025-02-27,Wrong Item,80.7
13255,106176,2025-09-26,Wrong Item,167.17
13256,106179,2025-11-07,Wrong Item,51.56
13257,106188,2024-06-06,Damaged,138.51
13258,106202,2025-07-29,Size Issue,122.33
13259,106204,2024-10-11,Size Issue,73.36
13260,106236,2026-01-27,Poor Quality,10.99
13261,106253,2025-09-28,Customer Changed Mind,385.87
13262,106256,2024-06-10,Customer Changed Mind,93.69
13263,106258,2025-08-07,Damaged,110.18
13264,106262,2025-06-20,Damaged,80.51
13265,106278,2025-12-19,Size Issue,151.9
13266,106280,2025-12-23,Damaged,563.76
13267,106291,2025-06-24,Customer Changed Mind,501.76
13268,106300,2024-11-15,Damaged,92.53
13269,106301,2025-07-11,Size Issue,255.71
13270,106310,2024-10-03,Wrong Item,306.72
13271,106313,2024-01-26,Poor Quality,37.7
13272,106316,2024-01-21,Late Delivery,365.66
13273,106319,2025-02-28,Poor Quality,353.35
13274,106333,2026-01-25,Wrong Item,624.07
13275,106335,2024-04-26,Late Delivery,335.81
13276,106341,2025-05-24,Wrong Item,330.6
13277,106344,2025-06-09,Wrong Item,319.06
13278,106363,2024-07-20,Size Issue,785.03
13279,106365,2025-08-04,Size Issue,307.62
13280,106373,2025-08-30,Late Delivery,12.54
13281,106376,2025-10-12,Size Issue,383.98
13282,106378,2025-05-15,Wrong Item,106.57
13283,106379,2025-03-27,Wrong Item,130.52
13284,106382,2024-08-17,Size Issue,125.16
13285,106389,2023-11-26,Wrong Item,19.51
13286,106396,2025-04-02,Poor Quality,237.62
13287,106401,2024-05-16,Customer Changed Mind,108.77
13288,106404,2025-02-05,Damaged,68.26
13289,106406,2024-03-02,Late Delivery,107.37
13290,106410,2025-08-11,Late Delivery,582.8
13291,106427,2026-01-12,Poor Quality,15.76
13292,106442,2026-01-13,Size Issue,208.28
13293,106444,2025-05-02,Size Issue,593.71
13294,106458,2026-01-12,Wrong Item,105.6
13295,106469,2026-01-29,Late Delivery,29.77
13296,106492,2025-11-16,Wrong Item,139.98
13297,106493,2025-10-16,Wrong Item,18.77
13298,106495,2026-01-17,Damaged,372.6
13299,106503,2025-06-06,Poor Quality,139.19
13300,106504,2024-02-26,Customer Changed Mind,922.47
13301,106507,2025-12-03,Late Delivery,45.07
13302,106526,2025-09-27,Damaged,434.97
13303,106527,2024-07-31,Late Delivery,51.32
13304,106532,2026-01-24,Late Delivery,168.73
13305,106533,2025-08-26,Damaged,443.54
13306,106540,2024-10-20,Wrong Item,347.14
13307,106546,2024-09-30,Size Issue,319.54
13308,106555,2024-03-14,Size Issue,101.62
13309,106561,2025-04-11,Size Issue,128.4
13310,106563,2025-09-20,Size Issue,52.79
13311,106564,2025-06-24,Size Issue,282.21
13312,106569,2025-12-26,Late Delivery,49.04
13313,106586,2024-06-07,Customer Changed Mind,622.31
13314,106589,2025-04-09,Damaged,155.97
13315,106599,2025-03-14,Customer Changed Mind,22.43
13316,106601,2025-08-05,Size Issue,406.72
13317,106616,2023-11-12,Poor Quality,65.61
13318,106633,2025-05-09,Customer Changed Mind,219.03
13319,106646,2025-06-09,Customer Changed Mind,202.32
13320,106655,2025-06-08,Size Issue,1577.61
13321,106670,2026-01-06,Damaged,284.26
13322,106671,2025-04-29,Wrong Item,74.96
13323,106676,2025-10-15,Size Issue,469.43
13324,106689,2025-11-21,Damaged,156.11
13325,106700,2025-02-28,damaged,356.52
13326,106707,2024-07-17,Size Issue,72.92
13327,106709,2025-04-26,Size Issue,78.86
13328,106735,2025-08-27,Poor Quality,45.26
13329,106746,2026-01-13,Poor Quality,61.4
13330,106747,2026-01-12,Poor Quality,486.75
13331,106750,2026-01-01,Damaged,41.98
13332,106769,2024-05-13,Size Issue,45.96
13333,106781,2025-09-23,Wrong Item,52.15
13334,106783,2025-12-09,Wrong Item,105.06
13335,106791,2025-04-02,Size Issue,621.69
13336,106792,2024-07-10,Late Delivery,94.64
13337,106795,2025-01-01,Damaged,152.23
13338,106798,2024-10-31,Poor Quality,493.47
13339,106801,2025-11-29,Poor Quality,47.67
13340,106804,2024-07-13,Customer Changed Mind,110.52
13341,106809,2024-01-18,Late Delivery,98.24
13342,106816,2025-10-19,Wrong Item,263.29
13343,106819,2025-01-06,Poor Quality,375.88
13344,106834,2024-12-05,Size Issue,323.66
13345,106835,2025-02-02,Size Issue,70.06
13346,106836,2025-11-27,Size Issue,61.88
13347,106838,2025-12-03,Wrong Item,419.68
13348,106857,2025-10-11,Late Delivery,129.26
13349,106862,2023-12-24,Size Issue,70.94
13350,106864,2025-12-04,Customer Changed Mind,72.82
13351,106871,2025-09-19,Damaged,50.8
13352,106879,2024-04-23,Customer Changed Mind,45.98
13353,106885,2025-12-13,Damaged,563.83
13354,106888,2025-06-09,Wrong Item,89.47
13355,106922,2024-04-03,Late Delivery,10.56
13356,106925,2025-09-24,Size Issue,11.84
13357,106930,2024-02-26,Poor Quality,360.51
13358,106942,2025-06-14,Customer Changed Mind,262.9
13359,106955,2024-12-25,Customer Changed Mind,51.02
13360,106958,2025-06-05,Poor Quality,161.27
13361,106966,2026-01-11,Damaged,36.25
13362,106973,2025-03-14,Damaged,536.64
13363,106989,2024-05-14,Poor Quality,108.34
13364,107009,2023-12-26,Wrong Item,555.13
13365,107012,2024-10-13,Poor Quality,126.99
13366,107015,2025-09-19,Customer Changed Mind,234.58
13367,107034,2024-05-20,Size Issue,525.79
13368,107039,2024-08-22,Size Issue,401.88
13369,107042,2025-10-21,Wrong Item,693.85
13370,107045,2025-10-06,Size Issue,630.86
13371,107050,2025-08-03,Damaged,30.0
13372,107057,2026-01-01,Customer Changed Mind,315.66
13373,107061,2025-02-13,Late Delivery,80.54
13374,107067,2025-10-31,Damaged,358.19
13375,107073,2025-11-30,Late Delivery,436.1
13376,107074,2024-12-22,Poor Quality,82.4
13377,107085,2025-06-28,Damaged,149.63
13378,107089,2025-02-23,Late Delivery,88.32
13379,107093,2025-05-30,Customer Changed Mind,423.55
13380,107100,2026-01-04,Customer Changed Mind,55.04
13381,107111,2024-12-29,Damaged,251.52
13382,107116,2025-05-22,Damaged,103.24
13383,107119,2025-10-24,Wrong Item,424.84
13384,107122,2025-12-26,Size Issue,469.81
13385,107132,2025-11-23,Late Delivery,162.68
13386,107135,2025-12-22,Poor Quality,555.43
13387,107139,2024-10-23,Wrong Item,55.71
13388,107144,2025-01-26,Wrong Item,289.59
13389,107153,2024-10-17,Customer Changed Mind,101.55
13390,107173,2024-04-10,Customer Changed Mind,37.48
13391,107195,2025-11-10,Customer Changed Mind,93.06
13392,107204,2023-11-26,poor quality,231.56
13393,107235,2025-12-15,Customer Changed Mind,140.08
13394,107238,2025-06-13,Poor Quality,201.61
13395,107247,2026-01-05,Size Issue,649.24
13396,107271,2025-08-10,Customer Changed Mind,244.04
13397,107274,2025-12-08,Poor Quality,61.7
13398,107276,2025-12-04,Late Delivery,75.35
13399,107279,2024-07-23,Damaged,36.03
13400,107289,2025-08-07,Size Issue,186.53
13401,107304,2024-06-27,Wrong Item,206.72
13402,107328,2023-07-20,Size Issue,47.51
13403,107335,2024-03-17,Customer Changed Mind,68.66
13404,107338,2025-08-31,Damaged,42.55
13405,107344,2024-10-14,Poor Quality,471.21
13406,107345,2025-02-27,Poor Quality,608.99
13407,107351,2026-01-12,Damaged,143.79
13408,107364,2024-04-05,Poor Quality,79.24
13409,107379,2025-02-08,Customer Changed Mind,268.57
13410,107391,2025-12-07,Customer Changed Mind,41.73
13411,107395,2025-10-26,Size Issue,188.47
13412,107396,2025-10-10,Damaged,23.59
13413,107399,2025-10-26,Size Issue,277.47
13414,107403,2025-03-22,Late Delivery,113.43
13415,107404,2025-06-05,Size Issue,10.3
13416,107407,2025-01-12,Poor Quality,1033.49
13417,107410,2024-12-26,Poor Quality,1008.7
13418,107422,2025-05-19,Customer Changed Mind,153.9
13419,107443,2025-09-15,Poor Quality,237.69
13420,107447,2025-04-05,Wrong Item,17.99
13421,107463,2025-12-15,Damaged,119.68
13422,107465,2025-06-13,Damaged,302.87
13423,107481,2025-08-14,Late Delivery,173.95
13424,107489,2026-01-10,Size Issue,359.5
13425,107499,2025-07-10,Customer Changed Mind,50.17
13426,107508,2024-12-20,Customer Changed Mind,65.94
13427,107509,2024-01-23,Late Delivery,20.53
13428,107524,2024-09-17,Late Delivery,226.92
13429,107547,2025-04-01,Damaged,49.1
13430,107558,2025-03-24,Wrong Item,742.45
13431,107561,2025-05-01,Customer Changed Mind,45.84
13432,107568,2024-06-22,Customer Changed Mind,77.27
13433,107570,2025-12-12,Size Issue,18.57
13434,107585,2025-11-18,Size Issue,72.22
13435,107586,2025-09-30,Customer Changed Mind,7.4
13436,107588,2025-07-12,Customer Changed Mind,104.55
13437,107589,2025-05-16,Wrong Item,86.99
13438,107590,2026-01-13,Size Issue,66.55
13439,107592,2024-12-15,Customer Changed Mind,39.2
13440,107593,2025-07-02,Wrong Item,633.03
13441,107594,2025-03-06,Poor Quality,21.97
13442,107595,2025-08-04,Late Delivery,827.97
13443,107602,2026-01-14,Damaged,56.54
13444,107605,2023-11-18,Poor Quality,439.31
13445,107611,2025-05-18,Customer Changed Mind,145.55
13446,107612,2025-12-24,Size Issue,496.78
13447,107630,2024-12-25,Customer Changed Mind,197.93
13448,107648,2025-12-30,Damaged,104.65
13449,107653,2023-12-06,Size Issue,277.1
13450,107665,2026-01-22,Damaged,343.4
13451,107671,2025-10-24,Damaged,481.02
13452,107678,2025-06-05,Late Delivery,50.03
13453,107680,2024-09-04,Customer Changed Mind,82.44
13454,107684,2024-11-02,Late Delivery,78.3
13455,107687,2025-10-10,Poor Quality,143.07
13456,107694,2025-03-13,Size Issue,337.68
13457,107708,2026-01-19,Damaged,58.02
13458,107712,2025-04-13,Wrong Item,32.13
13459,107720,2025-07-30,Late Delivery,87.12
13460,107726,2025-07-31,Poor Quality,62.36
13461,107729,2026-01-23,Wrong Item,82.58
13462,107730,2025-10-30,Size Issue,286.31
13463,107749,2024-09-18,Customer Changed Mind,119.28
13464,107754,2025-06-04,Size Issue,296.51
13465,107756,2024-07-25,Poor Quality,80.29
13466,107761,2025-09-04,Poor Quality,23.08
13467,107762,2024-04-16,Size Issue,306.72
13468,107763,2024-12-08,Damaged,458.22
13469,107764,2025-11-07,Wrong Item,119.17
13470,107780,2026-01-19,Size Issue,107.29
13471,107804,2024-11-10,Poor Quality,156.57
13472,107805,2025-05-03,Poor Quality,21.31
13473,107810,2024-09-19,Damaged,783.54
13474,107811,2025-09-25,Size Issue,136.52
13475,107816,2025-09-13,Late Delivery,61.39
13476,107822,2025-05-14,Poor Quality,131.48
13477,107829,2026-01-19,Damaged,303.96
13478,107834,2025-01-01,Customer Changed Mind,95.13
13479,107836,2024-09-30,Poor Quality,355.33
13480,107846,2025-04-28,Late Delivery,453.87
13481,107852,2026-01-18,Poor Quality,313.19
13482,107876,2025-03-04,Damaged,314.14
13483,107881,2024-08-27,Size Issue,49.68
13484,107894,2025-09-23,Damaged,608.5
13485,107902,2025-05-19,Damaged,310.11
13486,107911,2024-08-02,Wrong Item,58.85
13487,107945,2024-01-09,Size Issue,45.05
13488,107954,2024-08-06,Size Issue,124.94
13489,107957,2024-12-26,Size Issue,44.39
13490,107962,2026-01-23,Poor Quality,782.36
13491,107970,2026-01-05,Size Issue,144.13
13492,107981,2025-07-15,Poor Quality,262.48
13493,107984,2024-12-24,Late Delivery,419.62
13494,108005,2025-04-06,Size Issue,91.96
13495,108011,2025-05-06,Damaged,147.04
13496,108015,2025-12-28,Late Delivery,40.79
13497,108020,2025-10-31,Damaged,222.51
13498,108030,2026-01-20,Damaged,80.31
13499,108035,2025-01-15,Poor Quality,440.41
13500,108036,2024-10-05,Size Issue,154.8
13501,108043,2024-03-08,Customer Changed Mind,65.69
13502,108049,2025-11-04,Size Issue,330.99
13503,108055,2025-10-03,Late Delivery,151.86
13504,108058,2026-01-25,Wrong Item,37.57
13505,108066,2025-04-10,Customer Changed Mind,24.96
13506,108069,2024-09-26,Poor Quality,390.48
13507,108073,2024-07-23,Late Delivery,413.28
13508,108075,2025-09-10,Damaged,202.8
13509,108082,2025-05-26,Size Issue,101.34
13510,108090,2025-04-22,Wrong Item,61.17
13511,108096,2025-01-28,Size Issue,169.49
13512,108097,2024-11-06,Size Issue,273.19
13513,108099,2025-08-04,Size Issue,172.92
13514,108112,2023-12-23,Size Issue,416.22
13515,108117,2024-05-09,Customer Changed Mind,127.24
13516,108120,2025-10-22,Wrong Item,340.69
13517,108123,2024-02-04,Size Issue,32.01
13518,108141,2025-03-19,Size Issue,373.42
13519,108142,2024-10-22,Late Delivery,315.18
13520,108159,2025-11-14,Damaged,496.59
13521,108165,2026-01-16,Damaged,435.18
13522,108166,2025-05-01,Size Issue,341.51
13523,108179,2024-01-24,Customer Changed Mind,672.26
13524,108183,2025-10-29,Damaged,41.04
13525,108184,2025-02-04,Poor Quality,320.92
13526,108189,2025-06-01,Size Issue,301.78
13527,108196,2025-10-21,Size Issue,539.24
13528,108203,2026-01-15,Wrong Item,33.28
13529,108217,2025-02-22,Customer Changed Mind,107.47
13530,108219,2025-06-11,Size Issue,270.35
13531,108230,2025-01-21,Size Issue,353.58
13532,108232,2025-04-18,Size Issue,386.33
13533,108237,2025-07-26,Customer Changed Mind,116.36
13534,108247,2025-09-24,Late Delivery,99.79
13535,108265,2025-08-07,Customer Changed Mind,117.58
13536,108276,2025-06-06,Wrong Item,74.84
13537,108285,2024-09-10,Size Issue,352.01
13538,108289,2025-04-02,Late Delivery,28.53
13539,108301,2026-01-19,Size Issue,141.0
13540,108318,2025-12-09,Late Delivery,243.64
13541,108320,2025-10-20,Size Issue,116.88
13542,108330,2023-12-01,Size Issue,166.35
13543,108333,2025-01-29,Damaged,20.31
13544,108339,2025-09-16,Customer Changed Mind,92.64
13545,108344,2024-06-02,Damaged,21.41
13546,108347,2023-08-12,Wrong Item,215.93
13547,108364,2025-05-27,Poor Quality,508.67
13548,108377,2025-03-28,Late Delivery,548.73
13549,108379,2025-09-03,Size Issue,382.3
13550,108386,2024-06-01,Customer Changed Mind,199.2
13551,108402,2025-08-30,Damaged,131.52
13552,108406,2024-09-01,Customer Changed Mind,191.86
13553,108419,2024-09-29,Customer Changed Mind,72.75
13554,108442,2026-01-01,Customer Changed Mind,52.54
13555,108450,2025-09-16,Late Delivery,97.65
13556,108452,2025-12-14,Size Issue,341.1
13557,108455,2025-02-05,Customer Changed Mind,97.59
13558,108458,2024-02-20,Size Issue,196.07
13559,108467,2025-04-04,Damaged,94.29
13560,108487,2025-10-28,Wrong Item,253.58
13561,108497,2025-11-30,Size Issue,578.97
13562,108499,2024-08-29,Damaged,341.44
13563,108511,2025-10-07,Wrong Item,79.78
13564,108513,2026-01-28,Customer Changed Mind,24.24
13565,108553,2025-10-19,Late Delivery,36.41
13566,108556,2024-09-05,Poor Quality,105.49
13567,108560,2024-10-12,Poor Quality,28.58
13568,108565,2025-11-30,Customer Changed Mind,320.2
13569,108580,2025-07-21,Customer Changed Mind,33.85
13570,108599,2026-01-09,Damaged,79.75
13571,108608,2025-10-23,Wrong Item,106.11
13572,108612,2025-04-26,Size Issue,492.86
13573,108613,2025-07-31,Damaged,238.58
13574,108619,2024-01-29,Size Issue,115.79
13575,108628,2025-06-09,Wrong Item,43.17
13576,108631,2025-11-05,Damaged,36.21
13577,108634,2026-01-13,Poor Quality,155.64
13578,108637,2025-10-19,Customer Changed Mind,386.24
13579,108643,2024-09-22,Late Delivery,566.25
13580,108649,2025-06-11,Size Issue,254.32
13581,108661,2025-11-23,Customer Changed Mind,189.87
13582,108669,2026-01-07,Poor Quality,276.29
13583,108694,2025-11-24,Late Delivery,41.67
13584,108696,2024-02-15,Late Delivery,112.48
13585,108699,2024-12-10,Damaged,990.77
13586,108709,2025-07-19,Size Issue,121.2
13587,108714,2024-02-24,Size Issue,20.26
13588,108717,2024-11-22,Wrong Item,560.49
13589,108722,2024-08-31,Customer Changed Mind,184.35
13590,108745,2025-11-28,Size Issue,37.0
13591,108761,2023-12-21,Damaged,41.51
13592,108767,2026-01-13,Customer Changed Mind,193.76
13593,108786,2026-01-23,Poor Quality,119.73
13594,108801,2026-01-05,Wrong Item,17.45
13595,108809,2024-05-12,Late Delivery,91.52
13596,108811,2025-10-23,size issue,498.23
13597,108813,2026-01-14,Customer Changed Mind,618.78
13598,108814,2025-07-15,Customer Changed Mind,177.64
13599,108817,2025-08-13,Poor Quality,419.04
13600,108820,2025-04-16,Size Issue,32.9
13601,108827,2025-07-17,Poor Quality,224.3
13602,108838,2025-02-13,Wrong Item,402.7
13603,108840,2025-05-08,Late Delivery,202.02
13604,108844,2025-05-04,Damaged,349.89
13605,108849,2025-03-14,Late Delivery,516.21
13606,108853,2025-04-08,Wrong Item,752.24
13607,108864,2025-10-24,Damaged,17.6
13608,108873,2025-02-13,Customer Changed Mind,308.71
13609,108876,2025-12-14,Poor Quality,237.14
13610,108877,2025-04-20,Size Issue,140.71
13611,108901,2023-11-06,Wrong Item,169.52
13612,108919,2025-11-27,Size Issue,78.36
13613,108922,2024-11-01,Poor Quality,549.75
13614,108924,2025-11-19,Wrong Item,221.1
13615,108933,2024-12-12,Size Issue,91.06
13616,108947,2024-09-09,Customer Changed Mind,337.75
13617,108950,2025-06-09,Late Delivery,261.11
13618,108972,2026-01-28,Customer Changed Mind,491.18
13619,108988,2025-01-24,Poor Quality,61.83
13620,108989,2026-01-03,Customer Changed Mind,69.53
13621,109007,2023-07-18,Damaged,191.5
13622,109024,2026-01-03,Wrong Item,81.42
13623,109036,2025-10-21,Wrong Item,293.9
13624,109040,2025-12-22,Size Issue,152.79
13625,109045,2024-02-08,Customer Changed Mind,104.84
13626,109048,2025-11-25,Wrong Item,142.51
13627,109055,2024-06-28,Customer Changed Mind,32.58
13628,109061,2024-07-28,Customer Changed Mind,31.71
13629,109068,2024-12-24,Damaged,25.49
13630,109070,2025-10-15,Size Issue,330.09
13631,109082,2025-05-05,Size Issue,395.07
13632,109086,2025-05-24,Damaged,198.82
13633,109091,2024-12-13,Size Issue,192.88
13634,109100,2024-04-02,Poor Quality,528.7
13635,109107,2026-01-15,Size Issue,36.41
13636,109111,2024-05-22,Wrong Item,124.0
13637,109117,2025-03-27,Damaged,484.2
13638,109122,2025-09-10,Wrong Item,167.21
13639,109123,2025-09-30,Customer Changed Mind,131.23
13640,109129,2024-05-06,Poor Quality,117.4
13641,109131,2024-04-27,Size Issue,74.49
13642,109134,2023-09-18,Poor Quality,536.96
13643,109135,2025-11-01,Late Delivery,46.81
13644,109155,2024-12-06,Damaged,163.21
13645,109162,2025-06-27,Size Issue,156.28
13646,109164,2025-10-11,Damaged,83.18
13647,109166,2025-02-21,Damaged,57.83
13648,109167,2024-06-09,Damaged,565.73
13649,109169,2023-09-28,Poor Quality,120.18
13650,109193,2025-08-24,Size Issue,627.18
13651,109195,2025-12-15,Customer Changed Mind,330.02
13652,109201,2025-12-13,Poor Quality,612.04
13653,109203,2025-01-07,Size Issue,630.02
13654,109220,2025-06-22,Size Issue,301.93
13655,109225,2024-08-04,Customer Changed Mind,325.35
13656,109238,2024-11-27,Damaged,307.24
13657,109245,2024-12-22,Late Delivery,81.27
13658,109259,2025-07-24,Damaged,532.66
13659,109267,2024-04-21,Size Issue,40.12
13660,109270,2025-10-29,Damaged,73.27
13661,109273,2023-09-19,Customer Changed Mind,25.0
13662,109276,2025-07-25,Damaged,109.66
13663,109282,2024-05-05,Poor Quality,91.74
13664,109291,2024-12-16,Poor Quality,19.85
13665,109295,2025-01-10,Size Issue,302.7
13666,109299,2025-07-03,Damaged,550.52
13667,109300,2024-08-22,Size Issue,119.02
13668,109315,2025-03-18,late delivery,49.36
13669,109318,2025-05-11,Size Issue,26.3
13670,109326,2023-08-20,Poor Quality,185.67
13671,109328,2025-10-11,Late Delivery,171.22
13672,109330,2025-09-25,Wrong Item,10.84
13673,109332,2025-09-09,Wrong Item,343.4
13674,109333,2024-02-27,Poor Quality,14.71
13675,109356,2026-01-29,Late Delivery,38.15
13676,109366,2025-03-18,Size Issue,205.01
13677,109367,2024-06-02,Damaged,248.79
13678,109381,2025-05-30,Size Issue,163.1
13679,109383,2026-01-10,Customer Changed Mind,34.77
13680,109391,2024-03-21,Damaged,370.17
13681,109396,2025-07-18,Damaged,214.56
13682,109397,2025-04-16,Customer Changed Mind,370.86
13683,109403,2024-04-21,Late Delivery,56.09
13684,109404,2025-09-12,Poor Quality,95.79
13685,109405,2024-06-23,Size Issue,351.08
13686,109425,2024-02-27,Size Issue,50.98
13687,109426,2025-11-16,Poor Quality,67.81
13688,109433,2025-05-10,Size Issue,243.51
13689,109435,2025-04-09,Poor Quality,677.77
13690,109436,2025-01-19,Damaged,464.33
13691,109437,2026-01-27,Size Issue,139.83
13692,109438,2025-06-28,Damaged,285.06
13693,109456,2025-08-20,Late Delivery,130.63
13694,109458,2025-08-08,Wrong Item,406.98
13695,109465,2025-08-19,Poor Quality,312.8
13696,109481,2025-09-10,Late Delivery,21.18
13697,109485,2025-08-18,Damaged,936.35
13698,109497,2024-12-23,Size Issue,74.13
13699,109504,2025-04-04,Damaged,852.07
13700,109509,2025-10-29,Late Delivery,138.51
13701,109522,2025-11-14,Customer Changed Mind,80.42
13702,109525,2025-03-06,Wrong Item,487.93
13703,109568,2025-10-17,Size Issue,307.13
13704,109576,2025-06-26,Wrong Item,305.72
13705,109579,2025-03-19,Customer Changed Mind,16.87
13706,109612,2023-11-07,Damaged,538.8
13707,109613,2026-01-15,Wrong Item,105.16
13708,109621,2025-07-28,Poor Quality,270.74
13709,109625,2023-12-31,Size Issue,89.4
13710,109626,2025-11-12,Damaged,58.29
13711,109630,2025-09-15,Late Delivery,776.15
13712,109638,2024-06-14,Size Issue,115.39
13713,109664,2025-10-07,Late Delivery,446.49
13714,109671,2024-10-07,Damaged,631.91
13715,109675,2026-01-27,Damaged,182.43
13716,109676,2023-08-15,Wrong Item,64.89
13717,109677,2025-05-22,Damaged,39.87
13718,109679,2025-05-26,Late Delivery,49.41
13719,109684,2024-10-21,Size Issue,323.37
13720,109694,2025-03-03,Size Issue,71.83
13721,109701,2026-01-17,Damaged,31.91
13722,109706,2025-05-30,Wrong Item,319.26
13723,109716,2025-08-04,Wrong Item,204.34
13724,109736,2025-12-07,Late Delivery,726.05
13725,109739,2024-10-16,Wrong Item,454.69
13726,109747,2025-04-22,Size Issue,192.77
13727,109756,2024-09-03,Size Issue,254.75
13728,109757,2025-07-23,Damaged,132.03
13729,109758,2025-10-23,Wrong Item,15.02
13730,109761,2025-04-15,Late Delivery,371.73
13731,109763,2026-01-01,Poor Quality,414.59
13732,109773,2025-09-10,Poor Quality,71.47
13733,109781,2025-12-15,Wrong Item,54.66
13734,109782,2025-12-01,Customer Changed Mind,29.77
13735,109787,2024-11-20,Size Issue,264.38
13736,109794,2025-05-06,Wrong Item,577.96
13737,109821,2025-01-28,Late Delivery,317.42
13738,109830,2025-08-15,Size Issue,503.44
13739,109836,2024-12-05,Customer Changed Mind,314.82
13740,109842,2025-10-27,Late Delivery,183.62
13741,109843,2025-04-24,Customer Changed Mind,33.83
13742,109846,2023-06-03,Late Delivery,187.38
13743,109847,2025-04-19,Customer Changed Mind,48.06
13744,109874,2024-04-22,Customer Changed Mind,74.03
13745,109891,2025-09-23,Wrong Item,529.51
13746,109902,2025-06-28,Late Delivery,487.71
13747,109908,2025-11-11,Late Delivery,242.6
13748,109909,2025-09-29,Size Issue,58.88
13749,109914,2025-06-13,Size Issue,170.68
13750,109929,2025-07-15,Damaged,328.05
13751,109950,2025-04-12,Customer Changed Mind,77.29
13752,109958,2025-11-16,Poor Quality,386.32
13753,109962,2025-08-24,Size Issue,36.11
13754,109963,2026-01-01,Customer Changed Mind,266.78
13755,109966,2024-02-25,Damaged,40.2
13756,109970,2025-09-14,Damaged,328.98
13757,109994,2025-08-25,Damaged,280.24
13758,110001,2024-04-18,Size Issue,17.08
13759,110011,2024-08-01,Late Delivery,331.34
13760,110029,2025-03-26,Wrong Item,616.05
13761,110053,2024-11-04,Wrong Item,130.22
13762,110055,2025-05-27,Wrong Item,149.55
13763,110075,2026-01-22,Wrong Item,22.97
13764,110082,2024-11-05,Poor Quality,48.46
13765,110090,2024-10-22,Customer Changed Mind,110.41
13766,110121,2026-01-02,Customer Changed Mind,43.02
13767,110128,2026-01-29,Late Delivery,16.8
13768,110139,2025-12-09,Poor Quality,126.99
13769,110141,2025-12-13,Customer Changed Mind,61.8
13770,110148,2025-02-25,Customer Changed Mind,108.14
13771,110154,2024-03-16,Customer Changed Mind,36.22
13772,110159,2025-04-23,Poor Quality,228.16
13773,110161,2025-12-12,Customer Changed Mind,298.06
13774,110173,2025-02-15,Late Delivery,55.67
13775,110177,2025-05-19,late delivery,131.78
13776,110183,2025-09-20,customer changed mind,160.79
13777,110191,2024-11-19,Damaged,636.08
13778,110199,2025-08-23,Late Delivery,90.17
13779,110205,2023-10-04,Poor Quality,645.07
13780,110217,2025-10-29,Customer Changed Mind,130.34
13781,110218,2025-04-27,Poor Quality,32.2
13782,110238,2024-03-03,Size Issue,122.19
13783,110240,2026-01-12,Wrong Item,272.78
13784,110253,2024-07-05,Damaged,92.25
13785,110259,2024-12-26,Damaged,133.08
13786,110260,2026-01-23,Customer Changed Mind,23.92
13787,110264,2025-05-16,customer changed mind,280.28
13788,110265,2025-09-07,Damaged,58.11
13789,110267,2025-08-21,Size Issue,56.11
13790,110268,2024-12-04,Customer Changed Mind,33.2
13791,110278,2025-01-06,Damaged,295.66
13792,110280,2025-04-21,Damaged,286.71
13793,110281,2025-06-06,Size Issue,820.92
13794,110295,2025-09-23,Late Delivery,188.61
13795,110303,2025-06-21,Damaged,267.72
13796,110310,2025-10-20,Size Issue,321.27
13797,110311,2024-03-26,Size Issue,752.03
13798,110325,2026-01-06,Poor Quality,147.78
13799,110327,2025-08-26,Customer Changed Mind,32.45
13800,110340,2025-07-05,Customer Changed Mind,151.13
13801,110363,2024-07-28,Wrong Item,70.39
13802,110367,2025-12-30,Size Issue,18.71
13803,110373,2025-04-15,Size Issue,143.94
13804,110375,2025-07-17,Customer Changed Mind,205.42
13805,110387,2025-01-10,size issue,57.86
13806,110391,2026-01-26,Wrong Item,10.63
13807,110400,2024-04-22,Wrong Item,40.7
13808,110416,2026-01-03,Wrong Item,155.25
13809,110417,2025-09-09,Size Issue,77.86
13810,110424,2023-10-04,Damaged,195.09
13811,110433,2025-12-26,Size Issue,39.99
13812,110443,2025-11-22,Late Delivery,86.87
13813,110450,2025-11-29,Size Issue,13.37
13814,110455,2026-01-02,Size Issue,114.96
13815,110459,2024-12-08,Damaged,460.74
13816,110461,2026-01-21,Late Delivery,27.02
13817,110466,2026-01-18,Damaged,126.59
13818,110498,2025-07-10,Damaged,144.55
13819,110507,2025-01-12,Size Issue,109.14
13820,110510,2026-01-29,Wrong Item,211.97
13821,110515,2025-09-27,Size Issue,80.51
13822,110545,2025-12-22,Size Issue,13.47
13823,110546,2025-12-10,Wrong Item,78.9
13824,110549,2026-01-24,Late Delivery,503.11
13825,110563,2025-05-08,Poor Quality,190.1
13826,110577,2026-01-26,Wrong Item,594.46
13827,110581,2024-09-11,Poor Quality,162.96
13828,110596,2025-07-05,Size Issue,505.11
13829,110612,2025-03-08,Damaged,967.77
13830,110633,2025-09-10,Poor Quality,91.21
13831,110639,2026-01-03,Late Delivery,69.17
13832,110672,2024-01-31,Size Issue,263.42
13833,110680,2024-06-06,customer changed mind,34.61
13834,110700,2025-07-01,Damaged,28.11
13835,110704,2025-12-03,Late Delivery,31.81
13836,110726,2024-10-15,Poor Quality,394.87
13837,110737,2025-08-10,Size Issue,674.65
13838,110738,2024-12-20,Size Issue,135.31
13839,110742,2025-11-15,Customer Changed Mind,79.05
13840,110755,2025-07-21,Wrong Item,139.97
13841,110759,2025-12-28,Poor Quality,49.33
13842,110760,2023-09-04,Size Issue,314.49
13843,110762,2025-08-30,Wrong Item,132.3
13844,110768,2025-12-27,Customer Changed Mind,185.53
13845,110771,2024-07-23,Size Issue,94.43
13846,110774,2025-12-11,Customer Changed Mind,114.05
13847,110790,2025-03-09,Late Delivery,496.65
13848,110792,2025-02-22,Customer Changed Mind,48.19
13849,110793,2024-07-08,Size Issue,62.65
13850,110799,2023-06-18,Late Delivery,91.74
13851,110800,2025-07-21,Wrong Item,378.8
13852,110813,2025-07-17,Damaged,35.42
13853,110823,2025-11-01,Damaged,752.41
13854,110837,2025-06-20,Size Issue,84.66
13855,110865,2024-11-11,Size Issue,695.17
13856,110871,2025-11-20,Damaged,318.56
13857,110876,2025-05-13,Damaged,779.93
13858,110885,2025-10-20,Wrong Item,52.64
13859,110889,2024-12-04,Poor Quality,406.17
13860,110893,2025-07-29,Customer Changed Mind,76.27
13861,110899,2025-10-23,Damaged,226.58
13862,110920,2025-02-02,Customer Changed Mind,27.94
13863,110923,2026-01-11,Late Delivery,378.44
13864,110930,2025-05-30,Size Issue,146.44
13865,110933,2025-09-02,Late Delivery,168.94
13866,110938,2025-05-26,Size Issue,128.43
13867,110947,2024-10-31,Wrong Item,137.52
13868,110961,2024-10-21,Poor Quality,147.2
13869,110968,2024-09-20,Customer Changed Mind,50.63
13870,110975,2025-08-06,Size Issue,402.51
13871,110982,2025-04-27,Customer Changed Mind,22.38
13872,110983,2025-11-19,Customer Changed Mind,45.56
13873,110985,2024-10-28,Customer Changed Mind,190.13
13874,110986,2025-08-24,Wrong Item,216.79
13875,110987,2023-09-11,Size Issue,58.51
13876,110989,2025-11-16,Wrong Item,439.5
13877,110990,2024-12-20,Late Delivery,549.14
13878,111010,2024-05-20,Size Issue,49.78
13879,111015,2026-01-21,Damaged,1014.89
13880,111026,2025-07-14,Poor Quality,63.06
13881,111035,2026-01-09,Damaged,61.45
13882,111036,2026-01-19,Damaged,239.86
13883,111044,2024-03-06,Size Issue,532.8
13884,111048,2025-09-22,Wrong Item,401.2
13885,111052,2023-11-08,Poor Quality,99.63
13886,111059,2025-12-31,Poor Quality,41.02
13887,111061,2026-01-17,Wrong Item,342.97
13888,111064,2025-03-17,Size Issue,36.71
13889,111078,2025-12-26,Customer Changed Mind,143.9
13890,111082,2025-02-04,Late Delivery,197.98
13891,111083,2026-01-24,Damaged,38.64
13892,111087,2025-09-07,Customer Changed Mind,20.11
13893,111117,2026-01-04,Late Delivery,115.47
13894,111120,2024-03-18,Late Delivery,498.7
13895,111126,2025-09-27,Damaged,34.68
13896,111155,2024-12-06,Customer Changed Mind,307.45
13897,111157,2024-12-10,Poor Quality,459.1
13898,111159,2025-05-26,Size Issue,159.77
13899,111164,2025-01-21,Customer Changed Mind,230.42
13900,111170,2024-01-13,Size Issue,90.2
13901,111187,2026-01-06,Damaged,142.11
13902,111190,2025-08-27,Size Issue,268.31
13903,111197,2025-01-30,Customer Changed Mind,87.72
13904,111208,2025-12-05,Late Delivery,40.44
13905,111211,2024-04-25,Customer Changed Mind,361.14
13906,111216,2024-07-17,Wrong Item,661.04
13907,111217,2024-09-01,Damaged,177.36
13908,111229,2025-11-13,Customer Changed Mind,240.22
13909,111247,2025-08-15,Damaged,36.54
13910,111249,2025-12-13,Poor Quality,101.28
13911,111270,2026-01-24,Late Delivery,443.34
13912,111274,2025-04-13,Size Issue,281.57
13913,111283,2024-12-09,Damaged,774.16
13914,111288,2025-11-05,Customer Changed Mind,186.68
13915,111294,2023-11-20,Customer Changed Mind,103.25
13916,111296,2025-03-19,Late Delivery,256.78
13917,111298,2025-06-28,Poor Quality,82.38
13918,111314,2025-12-29,Poor Quality,239.46
13919,111318,2023-08-16,Customer Changed Mind,221.82
13920,111327,2025-02-04,Size Issue,153.72
13921,111361,2025-03-24,Wrong Item,88.77
13922,111372,2023-08-11,Size Issue,49.47
13923,111401,2024-06-20,Size Issue,928.02
13924,111404,2025-02-27,Customer Changed Mind,332.46
13925,111407,2024-09-20,Late Delivery,187.39
13926,111413,2025-10-21,Damaged,447.63
13927,111432,2025-08-31,Customer Changed Mind,228.35
13928,111440,2025-10-25,Customer Changed Mind,602.65
13929,111451,2025-09-06,Size Issue,185.3
13930,111454,2023-12-10,Poor Quality,294.56
13931,111460,2023-12-27,Size Issue,147.82
13932,111461,2024-07-02,Damaged,130.64
13933,111463,2023-08-28,Late Delivery,189.09
13934,111465,2024-10-12,Late Delivery,532.24
13935,111476,2024-12-08,Size Issue,694.6
13936,111481,2025-01-17,Poor Quality,184.19
13937,111490,2024-04-23,Damaged,415.25
13938,111500,2025-09-09,Late Delivery,27.66
13939,111502,2025-11-15,Customer Changed Mind,63.54
13940,111507,2025-01-12,Wrong Item,35.56
13941,111511,2026-01-28,Damaged,680.36
13942,111515,2024-12-07,Size Issue,399.61
13943,111516,2025-11-16,Customer Changed Mind,34.07
13944,111519,2025-06-16,Customer Changed Mind,217.65
13945,111533,2024-10-01,Poor Quality,29.9
13946,111542,2025-07-12,Poor Quality,522.05
13947,111554,2025-01-30,Size Issue,157.64
13948,111560,2025-10-25,Customer Changed Mind,27.67
13949,111566,2025-09-16,Late Delivery,701.57
13950,111568,2025-06-30,Poor Quality,151.29
13951,111570,2025-10-12,Customer Changed Mind,57.03
13952,111571,2025-09-16,Damaged,389.06
13953,111577,2025-08-02,Damaged,63.08
13954,111588,2025-07-11,Damaged,86.87
13955,111589,2023-10-24,Size Issue,44.05
13956,111593,2023-11-04,poor quality,702.01
13957,111604,2025-07-29,Damaged,26.21
13958,111605,2025-10-05,Size Issue,492.45
13959,111616,2024-11-23,Poor Quality,906.72
13960,111622,2023-09-08,Wrong Item,159.25
13961,111641,2025-12-17,Poor Quality,37.49
13962,111649,2025-12-26,Poor Quality,103.2
13963,111653,2025-07-19,Poor Quality,393.33
13964,111655,2024-09-08,Damaged,217.63
13965,111657,2024-10-14,Damaged,752.68
13966,111677,2024-08-09,Damaged,182.6
13967,111679,2024-07-13,Customer Changed Mind,68.47
13968,111684,2024-05-02,Wrong Item,95.56
13969,111704,2025-06-02,Poor Quality,59.08
13970,111705,2023-12-14,Damaged,84.34
13971,111730,2025-12-12,Damaged,133.4
13972,111736,2026-01-27,Poor Quality,89.61
13973,111767,2025-02-24,Poor Quality,46.15
13974,111778,2025-03-13,Damaged,91.03
13975,111781,2026-01-27,Size Issue,191.64
13976,111794,2025-04-15,Customer Changed Mind,95.03
13977,111795,2026-01-06,Damaged,64.07
13978,111798,2025-08-25,Damaged,14.28
13979,111800,2025-07-24,Wrong Item,428.48
13980,111804,2025-01-21,Poor Quality,58.15
13981,111810,2025-08-01,Size Issue,376.72
13982,111817,2025-05-07,Wrong Item,51.65
13983,111824,2025-11-25,Wrong Item,577.33
13984,111833,2025-08-24,Damaged,455.87
13985,111835,2025-07-01,Damaged,138.28
13986,111836,2025-07-30,Wrong Item,41.99
13987,111864,2026-01-27,Late Delivery,108.68
13988,111872,2024-09-16,Size Issue,269.89
13989,111873,2025-04-07,Damaged,421.62
13990,111884,2025-09-13,Late Delivery,822.56
13991,111891,2025-10-17,Poor Quality,201.98
13992,111905,2025-05-22,Late Delivery,38.92
13993,111918,2025-06-14,Poor Quality,172.52
13994,111923,2024-07-23,Customer Changed Mind,70.09
13995,111924,2024-12-31,Size Issue,213.84
13996,111933,2025-07-26,Wrong Item,862.65
13997,111942,2023-12-14,Damaged,103.37
13998,111962,2025-07-19,Late Delivery,264.51
13999,111968,2024-06-30,Late Delivery,172.13
14000,111973,2025-09-16,Late Delivery,280.9
14001,111980,2025-01-12,Wrong Item,426.44
14002,111987,2023-12-17,Size Issue,213.92
14003,111996,2025-03-22,Size Issue,29.77
14004,112023,2025-09-18,Damaged,22.27
14005,112030,2025-12-15,Wrong Item,43.12
14006,112032,2026-01-07,Customer Changed Mind,165.39
14007,112036,2026-01-05,Late Delivery,90.09
14008,112038,2025-11-29,Size Issue,97.39
14009,112062,2025-12-06,Late Delivery,23.59
14010,112070,2025-07-24,Wrong Item,289.2
14011,112074,2024-05-20,Damaged,519.79
14012,112079,2025-01-16,Damaged,290.79
14013,112082,2025-10-19,Damaged,180.56
14014,112092,2024-12-09,Customer Changed Mind,381.08
14015,112095,2024-09-18,Size Issue,340.49
14016,112103,2024-11-29,Wrong Item,17.25
14017,112110,2025-07-28,Customer Changed Mind,40.91
14018,112112,2025-10-18,Damaged,85.58
14019,112117,2025-11-13,Poor Quality,744.77
14020,112133,2025-01-31,Damaged,194.97
14021,112140,2024-01-13,Damaged,61.39
14022,112147,2025-11-05,Size Issue,33.65
14023,112149,2025-12-10,Customer Changed Mind,31.71
14024,112153,2025-01-10,Customer Changed Mind,88.01
14025,112158,2026-01-12,Customer Changed Mind,45.77
14026,112184,2025-05-13,Size Issue,377.48
14027,112196,2024-06-26,Wrong Item,31.12
14028,112197,2025-05-12,Late Delivery,179.59
14029,112205,2024-07-18,Size Issue,53.3
14030,112206,2026-01-07,Customer Changed Mind,107.16
14031,112220,2025-12-09,Late Delivery,336.84
14032,112221,2026-01-11,Poor Quality,443.76
14033,112262,2025-12-23,Late Delivery,389.81
14034,112267,2024-07-14,Customer Changed Mind,566.55
14035,112271,2025-09-13,Poor Quality,181.36
14036,112281,2025-02-04,Size Issue,213.96
14037,112284,2023-07-07,Customer Changed Mind,44.67
14038,112293,2025-07-13,Wrong Item,36.68
14039,112294,2025-06-29,Size Issue,120.5
14040,112305,2025-08-29,Size Issue,496.3
14041,112326,2025-12-14,Wrong Item,259.64
14042,112337,2024-09-15,Customer Changed Mind,67.67
14043,112346,2024-11-08,Size Issue,34.04
14044,112349,2025-11-10,Poor Quality,65.43
14045,112357,2025-04-18,Customer Changed Mind,39.46
14046,112370,2026-01-16,Size Issue,249.87
14047,112385,2025-05-28,Late Delivery,22.88
14048,112386,2025-05-08,Damaged,421.08
14049,112414,2024-10-01,Damaged,109.13
14050,112426,2026-01-11,Poor Quality,88.06
14051,112431,2025-05-20,Customer Changed Mind,42.38
14052,112436,2025-10-17,Damaged,707.81
14053,112445,2024-01-26,Customer Changed Mind,156.28
14054,112448,2026-01-23,Size Issue,198.77
14055,112462,2024-03-18,Size Issue,107.62
14056,112467,2023-12-08,Customer Changed Mind,268.64
14057,112474,2025-10-03,Size Issue,23.8
14058,112486,2024-10-02,Size Issue,127.59
14059,112500,2024-12-05,Late Delivery,118.17
14060,112505,2024-12-24,Poor Quality,139.51
14061,112510,2026-01-06,Size Issue,84.35
14062,112516,2025-12-25,Poor Quality,49.66
14063,112526,2024-12-06,Size Issue,208.33
14064,112534,2024-06-19,Damaged,193.38
14065,112540,2025-10-24,Size Issue,217.15
14066,112554,2026-01-11,Poor Quality,28.27
14067,112560,2025-03-06,Poor Quality,240.28
14068,112572,2025-08-13,Customer Changed Mind,173.93
14069,112573,2026-01-09,Size Issue,911.82
14070,112581,2025-07-09,Damaged,727.29
14071,112583,2026-01-01,Wrong Item,34.15
14072,112589,2025-06-19,Size Issue,1063.24
14073,112592,2025-10-27,Customer Changed Mind,12.19
14074,112596,2024-11-17,Wrong Item,125.6
14075,112597,2024-09-03,Poor Quality,52.57
14076,112598,2024-05-22,Size Issue,43.19
14077,112635,2024-06-30,Customer Changed Mind,61.24
14078,112648,2025-05-09,Customer Changed Mind,474.13
14079,112650,2025-09-09,Size Issue,511.03
14080,112663,2025-10-31,late delivery,36.35
14081,112672,2025-07-03,Wrong Item,129.21
14082,112682,2025-02-18,Size Issue,567.54
14083,112683,2025-10-23,Customer Changed Mind,132.8
14084,112686,2025-10-21,Size Issue,552.09
14085,112688,2025-03-22,Late Delivery,38.89
14086,112689,2025-09-14,Damaged,73.46
14087,112693,2025-07-23,Wrong Item,57.72
14088,112702,2024-12-12,Poor Quality,90.58
14089,112708,2023-10-17,Customer Changed Mind,99.01
14090,112713,2025-11-23,Size Issue,148.01
14091,112714,2023-06-25,Damaged,59.45
14092,112726,2025-08-29,Poor Quality,202.71
14093,112727,2025-07-03,Customer Changed Mind,282.98
14094,112732,2024-09-30,Damaged,77.19
14095,112743,2025-11-04,Customer Changed Mind,188.37
14096,112748,2024-09-09,Damaged,278.13
14097,112752,2026-01-06,Wrong Item,151.61
14098,112753,2025-08-06,Damaged,65.68
14099,112771,2025-07-06,Customer Changed Mind,184.11
14100,112779,2024-10-18,Damaged,257.53
14101,112780,2025-12-08,Customer Changed Mind,256.53
14102,112791,2025-12-08,Size Issue,419.37
14103,112793,2025-05-30,customer changed mind,454.68
14104,112801,2025-10-18,Damaged,95.36
14105,112837,2024-07-13,Wrong Item,238.46
14106,112842,2025-01-18,Damaged,520.95
14107,112843,2025-06-23,Size Issue,101.08
14108,112846,2023-11-04,Size Issue,249.03
14109,112847,2025-09-05,Size Issue,130.58
14110,112849,2025-10-01,Poor Quality,652.72
14111,112866,2025-07-07,Wrong Item,74.0
14112,112871,2025-07-18,Size Issue,185.64
14113,112874,2025-06-29,Wrong Item,270.09
14114,112875,2025-07-17,Damaged,231.09
14115,112881,2024-07-31,Size Issue,147.34
14116,112890,2025-10-15,Late Delivery,220.07
14117,112896,2024-03-11,Wrong Item,225.35
14118,112898,2023-09-08,Damaged,449.44
14119,112927,2024-08-13,Late Delivery,213.34
14120,112931,2025-08-07,Customer Changed Mind,317.69
14121,112938,2025-05-31,Size Issue,46.52
14122,112939,2025-12-18,Damaged,196.69
14123,112947,2025-12-07,Size Issue,18.66
14124,112948,2025-09-19,Damaged,507.03
14125,112952,2025-06-24,Size Issue,719.02
14126,112958,2025-05-12,Late Delivery,431.12
14127,112969,2026-01-05,Damaged,165.84
14128,112970,2026-01-29,Customer Changed Mind,28.33
14129,112971,2025-01-06,Size Issue,117.5
14130,112983,2025-09-07,Wrong Item,21.43
14131,113013,2025-03-16,Damaged,39.31
14132,113022,2025-09-22,Size Issue,459.57
14133,113028,2025-06-11,Late Delivery,184.78
14134,113034,2024-06-30,Poor Quality,197.76
14135,113044,2025-08-12,Damaged,1083.36
14136,113047,2025-05-03,Wrong Item,79.83
14137,113058,2025-06-29,Late Delivery,485.53
14138,113075,2025-07-04,Size Issue,266.58
14139,113076,2025-04-28,Size Issue,223.81
14140,113084,2026-01-26,Customer Changed Mind,14.98
14141,113100,2025-01-06,Wrong Item,157.58
14142,113104,2025-03-14,Size Issue,265.69
14143,113111,2025-07-22,Late Delivery,179.21
14144,113135,2025-10-03,Wrong Item,328.94
14145,113137,2025-08-04,Wrong Item,386.32
14146,113142,2025-06-07,Customer Changed Mind,54.09
14147,113145,2024-10-11,Size Issue,110.42
14148,113147,2024-08-06,Damaged,432.66
14149,113150,2025-05-03,Size Issue,375.28
14150,113156,2025-10-31,Damaged,280.36
14151,113158,2025-11-05,Damaged,18.33
14152,113159,2025-07-25,Late Delivery,68.69
14153,113178,2025-01-10,Damaged,114.54
14154,113184,2024-04-30,Poor Quality,508.17
14155,113185,2025-12-01,Size Issue,613.36
14156,113208,2025-07-22,Wrong Item,424.68
14157,113217,2026-01-08,Late Delivery,686.21
14158,113236,2026-01-19,Customer Changed Mind,22.29
14159,113239,2025-06-05,Damaged,388.65
14160,113244,2025-10-12,Late Delivery,169.81
14161,113248,2024-01-08,Size Issue,111.34
14162,113249,2025-05-14,Late Delivery,245.68
14163,113254,2024-09-07,Damaged,51.53
14164,113259,2025-01-21,Size Issue,132.04
14165,113265,2025-12-15,Wrong Item,90.61
14166,113267,2025-02-11,Customer Changed Mind,121.96
14167,113270,2024-03-21,Size Issue,293.31
14168,113284,2026-01-02,Wrong Item,44.26
14169,113287,2024-06-24,Customer Changed Mind,58.07
14170,113293,2025-12-14,Size Issue,222.28
14171,113298,2026-01-19,Wrong Item,48.09
14172,113302,2024-07-24,Wrong Item,113.64
14173,113311,2024-07-07,Wrong Item,27.78
14174,113312,2025-06-18,Size Issue,338.73
14175,113328,2026-01-01,Wrong Item,23.48
14176,113349,2025-04-27,Size Issue,85.17
14177,113360,2025-12-01,Poor Quality,250.25
14178,113372,2024-08-25,Size Issue,97.34
14179,113373,2025-12-15,Wrong Item,504.8
14180,113380,2024-01-31,Customer Changed Mind,804.87
14181,113385,2024-07-10,Size Issue,52.06
14182,113403,2025-06-20,Customer Changed Mind,183.9
14183,113404,2023-12-09,Late Delivery,429.95
14184,113417,2025-03-11,Size Issue,309.46
14185,113422,2023-12-24,Wrong Item,157.4
14186,113428,2023-12-06,Late Delivery,320.45
14187,113433,2025-10-31,Size Issue,243.94
14188,113436,2024-12-04,Poor Quality,81.5
14189,113444,2024-09-26,Size Issue,300.0
14190,113451,2024-03-25,Poor Quality,371.18
14191,113480,2024-12-05,Wrong Item,108.69
14192,113481,2025-11-06,Size Issue,123.0
14193,113488,2025-02-26,Damaged,492.38
14194,113491,2026-01-01,Damaged,455.52
14195,113504,2026-01-02,Size Issue,122.85
14196,113509,2024-09-29,Damaged,84.53
14197,113515,2024-02-27,Customer Changed Mind,240.35
14198,113516,2025-05-17,Poor Quality,127.53
14199,113530,2024-12-31,Size Issue,37.03
14200,113540,2025-02-15,Poor Quality,33.7
14201,113547,2024-08-01,Customer Changed Mind,79.94
14202,113553,2025-08-28,Late Delivery,408.13
14203,113555,2025-02-27,Customer Changed Mind,77.15
14204,113557,2025-05-07,Customer Changed Mind,66.01
14205,113559,2025-11-11,Late Delivery,406.36
14206,113565,2025-05-15,Poor Quality,58.83
14207,113582,2024-03-05,Late Delivery,152.24
14208,113601,2025-11-25,Size Issue,227.69
14209,113602,2025-12-15,Late Delivery,44.58
14210,113621,2023-10-23,Size Issue,48.76
14211,113624,2025-05-03,Size Issue,110.65
14212,113629,2025-09-11,Late Delivery,79.83
14213,113632,2025-04-26,Late Delivery,44.77
14214,113648,2025-07-17,Wrong Item,682.53
14215,113651,2024-12-03,Customer Changed Mind,259.89
14216,113652,2026-01-24,Poor Quality,492.42
14217,113656,2023-11-04,Wrong Item,360.67
14218,113670,2024-10-07,poor quality,108.05
14219,113677,2025-06-11,Late Delivery,254.45
14220,113681,2025-04-28,Customer Changed Mind,77.76
14221,113682,2025-03-24,Damaged,456.32
14222,113698,2023-11-10,Late Delivery,108.4
14223,113711,2024-05-22,Size Issue,154.68
14224,113725,2025-12-11,Size Issue,305.81
14225,113728,2023-11-25,Size Issue,278.75
14226,113729,2026-01-04,Size Issue,83.91
14227,113736,2025-08-01,Customer Changed Mind,103.47
14228,113738,2025-07-15,Late Delivery,93.46
14229,113744,2026-01-06,Size Issue,143.51
14230,113764,2025-06-13,Size Issue,83.38
14231,113780,2024-10-18,Customer Changed Mind,47.15
14232,113804,2024-03-22,Late Delivery,218.97
14233,113812,2023-12-03,Size Issue,98.56
14234,113817,2023-09-09,Customer Changed Mind,174.08
14235,113818,2024-11-26,Poor Quality,281.93
14236,113823,2025-07-26,Size Issue,115.32
14237,113828,2025-11-25,Poor Quality,110.69
14238,113833,2026-01-22,Late Delivery,172.6
14239,113837,2024-06-15,Wrong Item,779.66
14240,113841,2025-08-04,Wrong Item,51.54
14241,113844,2025-04-15,Poor Quality,106.11
14242,113849,2024-12-16,Damaged,333.25
14243,113857,2025-04-14,Poor Quality,498.63
14244,113858,2025-11-13,Poor Quality,490.92
14245,113868,2024-12-28,Size Issue,370.9
14246,113874,2024-10-14,Poor Quality,294.28
14247,113877,2024-11-27,Customer Changed Mind,45.67
14248,113886,2025-11-08,Late Delivery,347.37
14249,113889,2024-06-28,Size Issue,717.51
14250,113896,2026-01-08,Late Delivery,71.88
14251,113899,2026-01-03,Poor Quality,147.06
14252,113900,2025-11-06,Damaged,59.87
14253,113901,2024-01-31,Poor Quality,72.74
14254,113910,2025-05-04,Wrong Item,55.64
14255,113912,2026-01-19,Wrong Item,20.62
14256,113921,2024-10-05,Customer Changed Mind,64.31
14257,113923,2024-09-05,Damaged,429.83
14258,113957,2025-07-16,Customer Changed Mind,1090.92
14259,114018,2025-12-30,Size Issue,733.79
14260,114027,2026-01-14,Late Delivery,43.35
14261,114042,2024-07-04,Wrong Item,597.0
14262,114053,2025-06-04,Customer Changed Mind,46.83
14263,114062,2025-08-22,Customer Changed Mind,172.12
14264,114066,2025-11-26,Late Delivery,166.08
14265,114071,2025-11-11,Damaged,399.54
14266,114072,2025-12-06,Size Issue,514.44
14267,114074,2025-10-28,Damaged,50.19
14268,114098,2026-01-02,Poor Quality,101.16
14269,114119,2025-10-29,Wrong Item,15.97
14270,114126,2025-06-14,Customer Changed Mind,433.32
14271,114137,2025-09-17,Wrong Item,354.53
14272,114155,2025-02-15,Size Issue,94.34
14273,114157,2025-08-09,Size Issue,103.39
14274,114161,2025-08-16,Size Issue,296.5
14275,114169,2026-01-04,Customer Changed Mind,84.1
14276,114180,2024-07-20,Damaged,62.72
14277,114189,2025-12-08,Wrong Item,102.92
14278,114198,2025-11-23,Customer Changed Mind,98.08
14279,114200,2025-02-12,Damaged,255.45
14280,114206,2026-01-01,Damaged,556.55
14281,114207,2025-12-15,Poor Quality,317.98
14282,114208,2025-03-27,Wrong Item,414.6
14283,114220,2024-07-31,Poor Quality,31.52
14284,114224,2026-01-09,Size Issue,58.39
14285,114226,2025-01-07,Size Issue,530.7
14286,114235,2026-01-10,Damaged,112.44
14287,114245,2026-01-08,Wrong Item,347.76
14288,114261,2025-05-05,Customer Changed Mind,339.8
14289,114266,2025-10-05,Late Delivery,465.7
14290,114269,2023-10-27,Customer Changed Mind,190.81
14291,114275,2025-06-24,Damaged,171.31
14292,114286,2025-04-26,Size Issue,117.47
14293,114287,2025-11-22,size issue,172.55
14294,114294,2025-12-21,Wrong Item,643.7
14295,114295,2025-10-11,Size Issue,1420.08
14296,114296,2024-11-22,Late Delivery,425.0
14297,114345,2025-12-16,Late Delivery,69.52
14298,114349,2025-01-24,Size Issue,98.92
14299,114356,2024-02-15,Damaged,34.91
14300,114366,2024-08-07,Poor Quality,358.69
14301,114367,2025-11-26,wrong item,279.56
14302,114374,2025-07-16,Size Issue,181.12
14303,114383,2025-08-17,Customer Changed Mind,41.06
14304,114384,2025-07-06,Damaged,27.19
14305,114407,2024-10-10,Damaged,203.17
14306,114426,2025-07-14,Wrong Item,132.45
14307,114429,2025-01-19,Wrong Item,225.55
14308,114434,2025-08-24,Damaged,232.99
14309,114436,2025-06-25,Size Issue,142.31
14310,114454,2025-07-15,Wrong Item,46.57
14311,114456,2025-02-04,Damaged,65.27
14312,114458,2024-06-06,Customer Changed Mind,24.66
14313,114461,2025-05-27,Size Issue,132.92
14314,114469,2025-10-26,Size Issue,221.28
14315,114470,2026-01-07,Late Delivery,19.31
14316,114472,2024-03-02,Late Delivery,47.78
14317,114476,2025-06-02,Poor Quality,146.37
14318,114481,2024-03-30,Wrong Item,207.22
14319,114484,2024-06-29,Size Issue,456.17
14320,114493,2023-09-11,Poor Quality,367.29
14321,114495,2024-10-15,Late Delivery,88.16
14322,114500,2024-06-16,Wrong Item,552.59
14323,114504,2025-12-08,Late Delivery,55.84
14324,114505,2025-02-19,Wrong Item,30.67
14325,114510,2025-05-03,Customer Changed Mind,100.08
14326,114521,2025-06-23,Poor Quality,92.3
14327,114527,2025-08-16,Damaged,349.92
14328,114533,2023-07-08,Size Issue,293.48
14329,114546,2024-01-26,Size Issue,14.45
14330,114560,2023-10-13,Customer Changed Mind,137.22
14331,114562,2025-04-04,Poor Quality,110.82
14332,114567,2026-01-13,Poor Quality,22.22
14333,114568,2025-07-05,Damaged,100.36
14334,114572,2025-11-30,Damaged,441.21
14335,114580,2025-10-06,size issue,264.97
14336,114581,2025-12-19,Customer Changed Mind,277.09
14337,114584,2025-06-11,Wrong Item,108.55
14338,114589,2025-09-12,Size Issue,282.92
14339,114590,2025-04-12,Damaged,58.97
14340,114592,2025-04-12,Size Issue,87.56
14341,114617,2025-10-08,Size Issue,604.54
14342,114620,2025-11-16,Poor Quality,82.88
14343,114625,2025-12-04,Wrong Item,84.6
14344,114632,2025-11-26,Poor Quality,44.97
14345,114637,2025-05-01,Poor Quality,29.03
14346,114646,2025-10-02,Late Delivery,315.11
14347,114663,2024-06-18,Damaged,103.47
14348,114671,2025-03-15,Poor Quality,80.77
14349,114675,2024-12-15,Size Issue,171.72
14350,114680,2025-09-13,Size Issue,596.41
14351,114683,2025-12-11,Customer Changed Mind,63.81
14352,114693,2025-02-27,Size Issue,242.28
14353,114694,2025-09-01,Late Delivery,274.38
14354,114705,2024-11-29,Size Issue,226.81
14355,114717,2025-09-27,Size Issue,641.42
14356,114733,2025-02-06,Late Delivery,136.02
14357,114738,2023-10-08,Size Issue,286.11
14358,114745,2024-05-12,Damaged,197.24
14359,114753,2025-06-10,Late Delivery,27.35
14360,114759,2025-04-17,Damaged,315.3
14361,114762,2025-08-26,Damaged,77.9
14362,114763,2025-12-25,Wrong Item,514.43
14363,114771,2024-12-23,Wrong Item,154.21
14364,114773,2024-04-21,Late Delivery,12.25
14365,114782,2025-12-31,Late Delivery,470.33
14366,114786,2024-05-31,Damaged,58.62
14367,114787,2024-09-13,Late Delivery,58.4
14368,114797,2026-01-25,Poor Quality,75.56
14369,114799,2025-06-16,Wrong Item,82.66
14370,114809,2024-08-16,Damaged,165.05
14371,114815,2025-07-07,Damaged,101.35
14372,114819,2023-12-16,Customer Changed Mind,37.08
14373,114826,2025-07-27,Wrong Item,280.48
14374,114840,2025-07-25,Damaged,649.45
14375,114851,2024-12-14,Wrong Item,231.97
14376,114854,2024-04-14,Late Delivery,122.15
14377,114864,2026-01-10,Late Delivery,144.15
14378,114869,2025-01-13,Late Delivery,303.68
14379,114880,2026-01-23,Poor Quality,88.04
14380,114882,2025-09-28,Customer Changed Mind,293.21
14381,114911,2024-08-27,Size Issue,672.63
14382,114916,2025-11-25,Late Delivery,447.95
14383,114921,2026-01-26,Poor Quality,222.48
14384,114928,2024-05-16,Late Delivery,155.22
14385,114952,2025-06-20,Wrong Item,231.52
14386,114953,2026-01-04,Size Issue,296.5
14387,114955,2025-10-01,Poor Quality,97.48
14388,114969,2024-07-16,Size Issue,402.35
14389,114971,2026-01-20,Customer Changed Mind,38.11
14390,114972,2023-05-14,Size Issue,75.33
14391,114995,2024-12-15,Customer Changed Mind,181.42
14392,114997,2025-12-18,Damaged,52.01
14393,115003,2025-02-16,Size Issue,306.5
14394,115015,2024-12-31,Size Issue,145.55
14395,115024,2025-04-25,Size Issue,299.71
14396,115030,2024-12-29,Poor Quality,137.48
14397,115035,2024-04-12,Wrong Item,36.26
14398,115043,2025-07-06,Customer Changed Mind,194.0
14399,115045,2026-01-25,Customer Changed Mind,47.03
14400,115052,2025-12-17,Poor Quality,28.72
14401,115059,2023-05-27,Wrong Item,50.5
14402,115069,2025-08-03,Size Issue,20.56
14403,115073,2025-04-02,Customer Changed Mind,68.87
14404,115079,2026-01-03,Customer Changed Mind,55.42
14405,115087,2024-10-27,Customer Changed Mind,75.05
14406,115113,2024-09-14,Size Issue,276.62
14407,115118,2024-05-20,Poor Quality,47.4
14408,115121,2025-12-06,Size Issue,314.99
14409,115127,2025-12-20,Customer Changed Mind,175.02
14410,115128,2023-10-12,Damaged,888.56
14411,115129,2025-05-17,Customer Changed Mind,105.86
14412,115132,2023-12-04,Size Issue,504.8
14413,115134,2025-06-22,Size Issue,579.16
14414,115136,2026-01-19,Size Issue,141.07
14415,115142,2026-01-11,Poor Quality,427.73
14416,115146,2025-08-10,Customer Changed Mind,29.73
14417,115181,2025-06-29,Customer Changed Mind,363.11
14418,115197,2025-05-15,Damaged,95.28
14419,115207,2024-12-11,Wrong Item,81.52
14420,115233,2025-04-16,Customer Changed Mind,160.42
14421,115238,2024-03-01,Wrong Item,122.93
14422,115243,2025-05-27,Poor Quality,86.21
14423,115251,2024-11-28,Poor Quality,209.59
14424,115266,2025-10-01,Wrong Item,236.97
14425,115271,2024-11-10,Poor Quality,42.68
14426,115292,2025-04-18,Size Issue,302.99
14427,115293,2025-02-25,Damaged,176.93
14428,115294,2025-08-22,Damaged,254.21
14429,115305,2025-06-18,Size Issue,63.95
14430,115313,2025-12-23,Size Issue,94.83
14431,115320,2025-12-04,Poor Quality,110.71
14432,115324,2025-12-22,Late Delivery,55.81
14433,115330,2025-02-12,Poor Quality,39.78
14434,115345,2024-03-10,Wrong Item,60.58
14435,115346,2023-12-26,Customer Changed Mind,225.13
14436,115362,2025-01-30,Damaged,79.11
14437,115369,2025-09-28,Size Issue,50.76
14438,115376,2026-01-10,Poor Quality,23.12
14439,115378,2025-11-25,Damaged,74.77
14440,115379,2025-06-23,Size Issue,200.92
14441,115391,2025-10-12,Late Delivery,296.96
14442,115395,2025-08-26,Customer Changed Mind,67.89
14443,115397,2026-01-23,Size Issue,118.92
14444,115399,2023-09-04,Wrong Item,733.06
14445,115402,2023-09-04,Late Delivery,213.78
14446,115405,2024-10-03,Size Issue,104.62
14447,115407,2025-03-30,Size Issue,241.02
14448,115417,2025-01-03,Wrong Item,481.24
14449,115422,2025-12-26,Poor Quality,91.88
14450,115423,2026-01-02,Damaged,326.87
14451,115431,2025-09-22,Poor Quality,58.04
14452,115433,2023-11-08,Damaged,285.6
14453,115437,2023-09-18,Wrong Item,324.06
14454,115446,2024-04-09,Poor Quality,396.26
14455,115451,2025-11-03,damaged,30.5
14456,115480,2024-10-01,Damaged,55.54
14457,115481,2025-01-18,Late Delivery,56.31
14458,115486,2025-02-22,Late Delivery,432.64
14459,115488,2025-07-10,Size Issue,25.19
14460,115498,2025-12-21,Size Issue,471.54
14461,115500,2025-07-26,Customer Changed Mind,14.61
14462,115502,2023-07-30,Customer Changed Mind,430.16
14463,115506,2026-01-27,Poor Quality,676.96
14464,115513,2025-04-28,Size Issue,757.1
14465,115516,2023-05-31,Poor Quality,466.26
14466,115522,2026-01-04,Wrong Item,66.87
14467,115540,2025-12-06,size issue,30.08
14468,115541,2024-12-05,Customer Changed Mind,49.36
14469,115552,2024-08-26,Poor Quality,76.41
14470,115562,2025-10-11,late delivery,163.0
14471,115579,2025-08-27,Customer Changed Mind,299.88
14472,115580,2025-11-07,Size Issue,266.04
14473,115598,2026-01-26,Damaged,125.09
14474,115606,2025-06-18,Poor Quality,416.92
14475,115612,2024-12-13,Late Delivery,435.89
14476,115626,2025-11-22,Late Delivery,108.91
14477,115641,2024-06-18,Wrong Item,543.71
14478,115653,2026-01-07,Wrong Item,38.1
14479,115660,2023-11-06,Customer Changed Mind,34.07
14480,115662,2025-07-02,Damaged,187.33
14481,115668,2023-09-02,Poor Quality,98.98
14482,115669,2025-08-08,Size Issue,775.41
14483,115675,2025-07-24,Size Issue,158.03
14484,115691,2025-11-09,Damaged,285.15
14485,115697,2025-04-28,Damaged,517.57
14486,115711,2025-10-24,Customer Changed Mind,163.01
14487,115713,2024-06-24,Size Issue,56.98
14488,115736,2024-06-04,Customer Changed Mind,95.0
14489,115738,2024-12-04,Size Issue,197.42
14490,115742,2026-01-17,Poor Quality,500.98
14491,115748,2025-10-06,Late Delivery,176.53
14492,115758,2024-11-26,Wrong Item,213.78
14493,115772,2025-09-28,Customer Changed Mind,35.45
14494,115781,2025-06-15,Customer Changed Mind,39.47
14495,115788,2024-11-10,Size Issue,168.7
14496,115793,2025-01-13,Damaged,148.66
14497,115794,2025-12-20,Damaged,69.4
14498,115795,2025-10-07,Wrong Item,446.19
14499,115800,2025-09-20,Damaged,956.95
14500,115820,2025-08-13,Poor Quality,267.61
14501,115821,2025-08-06,Size Issue,90.71
14502,115822,2025-09-24,Poor Quality,391.24
14503,115833,2024-11-20,Damaged,604.67
14504,115835,2025-11-23,Damaged,121.22
14505,115840,2025-03-29,Size Issue,314.34
14506,115844,2025-12-29,Customer Changed Mind,516.61
14507,115850,2024-03-27,poor quality,113.86
14508,115859,2025-12-14,Customer Changed Mind,32.36
14509,115866,2026-01-06,Damaged,687.88
14510,115872,2026-01-04,Size Issue,237.8
14511,115873,2025-11-13,Wrong Item,117.32
14512,115877,2025-02-21,Poor Quality,863.05
14513,115882,2025-01-04,Size Issue,461.77
14514,115883,2025-12-12,Customer Changed Mind,47.4
14515,115887,2024-11-09,Damaged,111.47
14516,115889,2026-01-13,Wrong Item,389.73
14517,115892,2024-09-12,Customer Changed Mind,459.69
14518,115898,2026-01-22,Late Delivery,115.68
14519,115902,2025-03-10,Late Delivery,631.73
14520,115913,2025-02-14,Wrong Item,131.68
14521,115930,2025-07-02,Size Issue,9.46
14522,115935,2026-01-07,Poor Quality,264.2
14523,115936,2024-07-26,Damaged,219.03
14524,115955,2025-12-17,Wrong Item,155.78
14525,115956,2025-09-23,Size Issue,58.74
14526,115963,2024-06-13,Customer Changed Mind,808.35
14527,115968,2026-01-11,Late Delivery,82.09
14528,115975,2024-06-30,Wrong Item,224.57
14529,115976,2025-12-09,Damaged,52.61
14530,115984,2025-11-19,poor quality,298.17
14531,115985,2023-07-07,Damaged,150.08
14532,115995,2026-01-05,Damaged,20.64
14533,115997,2024-09-23,Poor Quality,320.03
14534,115999,2024-03-10,Size Issue,240.47
14535,116008,2025-11-26,Late Delivery,200.41
14536,116014,2025-09-11,Customer Changed Mind,463.79
14537,116021,2024-02-14,Wrong Item,138.2
14538,116022,2024-08-18,Late Delivery,228.55
14539,116043,2024-11-01,Poor Quality,674.02
14540,116054,2025-12-29,Customer Changed Mind,210.69
14541,116065,2025-12-16,Late Delivery,65.64
14542,116068,2025-08-01,Size Issue,178.92
14543,116075,2024-08-23,Size Issue,117.9
14544,116084,2025-12-12,Damaged,89.8
14545,116092,2025-11-20,Size Issue,139.81
14546,116102,2024-10-24,Late Delivery,177.68
14547,116108,2025-08-22,Size Issue,244.26
14548,116112,2025-05-26,Poor Quality,45.9
14549,116117,2025-12-21,Poor Quality,45.35
14550,116118,2024-05-21,Size Issue,86.16
14551,116121,2025-07-04,Size Issue,218.64
14552,116124,2024-06-22,Poor Quality,40.32
14553,116128,2024-02-26,Size Issue,152.68
14554,116140,2025-10-30,Damaged,154.55
14555,116141,2025-12-12,Size Issue,160.97
14556,116156,2025-12-28,Size Issue,139.64
14557,116162,2024-05-26,Customer Changed Mind,52.44
14558,116163,2025-11-01,Late Delivery,121.35
14559,116164,2024-06-25,Poor Quality,309.53
14560,116166,2026-01-04,Size Issue,31.24
14561,116169,2023-12-11,Size Issue,79.49
14562,116173,2025-09-14,Poor Quality,153.56
14563,116175,2025-05-20,Size Issue,600.38
14564,116178,2026-01-29,Late Delivery,40.22
14565,116194,2025-09-23,Late Delivery,178.42
14566,116208,2024-10-01,Wrong Item,59.63
14567,116209,2025-02-15,Size Issue,124.77
14568,116210,2025-11-01,Poor Quality,593.34
14569,116219,2024-11-07,Damaged,734.04
14570,116232,2026-01-12,Wrong Item,711.6
14571,116235,2024-02-13,Customer Changed Mind,127.59
14572,116245,2023-12-13,Size Issue,247.29
14573,116247,2025-11-10,Poor Quality,513.54
14574,116248,2026-01-06,Size Issue,50.25
14575,116255,2024-05-07,Customer Changed Mind,144.05
14576,116258,2025-12-19,Poor Quality,113.58
14577,116265,2024-10-23,Customer Changed Mind,249.79
14578,116280,2024-06-22,Wrong Item,119.82
14579,116292,2025-12-20,Damaged,89.6
14580,116294,2024-12-20,Wrong Item,30.2
14581,116299,2024-11-10,Damaged,349.09
14582,116304,2024-09-22,Size Issue,134.29
14583,116319,2024-03-06,Customer Changed Mind,64.62
14584,116327,2023-12-31,Size Issue,118.9
14585,116330,2025-05-09,Customer Changed Mind,62.05
14586,116345,2025-11-27,Poor Quality,210.3
14587,116349,2024-04-27,Size Issue,177.03
14588,116351,2024-12-17,Wrong Item,110.22
14589,116358,2025-08-07,Wrong Item,151.27
14590,116363,2025-07-01,Size Issue,133.79
14591,116371,2025-11-25,Poor Quality,1048.9
14592,116387,2025-01-10,Size Issue,126.28
14593,116388,2025-12-27,Poor Quality,49.08
14594,116399,2025-04-29,Wrong Item,38.02
14595,116403,2026-01-13,Late Delivery,65.74
14596,116408,2025-05-08,Customer Changed Mind,112.09
14597,116418,2026-01-07,Size Issue,319.57
14598,116420,2025-12-20,Damaged,513.71
14599,116446,2025-05-31,Size Issue,156.54
14600,116456,2025-11-30,Late Delivery,540.42
14601,116462,2024-06-22,Wrong Item,40.87
14602,116466,2025-11-24,Customer Changed Mind,562.51
14603,116469,2024-09-09,Late Delivery,381.17
14604,116477,2024-06-10,Late Delivery,266.45
14605,116489,2025-12-07,Late Delivery,136.57
14606,116494,2026-01-16,Late Delivery,218.88
14607,116496,2025-12-22,Size Issue,610.98
14608,116501,2025-02-01,Customer Changed Mind,893.56
14609,116504,2025-07-04,Poor Quality,273.84
14610,116505,2024-11-15,Damaged,146.51
14611,116509,2025-12-17,Size Issue,71.47
14612,116514,2024-01-16,customer changed mind,369.46
14613,116521,2024-02-11,Late Delivery,213.03
14614,116529,2026-01-16,Size Issue,70.52
14615,116531,2024-04-23,Size Issue,297.46
14616,116536,2024-06-30,Poor Quality,154.14
14617,116541,2024-12-16,Size Issue,478.47
14618,116560,2025-08-07,Damaged,757.36
14619,116564,2025-12-29,Poor Quality,39.1
14620,116571,2025-10-28,Size Issue,71.32
14621,116574,2025-12-21,Poor Quality,169.95
14622,116578,2023-11-01,Late Delivery,96.09
14623,116585,2025-12-06,Poor Quality,68.56
14624,116586,2025-03-17,Customer Changed Mind,25.89
14625,116589,2023-11-22,Size Issue,236.33
14626,116594,2025-06-13,Wrong Item,85.07
14627,116596,2025-11-23,Wrong Item,758.7
14628,116609,2025-01-10,Wrong Item,1022.52
14629,116617,2026-01-13,Customer Changed Mind,69.92
14630,116629,2025-07-21,Customer Changed Mind,251.69
14631,116636,2025-12-12,Size Issue,246.92
14632,116639,2026-01-05,Poor Quality,161.53
14633,116640,2025-04-11,Customer Changed Mind,58.49
14634,116649,2023-10-06,Size Issue,44.07
14635,116659,2025-03-29,Damaged,147.15
14636,116660,2024-08-06,Wrong Item,85.85
14637,116675,2025-03-18,Customer Changed Mind,11.16
14638,116677,2025-01-07,Poor Quality,212.25
14639,116686,2025-12-10,Size Issue,14.94
14640,116695,2024-11-21,Late Delivery,149.4
14641,116718,2025-05-09,Damaged,516.46
14642,116733,2025-10-13,Poor Quality,246.46
14643,116748,2025-08-14,Damaged,790.29
14644,116754,2024-11-26,Size Issue,302.32
14645,116768,2025-12-05,Damaged,512.59
14646,116774,2026-01-15,Poor Quality,627.69
14647,116776,2025-02-16,Wrong Item,47.06
14648,116777,2025-05-27,Size Issue,569.72
14649,116788,2025-01-26,Poor Quality,434.67
14650,116796,2025-12-15,Poor Quality,54.73
14651,116799,2025-11-07,Damaged,128.8
14652,116810,2024-12-04,Customer Changed Mind,92.71
14653,116818,2025-06-29,Poor Quality,61.27
14654,116826,2024-01-14,Customer Changed Mind,114.11
14655,116837,2026-01-09,Size Issue,193.06
14656,116843,2025-06-18,Damaged,295.45
14657,116863,2024-09-03,Customer Changed Mind,443.66
14658,116864,2024-07-13,Poor Quality,207.2
14659,116865,2024-06-28,Customer Changed Mind,403.53
14660,116867,2025-12-27,Size Issue,100.12
14661,116886,2025-01-04,Late Delivery,310.11
14662,116897,2025-12-03,Size Issue,266.64
14663,116909,2023-05-25,Size Issue,90.97
14664,116912,2024-11-06,Damaged,231.7
14665,116914,2024-07-24,Size Issue,309.52
14666,116920,2026-01-14,Customer Changed Mind,405.29
14667,116925,2025-12-10,Late Delivery,453.0
14668,116929,2025-06-08,Damaged,734.8
14669,116941,2025-10-03,Customer Changed Mind,36.14
14670,116943,2024-10-06,Poor Quality,33.49
14671,116949,2025-09-01,Late Delivery,30.43
14672,116950,2024-10-02,Size Issue,34.48
14673,116964,2025-11-19,Size Issue,558.76
14674,116983,2025-04-26,Wrong Item,295.23
14675,117009,2025-11-29,Damaged,114.65
14676,117011,2024-11-23,Wrong Item,285.17
14677,117016,2024-12-24,Poor Quality,179.0
14678,117018,2025-03-13,Wrong Item,994.28
14679,117028,2025-01-15,Size Issue,38.86
14680,117031,2024-12-05,Size Issue,173.22
14681,117042,2024-05-05,Damaged,57.09
14682,117056,2025-11-26,Wrong Item,189.82
14683,117065,2026-01-09,Late Delivery,55.9
14684,117070,2024-11-06,Damaged,146.05
14685,117075,2025-11-10,Customer Changed Mind,170.56
14686,117079,2025-02-10,Poor Quality,168.2
14687,117085,2025-07-23,Damaged,521.97
14688,117100,2024-08-31,Poor Quality,144.4
14689,117107,2023-11-02,Wrong Item,242.39
14690,117112,2024-10-25,Poor Quality,948.93
14691,117120,2024-12-11,Size Issue,171.95
14692,117127,2025-10-23,Late Delivery,120.6
14693,117131,2026-01-11,Late Delivery,119.07
14694,117140,2025-07-07,Poor Quality,346.85
14695,117144,2026-01-27,Poor Quality,479.93
14696,117147,2024-06-23,Late Delivery,235.39
14697,117150,2026-01-03,Poor Quality,595.4
14698,117155,2025-08-17,Damaged,28.88
14699,117157,2025-08-02,Customer Changed Mind,61.82
14700,117159,2025-06-04,Wrong Item,207.86
14701,117168,2024-01-28,Poor Quality,55.94
14702,117175,2023-12-14,Late Delivery,120.69
14703,117185,2025-04-10,Damaged,172.19
14704,117191,2023-11-11,Wrong Item,293.07
14705,117196,2025-06-12,Late Delivery,858.88
14706,117224,2023-09-22,Poor Quality,66.76
14707,117228,2025-04-04,Wrong Item,232.74
14708,117230,2025-11-23,Damaged,18.22
14709,117231,2025-01-13,Damaged,226.21
14710,117264,2025-01-21,Damaged,106.03
14711,117273,2023-10-01,Size Issue,55.5
14712,117278,2025-08-08,Size Issue,40.18
14713,117290,2025-11-01,Late Delivery,63.33
14714,117291,2024-12-06,Wrong Item,70.45
14715,117300,2026-01-26,Size Issue,45.17
14716,117305,2025-08-20,Size Issue,527.72
14717,117319,2023-12-13,Poor Quality,766.7
14718,117335,2025-08-01,Poor Quality,134.95
14719,117340,2025-02-20,Wrong Item,1118.79
14720,117344,2025-04-15,Damaged,116.08
14721,117345,2025-11-15,Damaged,45.71
14722,117349,2024-08-24,Size Issue,357.84
14723,117353,2025-10-26,Late Delivery,11.3
14724,117371,2026-01-01,Wrong Item,425.57
14725,117379,2024-04-14,Damaged,174.75
14726,117380,2025-12-12,Customer Changed Mind,8.88
14727,117382,2025-04-26,Size Issue,76.56
14728,117391,2024-08-18,Size Issue,136.87
14729,117393,2025-08-02,Damaged,160.84
14730,117404,2025-12-17,Size Issue,728.51
14731,117424,2025-01-02,Late Delivery,23.87
14732,117442,2025-02-04,Wrong Item,285.66
14733,117443,2025-03-03,Damaged,150.21
14734,117450,2024-08-28,Size Issue,277.86
14735,117458,2025-04-29,Late Delivery,268.49
14736,117464,2025-05-01,Customer Changed Mind,443.58
14737,117467,2024-10-25,Customer Changed Mind,210.47
14738,117470,2025-10-15,Poor Quality,700.24
14739,117476,2024-05-27,Damaged,222.76
14740,117482,2025-09-16,Size Issue,214.44
14741,117493,2023-10-09,Size Issue,626.13
14742,117513,2025-05-15,Poor Quality,214.31
14743,117514,2025-06-18,Customer Changed Mind,126.1
14744,117515,2026-01-03,Size Issue,190.09
14745,117520,2024-11-04,Late Delivery,354.55
14746,117542,2024-12-08,Size Issue,626.17
14747,117544,2024-07-08,Poor Quality,420.62
14748,117555,2025-12-20,Damaged,70.79
14749,117556,2025-10-07,Size Issue,53.55
14750,117583,2024-11-25,Poor Quality,71.53
14751,117586,2024-12-02,Customer Changed Mind,53.48
14752,117587,2025-12-19,Poor Quality,370.95
14753,117611,2025-01-06,Late Delivery,240.33
14754,117613,2026-01-16,Customer Changed Mind,167.21
14755,117619,2023-10-17,Wrong Item,74.14
14756,117625,2026-01-04,Damaged,343.59
14757,117627,2025-08-15,Poor Quality,361.22
14758,117632,2024-08-12,Wrong Item,130.45
14759,117634,2025-12-18,Customer Changed Mind,604.9
14760,117638,2024-05-05,Damaged,486.25
14761,117647,2026-01-15,Damaged,236.96
14762,117657,2025-08-02,size issue,264.65
14763,117659,2024-11-19,Wrong Item,373.3
14764,117661,2025-04-21,Damaged,196.5
14765,117662,2024-02-25,Size Issue,77.5
14766,117664,2023-08-05,Damaged,663.54
14767,117667,2025-05-29,Damaged,255.17
14768,117669,2024-04-13,Late Delivery,25.97
14769,117677,2026-01-09,Size Issue,129.95
14770,117679,2026-01-29,Customer Changed Mind,182.5
14771,117680,2026-01-05,Poor Quality,127.69
14772,117702,2025-08-04,Late Delivery,169.91
14773,117711,2023-11-26,Customer Changed Mind,45.46
14774,117714,2024-11-21,Poor Quality,228.14
14775,117726,2023-11-14,Customer Changed Mind,74.95
14776,117727,2025-12-09,Customer Changed Mind,249.28
14777,117731,2024-03-22,Customer Changed Mind,130.11
14778,117734,2024-04-05,Size Issue,51.38
14779,117738,2025-11-13,Size Issue,443.06
14780,117750,2025-04-17,Wrong Item,415.22
14781,117754,2024-03-15,Wrong Item,675.35
14782,117757,2025-01-28,Wrong Item,204.6
14783,117761,2025-05-28,Customer Changed Mind,210.84
14784,117762,2024-09-21,Size Issue,1239.27
14785,117776,2024-01-27,Poor Quality,524.58
14786,117789,2025-05-02,Wrong Item,570.99
14787,117790,2025-06-16,Poor Quality,124.67
14788,117795,2025-03-29,Wrong Item,25.84
14789,117804,2024-05-04,Wrong Item,144.02
14790,117809,2024-09-14,Size Issue,313.66
14791,117827,2025-04-25,Damaged,286.84
14792,117831,2025-01-09,Damaged,181.72
14793,117836,2025-12-03,Size Issue,116.56
14794,117848,2024-02-06,Size Issue,241.14
14795,117854,2025-05-07,Wrong Item,46.12
14796,117869,2024-07-24,Poor Quality,212.01
14797,117873,2025-06-09,Poor Quality,27.42
14798,117876,2024-02-10,Size Issue,40.58
14799,117881,2024-09-15,Damaged,185.59
14800,117883,2025-01-07,Size Issue,173.85
14801,117901,2024-06-08,Size Issue,163.93
14802,117904,2025-04-14,Customer Changed Mind,273.18
14803,117905,2024-09-04,Size Issue,154.54
14804,117922,2025-02-15,Poor Quality,424.71
14805,117924,2024-10-29,Size Issue,27.79
14806,117957,2025-02-25,Damaged,763.27
14807,117967,2024-08-11,Customer Changed Mind,469.98
14808,117973,2026-01-28,Size Issue,297.67
14809,117998,2025-08-08,Size Issue,500.26
14810,118031,2025-03-29,Wrong Item,42.06
14811,118032,2025-10-16,Wrong Item,429.24
14812,118058,2025-08-18,Damaged,55.66
14813,118068,2023-07-31,Size Issue,191.3
14814,118070,2024-03-16,Size Issue,121.41
14815,118076,2024-11-05,Poor Quality,117.59
14816,118082,2025-02-25,Wrong Item,44.34
14817,118098,2026-01-10,Damaged,17.8
14818,118103,2025-05-06,Wrong Item,136.02
14819,118120,2026-01-03,Damaged,99.26
14820,118126,2024-09-22,Wrong Item,88.06
14821,118127,2025-08-30,Poor Quality,40.53
14822,118145,2026-01-03,Wrong Item,224.7
14823,118158,2025-01-21,Late Delivery,41.92
14824,118165,2026-01-26,Size Issue,14.64
14825,118196,2024-10-28,Wrong Item,118.77
14826,118206,2023-11-16,Wrong Item,101.3
14827,118209,2025-04-11,Poor Quality,720.45
14828,118213,2025-01-28,Poor Quality,55.38
14829,118234,2024-06-08,Damaged,187.74
14830,118236,2025-02-07,Customer Changed Mind,174.47
14831,118241,2024-10-20,Customer Changed Mind,219.45
14832,118244,2023-07-11,Poor Quality,227.8
14833,118254,2024-01-26,Size Issue,238.06
14834,118265,2025-12-12,Wrong Item,115.39
14835,118270,2025-12-16,Poor Quality,1178.91
14836,118271,2024-11-13,Customer Changed Mind,186.87
14837,118272,2025-09-03,Damaged,209.59
14838,118273,2025-06-27,Damaged,210.05
14839,118275,2025-02-19,Size Issue,227.31
14840,118278,2024-07-04,Damaged,338.88
14841,118307,2025-03-17,Wrong Item,645.9
14842,118308,2025-03-05,Late Delivery,37.05
14843,118314,2024-12-04,Customer Changed Mind,352.16
14844,118320,2023-09-18,Damaged,512.34
14845,118329,2025-12-18,Customer Changed Mind,14.3
14846,118336,2023-11-30,Size Issue,70.78
14847,118350,2025-03-09,Wrong Item,70.71
14848,118352,2025-12-25,Damaged,250.65
14849,118356,2025-03-24,Late Delivery,104.83
14850,118368,2025-06-17,Customer Changed Mind,92.91
14851,118414,2025-06-25,Wrong Item,187.96
14852,118416,2024-04-26,Late Delivery,146.84
14853,118421,2024-09-22,Late Delivery,251.72
14854,118452,2026-01-21,Late Delivery,359.55
14855,118464,2025-11-28,Poor Quality,144.66
14856,118468,2025-12-03,Damaged,146.36
14857,118472,2025-12-05,Damaged,471.33
14858,118474,2025-10-12,Damaged,35.74
14859,118476,2025-11-23,Size Issue,177.4
14860,118480,2025-10-15,Damaged,104.31
14861,118487,2024-09-06,Size Issue,153.18
14862,118489,2025-10-24,Late Delivery,202.84
14863,118494,2025-07-03,Damaged,87.87
14864,118513,2024-02-11,Size Issue,240.62
14865,118515,2026-01-14,Late Delivery,50.47
14866,118518,2024-02-28,Poor Quality,297.36
14867,118533,2025-10-19,Wrong Item,65.87
14868,118538,2025-08-24,Late Delivery,96.63
14869,118540,2025-01-19,Customer Changed Mind,536.26
14870,118567,2025-11-09,Wrong Item,69.12
14871,118574,2025-08-13,Wrong Item,236.02
14872,118577,2026-01-21,Customer Changed Mind,92.35
14873,118591,2026-01-02,Poor Quality,310.92
14874,118601,2025-11-17,Late Delivery,228.96
14875,118614,2025-09-28,Damaged,494.36
14876,118627,2025-03-17,Late Delivery,26.16
14877,118631,2024-10-19,Size Issue,77.97
14878,118633,2025-07-28,Customer Changed Mind,56.48
14879,118645,2025-11-18,Wrong Item,194.69
14880,118646,2025-02-24,Size Issue,505.38
14881,118658,2023-10-04,Wrong Item,112.25
14882,118659,2025-11-30,Wrong Item,712.89
14883,118665,2024-07-07,Late Delivery,39.27
14884,118676,2025-08-10,Poor Quality,105.09
14885,118677,2025-04-07,Damaged,845.2
14886,118685,2025-12-05,Late Delivery,231.07
14887,118691,2025-03-20,Late Delivery,478.84
14888,118692,2023-12-04,late delivery,46.77
14889,118694,2024-10-27,Poor Quality,438.72
14890,118695,2025-09-02,Wrong Item,192.62
14891,118724,2025-04-30,Size Issue,253.55
14892,118726,2025-09-08,Poor Quality,168.26
14893,118731,2024-12-30,Poor Quality,542.83
14894,118746,2024-11-27,Customer Changed Mind,353.65
14895,118748,2025-06-24,Poor Quality,151.09
14896,118749,2024-12-10,Customer Changed Mind,55.0
14897,118753,2025-10-03,Size Issue,309.88
14898,118754,2025-06-11,Damaged,42.2
14899,118773,2025-12-12,Customer Changed Mind,17.27
14900,118776,2025-07-21,Late Delivery,77.76
14901,118782,2025-04-18,Size Issue,297.95
14902,118785,2026-01-03,Late Delivery,529.3
14903,118802,2025-08-02,Late Delivery,191.35
14904,118807,2025-07-08,Poor Quality,285.69
14905,118810,2025-10-25,Damaged,19.48
14906,118815,2024-06-12,Damaged,47.39
14907,118825,2024-06-05,size issue,391.77
14908,118832,2024-04-06,Wrong Item,220.24
14909,118838,2025-11-02,Damaged,756.3
14910,118839,2025-12-03,Poor Quality,38.43
14911,118843,2024-05-09,Size Issue,124.92
14912,118846,2025-04-17,Size Issue,170.46
14913,118848,2025-10-29,Late Delivery,569.13
14914,118852,2024-04-10,Damaged,187.3
14915,118859,2024-06-08,Size Issue,259.67
14916,118861,2025-08-14,Size Issue,253.61
14917,118862,2025-06-29,Size Issue,278.95
14918,118864,2026-01-29,Size Issue,173.17
14919,118865,2025-10-31,Poor Quality,463.19
14920,118870,2025-12-11,Poor Quality,99.38
14921,118875,2025-11-23,Wrong Item,13.69
14922,118882,2025-11-23,Damaged,41.71
14923,118883,2025-11-28,Size Issue,283.11
14924,118888,2026-01-05,Wrong Item,242.95
14925,118899,2025-12-13,Late Delivery,470.1
14926,118911,2024-08-10,Size Issue,376.51
14927,118914,2025-07-15,Late Delivery,151.49
14928,118922,2025-01-28,Poor Quality,147.88
14929,118934,2025-12-02,Wrong Item,16.49
14930,118937,2026-01-09,Customer Changed Mind,242.05
14931,118950,2025-08-24,Size Issue,70.55
14932,118967,2025-08-23,Size Issue,94.33
14933,118972,2025-12-05,Late Delivery,607.48
14934,118979,2023-07-10,Damaged,28.22
14935,118982,2025-12-05,Late Delivery,169.42
14936,118990,2025-08-25,Wrong Item,74.98
14937,119009,2025-11-09,Damaged,495.57
14938,119013,2025-03-19,Late Delivery,79.41
14939,119016,2024-10-29,Size Issue,55.15
14940,119021,2024-03-20,Late Delivery,526.79
14941,119023,2025-03-12,Poor Quality,108.84
14942,119034,2025-04-22,Size Issue,193.85
14943,119052,2025-03-29,Customer Changed Mind,408.15
14944,119057,2024-08-03,Size Issue,218.43
14945,119060,2023-03-31,Size Issue,141.83
14946,119063,2023-06-01,Damaged,524.26
14947,119068,2024-07-26,Damaged,399.42
14948,119072,2025-01-03,Size Issue,453.61
14949,119074,2025-06-07,Wrong Item,46.85
14950,119077,2024-04-07,Size Issue,171.4
14951,119079,2026-01-17,Size Issue,225.21
14952,119080,2026-01-02,Size Issue,167.74
14953,119083,2024-02-07,Late Delivery,276.68
14954,119085,2024-02-05,Size Issue,335.23
14955,119092,2024-10-27,Customer Changed Mind,76.42
14956,119103,2024-07-26,Damaged,264.21
14957,119117,2025-06-22,Size Issue,139.19
14958,119122,2025-08-17,Customer Changed Mind,227.26
14959,119130,2025-12-13,Late Delivery,648.41
14960,119158,2025-03-11,Size Issue,273.42
14961,119162,2025-11-28,Customer Changed Mind,43.59
14962,119191,2024-09-30,Size Issue,18.2
14963,119206,2025-01-06,Damaged,759.49
14964,119223,2025-12-25,Size Issue,26.48
14965,119227,2024-10-29,Wrong Item,38.64
14966,119232,2025-03-24,Damaged,489.96
14967,119235,2025-12-07,Size Issue,187.84
14968,119245,2025-12-25,Damaged,383.43
14969,119249,2026-01-20,Size Issue,200.51
14970,119252,2024-02-22,Size Issue,747.66
14971,119255,2025-06-05,Late Delivery,90.85
14972,119261,2025-04-24,Size Issue,227.3
14973,119270,2025-11-08,Poor Quality,226.28
14974,119274,2026-01-26,Damaged,675.39
14975,119307,2025-08-05,Customer Changed Mind,180.83
14976,119310,2024-02-04,Customer Changed Mind,581.13
14977,119313,2025-12-28,Size Issue,61.0
14978,119314,2024-08-26,Customer Changed Mind,57.19
14979,119343,2024-07-02,Customer Changed Mind,179.43
14980,119348,2026-01-06,Wrong Item,430.83
14981,119360,2025-12-18,Late Delivery,105.0
14982,119363,2024-08-04,Damaged,181.21
14983,119369,2025-12-05,Poor Quality,43.8
14984,119374,2026-01-08,Wrong Item,245.44
14985,119377,2026-01-20,Size Issue,84.17
14986,119384,2024-11-26,Poor Quality,76.87
14987,119385,2025-12-12,Customer Changed Mind,336.3
14988,119397,2025-11-10,Size Issue,149.77
14989,119405,2025-12-05,Wrong Item,81.89
14990,119415,2025-05-24,Late Delivery,106.76
14991,119438,2025-09-14,Size Issue,517.43
14992,119445,2024-06-13,Poor Quality,107.54
14993,119448,2024-03-27,Size Issue,31.29
14994,119449,2025-01-10,Size Issue,175.79
14995,119458,2024-06-20,Damaged,483.97
14996,119466,2024-04-22,Poor Quality,191.83
14997,119468,2026-01-26,Damaged,368.16
14998,119485,2026-01-20,Size Issue,36.56
14999,119496,2025-12-11,Poor Quality,565.57
15000,119498,2025-02-02,Size Issue,23.2
15001,119499,2026-01-03,Customer Changed Mind,182.75
15002,119510,2025-08-08,Customer Changed Mind,39.15
15003,119527,2025-07-10,Poor Quality,268.01
15004,119537,2026-01-12,Late Delivery,188.95
15005,119539,2024-10-11,Size Issue,35.35
15006,119550,2025-09-06,Size Issue,406.95
15007,119572,2025-12-14,Wrong Item,398.44
15008,119578,2024-12-03,Damaged,73.47
15009,119620,2025-12-13,Poor Quality,83.68
15010,119638,2025-12-11,Size Issue,358.67
15011,119643,2025-01-19,Damaged,431.77
15012,119646,2025-11-26,Size Issue,446.22
15013,119662,2024-05-29,Wrong Item,321.53
15014,119667,2025-08-14,Wrong Item,1090.74
15015,119670,2025-06-28,Size Issue,386.88
15016,119676,2024-11-11,Poor Quality,35.17
15017,119680,2024-11-20,Poor Quality,34.6
15018,119694,2025-03-18,Customer Changed Mind,89.6
15019,119698,2024-07-03,Damaged,34.13
15020,119702,2025-07-04,Size Issue,306.67
15021,119714,2024-08-13,Customer Changed Mind,181.68
15022,119726,2025-05-31,Poor Quality,195.09
15023,119741,2024-12-28,size issue,95.86
15024,119742,2024-03-01,Damaged,187.59
15025,119743,2024-12-27,Size Issue,79.79
15026,119748,2024-12-20,Size Issue,114.76
15027,119753,2025-10-08,Wrong Item,385.68
15028,119763,2025-01-29,Late Delivery,195.33
15029,119768,2025-06-18,Poor Quality,222.56
15030,119773,2026-01-24,Late Delivery,173.92
15031,119791,2025-09-26,Wrong Item,356.54
15032,119807,2023-08-30,Customer Changed Mind,196.88
15033,119811,2025-11-06,Late Delivery,47.27
15034,119812,2025-12-26,Wrong Item,80.62
15035,119845,2024-06-06,Damaged,451.49
15036,119851,2025-12-17,Poor Quality,337.04
15037,119883,2025-01-01,Damaged,198.78
15038,119887,2024-09-20,Damaged,20.28
15039,119888,2025-07-19,Size Issue,156.27
15040,119892,2025-01-09,Wrong Item,80.97
15041,119895,2025-08-20,Damaged,61.1
15042,119911,2025-12-08,Poor Quality,413.59
15043,119912,2023-12-30,customer changed mind,33.2
15044,119914,2025-07-19,Size Issue,490.1
15045,119941,2025-10-24,Size Issue,211.67
15046,119954,2025-10-29,Late Delivery,60.42
15047,119955,2025-03-19,Size Issue,478.23
15048,119986,2025-04-18,Poor Quality,705.13
15049,119988,2025-06-09,size issue,369.42
15050,119993,2023-03-01,Size Issue,100.71
